{
  "uid": "100065849",
  "name": "",
  "level": "",
  "word": "",
  "face": "",
  "card": "",
  "sign": "",
  "info": false,
  "_profile": 1686022681106,
  "avatars": {
    "10000002": {
      "name": "神里绫华",
      "id": 10000002,
      "elem": "cryo",
      "level": 80,
      "promote": 5,
      "fetter": 7,
      "costume": 0,
      "cons": 0,
      "talent": {
        "a": 7,
        "e": 6,
        "q": 7
      },
      "weapon": {
        "name": "斫峰之刃",
        "level": 90,
        "promote": 6,
        "affix": 1
      },
      "artis": {
        "1": {
          "level": 20,
          "star": 5,
          "name": "历经风雪的思念",
          "main": {
            "key": "hpPlus",
            "value": 4780
          },
          "attrs": [
            {
              "key": "cpct",
              "value": 3.5
            },
            {
              "key": "cdmg",
              "value": 24.9
            },
            {
              "key": "defPlus",
              "value": 35
            },
            {
              "key": "atk",
              "value": 5.8
            }
          ]
        },
        "2": {
          "level": 20,
          "star": 5,
          "name": "摧冰而行的执望",
          "main": {
            "key": "atkPlus",
            "value": 311
          },
          "attrs": [
            {
              "key": "cdmg",
              "value": 14.8
            },
            {
              "key": "def",
              "value": 12.4
            },
            {
              "key": "hp",
              "value": 4.7
            },
            {
              "key": "cpct",
              "value": 8.6
            }
          ]
        },
        "3": {
          "level": 20,
          "star": 5,
          "name": "冰雪故园的终期",
          "main": {
            "key": "atk",
            "value": 46.6
          },
          "attrs": [
            {
              "key": "hp",
              "value": 5.3
            },
            {
              "key": "cdmg",
              "value": 11.7
            },
            {
              "key": "cpct",
              "value": 3.1
            },
            {
              "key": "mastery",
              "value": 79
            }
          ]
        },
        "4": {
          "level": 20,
          "star": 5,
          "name": "迷误者之灯",
          "main": {
            "key": "cryo",
            "value": 46.6
          },
          "attrs": [
            {
              "key": "hpPlus",
              "value": 986
            },
            {
              "key": "cdmg",
              "value": 7.8
            },
            {
              "key": "recharge",
              "value": 11
            },
            {
              "key": "cpct",
              "value": 6.2
            }
          ]
        },
        "5": {
          "level": 20,
          "star": 5,
          "name": "破冰踏雪的回音",
          "main": {
            "key": "cdmg",
            "value": 62.2
          },
          "attrs": [
            {
              "key": "atk",
              "value": 15.2
            },
            {
              "key": "cpct",
              "value": 6.2
            },
            {
              "key": "recharge",
              "value": 9.7
            },
            {
              "key": "defPlus",
              "value": 21
            }
          ]
        }
      },
      "_source": "enka",
      "_time": 1675435329038,
      "_update": 1677557575602,
      "_talent": 1677557575602
    },
    "10000016": {
      "name": "迪卢克",
      "id": 10000016,
      "elem": "pyro",
      "level": 90,
      "promote": 6,
      "fetter": 9,
      "costume": 0,
      "cons": 3,
      "talent": {
        "a": 8,
        "e": 6,
        "q": 6
      },
      "weapon": {
        "name": "狼的末路",
        "level": 90,
        "promote": 6,
        "affix": 1
      },
      "artis": {
        "1": {
          "level": 20,
          "star": 5,
          "name": "魔女的炎之花",
          "main": {
            "key": "hpPlus",
            "value": 4780
          },
          "attrs": [
            {
              "key": "cdmg",
              "value": 20.2
            },
            {
              "key": "hp",
              "value": 9.3
            },
            {
              "key": "cpct",
              "value": 7
            },
            {
              "key": "atkPlus",
              "value": 35
            }
          ]
        },
        "2": {
          "level": 20,
          "star": 5,
          "name": "魔女常燃之羽",
          "main": {
            "key": "atkPlus",
            "value": 311
          },
          "attrs": [
            {
              "key": "cpct",
              "value": 3.9
            },
            {
              "key": "recharge",
              "value": 11.7
            },
            {
              "key": "def",
              "value": 13.1
            },
            {
              "key": "cdmg",
              "value": 21
            }
          ]
        },
        "3": {
          "level": 20,
          "star": 5,
          "name": "魔女破灭之时",
          "main": {
            "key": "atk",
            "value": 46.6
          },
          "attrs": [
            {
              "key": "defPlus",
              "value": 37
            },
            {
              "key": "recharge",
              "value": 9.7
            },
            {
              "key": "cpct",
              "value": 5.4
            },
            {
              "key": "cdmg",
              "value": 20.2
            }
          ]
        },
        "4": {
          "level": 20,
          "star": 5,
          "name": "渡火者的醒悟",
          "main": {
            "key": "pyro",
            "value": 46.6
          },
          "attrs": [
            {
              "key": "mastery",
              "value": 54
            },
            {
              "key": "cpct",
              "value": 3.1
            },
            {
              "key": "def",
              "value": 5.1
            },
            {
              "key": "cdmg",
              "value": 20.2
            }
          ]
        },
        "5": {
          "level": 20,
          "star": 5,
          "name": "焦灼的魔女帽",
          "main": {
            "key": "cpct",
            "value": 31.1
          },
          "attrs": [
            {
              "key": "cdmg",
              "value": 14
            },
            {
              "key": "atkPlus",
              "value": 47
            },
            {
              "key": "recharge",
              "value": 5.8
            },
            {
              "key": "hp",
              "value": 10.5
            }
          ]
        }
      },
      "_source": "enka",
      "_time": 1675434574292,
      "_update": 1677557575602,
      "_talent": 1677557575602
    },
    "10000023": {
      "name": "香菱",
      "id": 10000023,
      "elem": "pyro",
      "level": 90,
      "promote": 6,
      "fetter": 10,
      "costume": 0,
      "cons": 6,
      "talent": {
        "a": 4,
        "e": 10,
        "q": 10
      },
      "weapon": {
        "name": "「渔获」",
        "level": 90,
        "promote": 6,
        "affix": 5
      },
      "artis": {
        "1": {
          "level": 20,
          "star": 5,
          "name": "明威之镡",
          "mainId": 14001,
          "attrIds": [
            501061,
            501203,
            501222,
            501232,
            501204,
            501234,
            501222,
            501063
          ]
        },
        "2": {
          "level": 20,
          "star": 5,
          "name": "切落之羽",
          "mainId": 12001,
          "attrIds": [
            501202,
            501222,
            501241,
            501023,
            501202,
            501203,
            501203,
            501022,
            501223
          ]
        },
        "3": {
          "level": 20,
          "star": 5,
          "name": "雷云之笼",
          "mainId": 10007,
          "attrIds": [
            501082,
            501091,
            501223,
            501204,
            501202,
            501094,
            501222,
            501224
          ]
        },
        "4": {
          "level": 20,
          "star": 5,
          "name": "渡火者的醒悟",
          "mainId": 15008,
          "attrIds": [
            501243,
            501202,
            501091,
            501223,
            501224,
            501221,
            501241,
            501241
          ]
        },
        "5": {
          "level": 20,
          "star": 5,
          "name": "华饰之兜",
          "mainId": 13008,
          "attrIds": [
            501054,
            501233,
            501083,
            501023,
            501053,
            501231,
            501022,
            501234,
            501232
          ]
        }
      },
      "_source": "enka",
      "_time": 1686022681106,
      "_update": 1686022681106,
      "_talent": 1686022681106
    },
    "10000030": {
      "name": "钟离",
      "id": 10000030,
      "elem": "geo",
      "level": 90,
      "promote": 6,
      "fetter": 10,
      "costume": 0,
      "cons": 0,
      "talent": {
        "a": 9,
        "e": 10,
        "q": 6
      },
      "weapon": {
        "name": "黑缨枪",
        "level": 90,
        "promote": 6,
        "affix": 5
      },
      "artis": {
        "1": {
          "level": 20,
          "star": 5,
          "name": "勋绩之花",
          "mainId": 14001,
          "attrIds": [
            501201,
            501053,
            501224,
            501032,
            501051,
            501052,
            501223,
            501032,
            501204
          ]
        },
        "2": {
          "level": 16,
          "star": 4,
          "name": "教官的羽饰",
          "mainId": 12001,
          "attrIds": [
            401081,
            401232,
            401241,
            401024,
            401021,
            401082,
            401023
          ]
        },
        "3": {
          "level": 16,
          "star": 4,
          "name": "教官的怀表",
          "mainId": 10002,
          "attrIds": [
            401021,
            401202,
            401234,
            401241,
            401022,
            401234
          ]
        },
        "4": {
          "level": 16,
          "star": 4,
          "name": "教官的茶杯",
          "mainId": 15002,
          "attrIds": [
            401221,
            401083,
            401063,
            401054,
            401222,
            401052,
            401062
          ]
        },
        "5": {
          "level": 16,
          "star": 4,
          "name": "教官的帽子",
          "mainId": 13009,
          "attrIds": [
            401233,
            401094,
            401061,
            401201,
            401091,
            401092
          ]
        }
      },
      "_source": "enka",
      "_time": 1686022681104,
      "_update": 1686022681104,
      "_talent": 1686022681104
    },
    "10000032": {
      "name": "班尼特",
      "id": 10000032,
      "elem": "pyro",
      "level": 90,
      "promote": 6,
      "fetter": 10,
      "costume": 0,
      "cons": 6,
      "talent": {
        "a": 1,
        "e": 4,
        "q": 10
      },
      "weapon": {
        "name": "风鹰剑",
        "level": 90,
        "promote": 6,
        "affix": 1
      },
      "artis": {
        "1": {
          "level": 16,
          "star": 4,
          "name": "教官的胸花",
          "mainId": 14001,
          "attrIds": [
            401204,
            401233,
            401082,
            401053,
            401231,
            401082,
            401231
          ]
        },
        "2": {
          "level": 16,
          "star": 4,
          "name": "教官的羽饰",
          "mainId": 12001,
          "attrIds": [
            401242,
            401233,
            401031,
            401081,
            401231,
            401082
          ]
        },
        "3": {
          "level": 20,
          "star": 5,
          "name": "坚铜罗盘",
          "mainId": 10007,
          "attrIds": [
            501244,
            501024,
            501203,
            501224,
            501203,
            501021,
            501244,
            501224,
            501203
          ]
        },
        "4": {
          "level": 16,
          "star": 4,
          "name": "教官的茶杯",
          "mainId": 15002,
          "attrIds": [
            401051,
            401242,
            401231,
            401062,
            401051,
            401053
          ]
        },
        "5": {
          "level": 16,
          "star": 4,
          "name": "教官的帽子",
          "mainId": 13009,
          "attrIds": [
            401232,
            401094,
            401034,
            401063,
            401233,
            401064
          ]
        }
      },
      "_source": "enka",
      "_time": 1677994103937,
      "_update": 1677994103937,
      "_talent": 1677994103937
    },
    "10000033": {
      "name": "达达利亚",
      "id": 10000033,
      "elem": "hydro",
      "level": 90,
      "promote": 6,
      "fetter": 10,
      "costume": 0,
      "cons": 0,
      "talent": {
        "a": 9,
        "e": 10,
        "q": 10
      },
      "weapon": {
        "name": "冬极白星",
        "level": 90,
        "promote": 6,
        "affix": 1
      },
      "artis": {
        "1": {
          "level": 20,
          "star": 5,
          "name": "乐团的晨光",
          "mainId": 14001,
          "attrIds": [
            501203,
            501033,
            501061,
            501222,
            501222,
            501224,
            501062,
            501204,
            501222
          ]
        },
        "2": {
          "level": 20,
          "star": 5,
          "name": "追忆之风",
          "mainId": 12001,
          "attrIds": [
            501201,
            501224,
            501244,
            501023,
            501221,
            501223,
            501242,
            501224
          ]
        },
        "3": {
          "level": 20,
          "star": 5,
          "name": "坚铜罗盘",
          "mainId": 10004,
          "attrIds": [
            501223,
            501082,
            501242,
            501202,
            501204,
            501242,
            501221,
            501081
          ]
        },
        "4": {
          "level": 20,
          "star": 5,
          "name": "角斗士的酣醉",
          "mainId": 15011,
          "attrIds": [
            501064,
            501222,
            501203,
            501231,
            501061,
            501202,
            501223,
            501203
          ]
        },
        "5": {
          "level": 20,
          "star": 5,
          "name": "指挥的礼帽",
          "mainId": 13008,
          "attrIds": [
            501232,
            501203,
            501054,
            501022,
            501204,
            501204,
            501204,
            501024
          ]
        }
      },
      "_source": "enka",
      "_time": 1686022681105,
      "_update": 1686022681105,
      "_talent": 1686022681105
    },
    "10000037": {
      "name": "甘雨",
      "id": 10000037,
      "elem": "cryo",
      "level": 90,
      "promote": 6,
      "fetter": 10,
      "costume": 0,
      "cons": 0,
      "talent": {
        "a": 10,
        "e": 7,
        "q": 8
      },
      "weapon": {
        "name": "冬极白星",
        "level": 90,
        "promote": 6,
        "affix": 1
      },
      "artis": {
        "1": {
          "level": 20,
          "star": 5,
          "name": "乐团的晨光",
          "main": {
            "key": "hpPlus",
            "value": 4780
          },
          "attrs": [
            {
              "key": "cpct",
              "value": 7.4
            },
            {
              "key": "hp",
              "value": 5.3
            },
            {
              "key": "atk",
              "value": 8.7
            },
            {
              "key": "cdmg",
              "value": 26.4
            }
          ]
        },
        "2": {
          "level": 20,
          "star": 5,
          "name": "琴师的箭羽",
          "main": {
            "key": "atkPlus",
            "value": 311
          },
          "attrs": [
            {
              "key": "defPlus",
              "value": 39
            },
            {
              "key": "cdmg",
              "value": 25.7
            },
            {
              "key": "cpct",
              "value": 5.8
            },
            {
              "key": "recharge",
              "value": 4.5
            }
          ]
        },
        "3": {
          "level": 20,
          "star": 5,
          "name": "终幕的时计",
          "main": {
            "key": "atk",
            "value": 46.6
          },
          "attrs": [
            {
              "key": "cpct",
              "value": 9.7
            },
            {
              "key": "cdmg",
              "value": 7.8
            },
            {
              "key": "mastery",
              "value": 35
            },
            {
              "key": "hpPlus",
              "value": 508
            }
          ]
        },
        "4": {
          "level": 20,
          "star": 5,
          "name": "迷误者之灯",
          "main": {
            "key": "cryo",
            "value": 46.6
          },
          "attrs": [
            {
              "key": "hpPlus",
              "value": 986
            },
            {
              "key": "cdmg",
              "value": 7.8
            },
            {
              "key": "recharge",
              "value": 11
            },
            {
              "key": "cpct",
              "value": 6.2
            }
          ]
        },
        "5": {
          "level": 20,
          "star": 5,
          "name": "指挥的礼帽",
          "main": {
            "key": "cpct",
            "value": 31.1
          },
          "attrs": [
            {
              "key": "recharge",
              "value": 5.8
            },
            {
              "key": "hpPlus",
              "value": 657
            },
            {
              "key": "atk",
              "value": 8.2
            },
            {
              "key": "cdmg",
              "value": 21
            }
          ]
        }
      },
      "_source": "enka",
      "_time": 1675504445132,
      "_update": 1677557575603,
      "_talent": 1677557575603
    },
    "10000041": {
      "name": "莫娜",
      "id": 10000041,
      "elem": "hydro",
      "level": 70,
      "promote": 5,
      "fetter": 6,
      "costume": 0,
      "cons": 4,
      "talent": {
        "a": 1,
        "e": 4,
        "q": 8
      },
      "weapon": {
        "name": "讨龙英杰谭",
        "level": 20,
        "promote": 1,
        "affix": 5
      },
      "artis": {
        "1": {
          "level": 20,
          "star": 5,
          "name": "明威之镡",
          "mainId": 14001,
          "attrIds": [
            501233,
            501202,
            501052,
            501244,
            501203,
            501234,
            501244,
            501203,
            501244
          ]
        },
        "2": {
          "level": 20,
          "star": 5,
          "name": "切落之羽",
          "mainId": 12001,
          "attrIds": [
            501233,
            501201,
            501221,
            501034,
            501234,
            501223,
            501201,
            501234,
            501234
          ]
        },
        "3": {
          "level": 20,
          "star": 5,
          "name": "雷云之笼",
          "mainId": 10007,
          "attrIds": [
            501034,
            501051,
            501082,
            501221,
            501221,
            501221,
            501224,
            501033
          ]
        },
        "4": {
          "level": 20,
          "star": 5,
          "name": "沉波之盏",
          "mainId": 15011,
          "attrIds": [
            501052,
            501203,
            501231,
            501082,
            501082,
            501203,
            501054,
            501053
          ]
        },
        "5": {
          "level": 20,
          "star": 5,
          "name": "宗室面具",
          "mainId": 13008,
          "attrIds": [
            501084,
            501201,
            501053,
            501034,
            501054,
            501084,
            501203,
            501081
          ]
        }
      },
      "_source": "enka",
      "_time": 1686022681104,
      "_update": 1686022681104,
      "_talent": 1686022681104
    },
    "10000046": {
      "name": "胡桃",
      "id": 10000046,
      "elem": "pyro",
      "level": 90,
      "promote": 6,
      "fetter": 10,
      "costume": 0,
      "cons": 0,
      "talent": {
        "a": 10,
        "e": 10,
        "q": 10
      },
      "weapon": {
        "name": "护摩之杖",
        "level": 90,
        "promote": 6,
        "affix": 1
      },
      "artis": {
        "1": {
          "level": 20,
          "star": 5,
          "name": "羁缠之花",
          "mainId": 14001,
          "attrIds": [
            501034,
            501224,
            501204,
            501083,
            501222,
            501222,
            501203,
            501223
          ]
        },
        "2": {
          "level": 20,
          "star": 5,
          "name": "思忆之矢",
          "mainId": 12001,
          "attrIds": [
            501022,
            501203,
            501244,
            501221,
            501244,
            501224,
            501201,
            501224,
            501222
          ]
        },
        "3": {
          "level": 20,
          "star": 5,
          "name": "朝露之时",
          "mainId": 10002,
          "attrIds": [
            501062,
            501224,
            501202,
            501241,
            501201,
            501063,
            501203,
            501201
          ]
        },
        "4": {
          "level": 20,
          "star": 5,
          "name": "吟游者之壶",
          "mainId": 15008,
          "attrIds": [
            501062,
            501203,
            501053,
            501223,
            501221,
            501221,
            501204,
            501204,
            501064
          ]
        },
        "5": {
          "level": 20,
          "star": 5,
          "name": "无常之面",
          "mainId": 13007,
          "attrIds": [
            501241,
            501221,
            501063,
            501052,
            501053,
            501064,
            501221,
            501244
          ]
        }
      },
      "_source": "enka",
      "_time": 1686022681104,
      "_update": 1686022681104,
      "_talent": 1686022681104
    },
    "10000047": {
      "name": "枫原万叶",
      "id": 10000047,
      "elem": "anemo",
      "level": 90,
      "promote": 6,
      "fetter": 10,
      "costume": 0,
      "cons": 0,
      "talent": {
        "a": 8,
        "e": 8,
        "q": 8
      },
      "weapon": {
        "name": "铁蜂刺",
        "level": 90,
        "promote": 6,
        "affix": 5
      },
      "artis": {
        "1": {
          "level": 20,
          "star": 5,
          "name": "野花记忆的绿野",
          "mainId": 14001,
          "attrIds": [
            501063,
            501234,
            501034,
            501083,
            501063,
            501233,
            501234,
            501033,
            501234
          ]
        },
        "2": {
          "level": 20,
          "star": 5,
          "name": "猎人青翠的箭羽",
          "mainId": 12001,
          "attrIds": [
            501221,
            501021,
            501031,
            501244,
            501023,
            501244,
            501034,
            501034
          ]
        },
        "3": {
          "level": 20,
          "star": 5,
          "name": "翠绿猎人的笃定",
          "mainId": 10008,
          "attrIds": [
            501094,
            501221,
            501034,
            501204,
            501031,
            501034,
            501203,
            501202
          ]
        },
        "4": {
          "level": 20,
          "star": 5,
          "name": "翠绿猎人的容器",
          "mainId": 15007,
          "attrIds": [
            501084,
            501021,
            501204,
            501063,
            501063,
            501083,
            501203,
            501083
          ]
        },
        "5": {
          "level": 20,
          "star": 5,
          "name": "将帅兜鍪",
          "mainId": 13010,
          "attrIds": [
            501033,
            501222,
            501093,
            501231,
            501221,
            501224,
            501224,
            501233
          ]
        }
      },
      "_source": "enka",
      "_time": 1677994103936,
      "_update": 1677994103936,
      "_talent": 1677994103936
    },
    "10000049": {
      "name": "宵宫",
      "id": 10000049,
      "elem": "pyro",
      "level": 80,
      "promote": 5,
      "fetter": 3,
      "costume": 0,
      "cons": 0,
      "talent": {
        "a": 8,
        "e": 8,
        "q": 4
      },
      "weapon": {
        "name": "冬极白星",
        "level": 90,
        "promote": 6,
        "affix": 1
      },
      "artis": {
        "1": {
          "level": 20,
          "star": 5,
          "name": "羁缠之花",
          "main": {
            "key": "hpPlus",
            "value": 4780
          },
          "attrs": [
            {
              "key": "hp",
              "value": 5.8
            },
            {
              "key": "cdmg",
              "value": 27.2
            },
            {
              "key": "cpct",
              "value": 7.4
            },
            {
              "key": "defPlus",
              "value": 21
            }
          ]
        },
        "2": {
          "level": 20,
          "star": 5,
          "name": "思忆之矢",
          "main": {
            "key": "atkPlus",
            "value": 311
          },
          "attrs": [
            {
              "key": "hpPlus",
              "value": 239
            },
            {
              "key": "cpct",
              "value": 6.2
            },
            {
              "key": "mastery",
              "value": 47
            },
            {
              "key": "cdmg",
              "value": 27.2
            }
          ]
        },
        "3": {
          "level": 20,
          "star": 5,
          "name": "朝露之时",
          "main": {
            "key": "atk",
            "value": 46.6
          },
          "attrs": [
            {
              "key": "defPlus",
              "value": 37
            },
            {
              "key": "recharge",
              "value": 10.4
            },
            {
              "key": "cpct",
              "value": 3.5
            },
            {
              "key": "cdmg",
              "value": 21
            }
          ]
        },
        "4": {
          "level": 20,
          "star": 5,
          "name": "渡火者的醒悟",
          "main": {
            "key": "pyro",
            "value": 46.6
          },
          "attrs": [
            {
              "key": "mastery",
              "value": 54
            },
            {
              "key": "cpct",
              "value": 3.1
            },
            {
              "key": "def",
              "value": 5.1
            },
            {
              "key": "cdmg",
              "value": 20.2
            }
          ]
        },
        "5": {
          "level": 20,
          "star": 5,
          "name": "无常之面",
          "main": {
            "key": "cdmg",
            "value": 62.2
          },
          "attrs": [
            {
              "key": "hpPlus",
              "value": 448
            },
            {
              "key": "hp",
              "value": 13.4
            },
            {
              "key": "cpct",
              "value": 6.6
            },
            {
              "key": "defPlus",
              "value": 35
            }
          ]
        }
      },
      "_source": "enka",
      "_time": 1675435329040,
      "_update": 1677557575604,
      "_talent": 1677557575604
    },
    "10000052": {
      "name": "雷电将军",
      "id": 10000052,
      "elem": "electro",
      "level": 90,
      "promote": 6,
      "fetter": 10,
      "costume": 0,
      "cons": 0,
      "talent": {
        "a": 4,
        "e": 7,
        "q": 10
      },
      "weapon": {
        "name": "护摩之杖",
        "level": 90,
        "promote": 6,
        "affix": 1
      },
      "artis": {
        "1": {
          "level": 20,
          "star": 5,
          "name": "明威之镡",
          "main": {
            "key": "hpPlus",
            "value": 4780
          },
          "attrs": [
            {
              "key": "atkPlus",
              "value": 27
            },
            {
              "key": "mastery",
              "value": 65
            },
            {
              "key": "cdmg",
              "value": 22.5
            },
            {
              "key": "cpct",
              "value": 3.9
            }
          ]
        },
        "2": {
          "level": 20,
          "star": 5,
          "name": "切落之羽",
          "main": {
            "key": "atkPlus",
            "value": 311
          },
          "attrs": [
            {
              "key": "cpct",
              "value": 13.2
            },
            {
              "key": "cdmg",
              "value": 13.2
            },
            {
              "key": "mastery",
              "value": 16
            },
            {
              "key": "hpPlus",
              "value": 508
            }
          ]
        },
        "3": {
          "level": 20,
          "star": 5,
          "name": "雷云之笼",
          "main": {
            "key": "recharge",
            "value": 51.8
          },
          "attrs": [
            {
              "key": "defPlus",
              "value": 19
            },
            {
              "key": "def",
              "value": 12.4
            },
            {
              "key": "cdmg",
              "value": 21
            },
            {
              "key": "cpct",
              "value": 7
            }
          ]
        },
        "4": {
          "level": 20,
          "star": 5,
          "name": "祈望之心",
          "main": {
            "key": "atk",
            "value": 46.6
          },
          "attrs": [
            {
              "key": "atkPlus",
              "value": 39
            },
            {
              "key": "cpct",
              "value": 14
            },
            {
              "key": "recharge",
              "value": 5.8
            },
            {
              "key": "cdmg",
              "value": 14
            }
          ]
        },
        "5": {
          "level": 20,
          "star": 5,
          "name": "华饰之兜",
          "main": {
            "key": "cpct",
            "value": 31.1
          },
          "attrs": [
            {
              "key": "recharge",
              "value": 10.4
            },
            {
              "key": "mastery",
              "value": 42
            },
            {
              "key": "hp",
              "value": 9.9
            },
            {
              "key": "cdmg",
              "value": 17.9
            }
          ]
        }
      },
      "_source": "enka",
      "_time": 1675435329041,
      "_update": 1677557575605,
      "_talent": 1677557575605
    },
    "10000060": {
      "name": "夜兰",
      "id": 10000060,
      "elem": "hydro",
      "level": 90,
      "promote": 6,
      "fetter": 10,
      "costume": 0,
      "cons": 2,
      "talent": {
        "a": 6,
        "e": 10,
        "q": 10
      },
      "weapon": {
        "name": "西风猎弓",
        "level": 90,
        "promote": 6,
        "affix": 5
      },
      "artis": {
        "1": {
          "level": 20,
          "star": 5,
          "name": "明威之镡",
          "mainId": 14001,
          "attrIds": [
            501223,
            501231,
            501051,
            501203,
            501203,
            501203,
            501204,
            501232
          ]
        },
        "2": {
          "level": 20,
          "star": 5,
          "name": "切落之羽",
          "mainId": 12001,
          "attrIds": [
            501021,
            501201,
            501224,
            501244,
            501222,
            501221,
            501221,
            501203
          ]
        },
        "3": {
          "level": 20,
          "star": 5,
          "name": "雷云之笼",
          "mainId": 10002,
          "attrIds": [
            501221,
            501231,
            501204,
            501053,
            501052,
            501223,
            501203,
            501223,
            501234
          ]
        },
        "4": {
          "level": 20,
          "star": 5,
          "name": "绯花之壶",
          "mainId": 15011,
          "attrIds": [
            501062,
            501053,
            501033,
            501204,
            501033,
            501202,
            501204,
            501202
          ]
        },
        "5": {
          "level": 20,
          "star": 5,
          "name": "不动玄石之相",
          "mainId": 13008,
          "attrIds": [
            501092,
            501021,
            501202,
            501051,
            501202,
            501202,
            501023,
            501201,
            501092
          ]
        }
      },
      "_source": "enka",
      "_time": 1686022681103,
      "_update": 1686022681103,
      "_talent": 1686022681103
    },
    "10000066": {
      "name": "神里绫人",
      "id": 10000066,
      "elem": "hydro",
      "level": 90,
      "promote": 6,
      "fetter": 10,
      "costume": 0,
      "cons": 2,
      "talent": {
        "a": 1,
        "e": 10,
        "q": 9
      },
      "weapon": {
        "name": "波乱月白经津",
        "level": 90,
        "promote": 6,
        "affix": 1
      },
      "artis": {
        "1": {
          "level": 20,
          "star": 5,
          "name": "羁缠之花",
          "mainId": 14001,
          "attrIds": [
            501221,
            501202,
            501031,
            501094,
            501222,
            501223,
            501224,
            501204
          ]
        },
        "2": {
          "level": 20,
          "star": 5,
          "name": "思忆之矢",
          "mainId": 12001,
          "attrIds": [
            501024,
            501204,
            501222,
            501084,
            501203,
            501201,
            501203,
            501202
          ]
        },
        "3": {
          "level": 20,
          "star": 5,
          "name": "朝露之时",
          "mainId": 10004,
          "attrIds": [
            501082,
            501231,
            501203,
            501224,
            501233,
            501223,
            501082,
            501222
          ]
        },
        "4": {
          "level": 20,
          "star": 5,
          "name": "渡火者的醒悟",
          "mainId": 15011,
          "attrIds": [
            501203,
            501081,
            501224,
            501052,
            501051,
            501054,
            501204,
            501054,
            501222
          ]
        },
        "5": {
          "level": 20,
          "star": 5,
          "name": "无常之面",
          "mainId": 13008,
          "attrIds": [
            501022,
            501031,
            501201,
            501081,
            501082,
            501021,
            501033,
            501204,
            501031
          ]
        }
      },
      "_source": "enka",
      "_time": 1686022681105,
      "_update": 1686022681105,
      "_talent": 1686022681105
    },
    "10000073": {
      "name": "纳西妲",
      "id": 10000073,
      "elem": "dendro",
      "level": 90,
      "promote": 6,
      "fetter": 7,
      "costume": 0,
      "cons": 1,
      "talent": {
        "a": 1,
        "e": 10,
        "q": 9
      },
      "weapon": {
        "name": "流浪乐章",
        "level": 90,
        "promote": 6,
        "affix": 5
      },
      "artis": {
        "1": {
          "level": 20,
          "star": 5,
          "name": "迷宫的游人",
          "mainId": 14001,
          "attrIds": [
            501203,
            501081,
            501222,
            501233,
            501234,
            501083,
            501201,
            501081
          ]
        },
        "2": {
          "level": 20,
          "star": 5,
          "name": "翠蔓的智者",
          "mainId": 12001,
          "attrIds": [
            501062,
            501221,
            501094,
            501034,
            501033,
            501223,
            501222,
            501223
          ]
        },
        "3": {
          "level": 20,
          "star": 5,
          "name": "贤智的定期",
          "mainId": 10008,
          "attrIds": [
            501234,
            501054,
            501202,
            501061,
            501063,
            501062,
            501204,
            501202
          ]
        },
        "4": {
          "level": 20,
          "star": 5,
          "name": "迷误者之灯",
          "mainId": 15007,
          "attrIds": [
            501023,
            501061,
            501231,
            501084,
            501233,
            501063,
            501232,
            501062
          ]
        },
        "5": {
          "level": 20,
          "star": 5,
          "name": "破冰踏雪的回音",
          "mainId": 13010,
          "attrIds": [
            501063,
            501033,
            501223,
            501024,
            501062,
            501222,
            501222,
            501032,
            501024
          ]
        }
      },
      "_source": "enka",
      "_time": 1686022681105,
      "_update": 1686022681105,
      "_talent": 1686022681105
    }
  }
}