{
  "uid": "108738113",
  "name": "",
  "level": "",
  "word": "",
  "face": "",
  "card": "",
  "sign": "",
  "info": false,
  "_mys": 1680661974209,
  "_profile": 1685965392791,
  "avatars": {
    "10000003": {
      "name": "琴",
      "id": 10000003,
      "elem": "anemo",
      "level": 90,
      "promote": 6,
      "fetter": 9,
      "costume": 0,
      "cons": 0,
      "talent": {
        "a": 1,
        "e": 7,
        "q": 7
      },
      "weapon": {
        "name": "风鹰剑",
        "level": 90,
        "promote": 6,
        "affix": 1
      },
      "artis": {
        "1": {
          "level": 20,
          "star": 5,
          "name": "生灵之华",
          "mainId": 14001,
          "attrIds": [
            501052,
            501204,
            501083,
            501223,
            501224,
            501224,
            501224,
            501081,
            501203
          ]
        },
        "2": {
          "level": 20,
          "star": 5,
          "name": "潜光片羽",
          "mainId": 12001,
          "attrIds": [
            501223,
            501094,
            501204,
            501062,
            501201,
            501223,
            501061,
            501201,
            501093
          ]
        },
        "3": {
          "level": 20,
          "star": 5,
          "name": "角斗士的希冀",
          "mainId": 10004,
          "attrIds": [
            501222,
            501241,
            501031,
            501081,
            501241,
            501223,
            501083,
            501224
          ]
        },
        "4": {
          "level": 20,
          "star": 5,
          "name": "角斗士的酣醉",
          "mainId": 15012,
          "attrIds": [
            501224,
            501241,
            501033,
            501094,
            501094,
            501223,
            501221,
            501092
          ]
        },
        "5": {
          "level": 20,
          "star": 5,
          "name": "角斗士的凯旋",
          "mainId": 13007,
          "attrIds": [
            501091,
            501062,
            501233,
            501053,
            501054,
            501092,
            501234,
            501051
          ]
        }
      },
      "_source": "enka",
      "_time": 1682169442014,
      "_update": 1682169442014,
      "_talent": 1682169442014
    },
    "10000007": {
      "name": "荧",
      "id": 10000007,
      "elem": "dendro",
      "level": 90,
      "promote": 6,
      "fetter": 1,
      "costume": 0,
      "cons": 6,
      "talent": {
        "a": 1,
        "e": 2,
        "q": 7
      },
      "weapon": {
        "name": "西风剑",
        "level": 70,
        "promote": 4,
        "affix": 5
      },
      "artis": {
        "1": {
          "level": 20,
          "star": 5,
          "name": "明威之镡",
          "mainId": 14001,
          "attrIds": [
            501062,
            501051,
            501204,
            501242,
            501244,
            501243,
            501244,
            501243
          ]
        },
        "2": {
          "level": 20,
          "star": 5,
          "name": "裁断的翎羽",
          "mainId": 12001,
          "attrIds": [
            501222,
            501022,
            501233,
            501243,
            501021,
            501243,
            501222,
            501224,
            501224
          ]
        },
        "3": {
          "level": 20,
          "star": 5,
          "name": "沉金的岁月",
          "mainId": 10008,
          "attrIds": [
            501062,
            501021,
            501222,
            501202,
            501204,
            501022,
            501204,
            501201
          ]
        },
        "4": {
          "level": 20,
          "star": 5,
          "name": "角斗士的酣醉",
          "mainId": 15007,
          "attrIds": [
            501054,
            501221,
            501232,
            501201,
            501224,
            501233,
            501221,
            501054,
            501231
          ]
        },
        "5": {
          "level": 20,
          "star": 5,
          "name": "华饰之兜",
          "mainId": 13008,
          "attrIds": [
            501032,
            501054,
            501201,
            501093,
            501203,
            501204,
            501034,
            501034
          ]
        }
      },
      "_source": "enka",
      "_time": 1682169442015,
      "_update": 1682169442015,
      "_talent": 1682169442015
    },
    "10000023": {
      "name": "香菱",
      "id": 10000023,
      "elem": "pyro",
      "level": 90,
      "promote": 6,
      "fetter": 9,
      "costume": 0,
      "cons": 6,
      "talent": {
        "a": 1,
        "e": 5,
        "q": 10
      },
      "weapon": {
        "name": "「渔获」",
        "level": 90,
        "promote": 6,
        "affix": 5
      },
      "artis": {
        "1": {
          "level": 20,
          "star": 5,
          "name": "明威之镡",
          "mainId": 14001,
          "attrIds": [
            501204,
            501083,
            501244,
            501224,
            501083,
            501243,
            501204,
            501224
          ]
        },
        "2": {
          "level": 20,
          "star": 5,
          "name": "琴师的箭羽",
          "mainId": 12001,
          "attrIds": [
            501231,
            501202,
            501223,
            501063,
            501221,
            501224,
            501062,
            501232,
            501221
          ]
        },
        "3": {
          "level": 20,
          "star": 5,
          "name": "雷云之笼",
          "mainId": 10007,
          "attrIds": [
            501222,
            501052,
            501081,
            501091,
            501094,
            501093,
            501222,
            501083,
            501094
          ]
        },
        "4": {
          "level": 20,
          "star": 5,
          "name": "绯花之壶",
          "mainId": 15008,
          "attrIds": [
            501223,
            501203,
            501024,
            501234,
            501222,
            501204,
            501224,
            501203,
            501232
          ]
        },
        "5": {
          "level": 20,
          "star": 5,
          "name": "华饰之兜",
          "mainId": 13007,
          "attrIds": [
            501022,
            501221,
            501051,
            501082,
            501052,
            501222,
            501081,
            501054
          ]
        }
      },
      "_source": "enka",
      "_time": 1681535298844,
      "_update": 1681535298844,
      "_talent": 1681535298844
    },
    "10000025": {
      "name": "行秋",
      "id": 10000025,
      "elem": "hydro",
      "level": 90,
      "promote": 6,
      "fetter": 5,
      "costume": 0,
      "cons": 6,
      "talent": {
        "a": 1,
        "e": 9,
        "q": 10
      },
      "weapon": {
        "name": "祭礼剑",
        "level": 90,
        "promote": 6,
        "affix": 3
      },
      "artis": {
        "1": {
          "level": 20,
          "star": 5,
          "name": "饰金胸花",
          "mainId": 14001,
          "attrIds": [
            501033,
            501223,
            501083,
            501202,
            501221,
            501223,
            501082,
            501221,
            501081
          ]
        },
        "2": {
          "level": 20,
          "star": 5,
          "name": "思忆之矢",
          "mainId": 12001,
          "attrIds": [
            501093,
            501203,
            501222,
            501232,
            501222,
            501204,
            501091,
            501203
          ]
        },
        "3": {
          "level": 20,
          "star": 5,
          "name": "沉金的岁月",
          "mainId": 10004,
          "attrIds": [
            501084,
            501022,
            501222,
            501201,
            501201,
            501082,
            501222,
            501224
          ]
        },
        "4": {
          "level": 20,
          "star": 5,
          "name": "祈望之心",
          "mainId": 15011,
          "attrIds": [
            501224,
            501022,
            501201,
            501094,
            501201,
            501024,
            501201,
            501204
          ]
        },
        "5": {
          "level": 20,
          "star": 5,
          "name": "酒渍船帽",
          "mainId": 13007,
          "attrIds": [
            501243,
            501223,
            501032,
            501084,
            501224,
            501033,
            501082,
            501242
          ]
        }
      },
      "_source": "enka",
      "_time": 1681535298847,
      "_update": 1681535298847,
      "_talent": 1681535298847
    },
    "10000026": {
      "name": "魈",
      "id": 10000026,
      "elem": "anemo",
      "level": 90,
      "promote": 6,
      "fetter": 10,
      "costume": 0,
      "cons": 1,
      "talent": {
        "a": 10,
        "e": 9,
        "q": 10
      },
      "weapon": {
        "name": "和璞鸢",
        "level": 90,
        "promote": 6,
        "affix": 1
      },
      "artis": {
        "1": {
          "level": 20,
          "star": 5,
          "name": "生灵之华",
          "mainId": 14001,
          "attrIds": [
            501061,
            501202,
            501231,
            501222,
            501202,
            501204,
            501224,
            501224
          ]
        },
        "2": {
          "level": 20,
          "star": 5,
          "name": "潜光片羽",
          "mainId": 12001,
          "attrIds": [
            501022,
            501201,
            501081,
            501223,
            501222,
            501081,
            501223,
            501202,
            501223
          ]
        },
        "3": {
          "level": 20,
          "star": 5,
          "name": "阳辔之遗",
          "mainId": 10004,
          "attrIds": [
            501224,
            501241,
            501201,
            501091,
            501202,
            501201,
            501202,
            501244
          ]
        },
        "4": {
          "level": 20,
          "star": 5,
          "name": "结契之刻",
          "mainId": 15012,
          "attrIds": [
            501032,
            501222,
            501052,
            501081,
            501051,
            501222,
            501033,
            501034
          ]
        },
        "5": {
          "level": 20,
          "star": 5,
          "name": "无常之面",
          "mainId": 13008,
          "attrIds": [
            501022,
            501202,
            501032,
            501062,
            501201,
            501201,
            501204,
            501064
          ]
        }
      },
      "_source": "enka",
      "_time": 1682169442016,
      "_update": 1682169442016,
      "_talent": 1682169442016
    },
    "10000030": {
      "name": "钟离",
      "id": 10000030,
      "elem": "geo",
      "level": 90,
      "promote": 6,
      "fetter": 10,
      "costume": 0,
      "cons": 0,
      "talent": {
        "a": 1,
        "e": 9,
        "q": 9
      },
      "weapon": {
        "name": "决斗之枪",
        "level": 90,
        "promote": 6,
        "affix": 2
      },
      "artis": {
        "1": {
          "level": 20,
          "star": 5,
          "name": "宗室之花",
          "mainId": 14001,
          "attrIds": [
            501223,
            501203,
            501082,
            501063,
            501061,
            501201,
            501223,
            501062
          ]
        },
        "2": {
          "level": 20,
          "star": 5,
          "name": "昭武翎羽",
          "mainId": 12001,
          "attrIds": [
            501022,
            501222,
            501064,
            501083,
            501223,
            501224,
            501221,
            501023,
            501023
          ]
        },
        "3": {
          "level": 20,
          "star": 5,
          "name": "宗室时计",
          "mainId": 10002,
          "attrIds": [
            501054,
            501081,
            501221,
            501202,
            501223,
            501053,
            501222,
            501051,
            501202
          ]
        },
        "4": {
          "level": 20,
          "star": 5,
          "name": "超越之盏",
          "mainId": 15013,
          "attrIds": [
            501223,
            501052,
            501201,
            501034,
            501222,
            501222,
            501223,
            501201
          ]
        },
        "5": {
          "level": 20,
          "star": 5,
          "name": "将帅兜鍪",
          "mainId": 13008,
          "attrIds": [
            501202,
            501092,
            501023,
            501242,
            501024,
            501204,
            501243,
            501204
          ]
        }
      },
      "_source": "enka",
      "_time": 1685965392789,
      "_update": 1685965392789,
      "_talent": 1685965392789
    },
    "10000031": {
      "name": "菲谢尔",
      "id": 10000031,
      "elem": "electro",
      "level": 90,
      "promote": 6,
      "fetter": 3,
      "costume": 203101,
      "cons": 6,
      "talent": {
        "a": 2,
        "e": 9,
        "q": 9
      },
      "weapon": {
        "name": "绝弦",
        "level": 90,
        "promote": 6,
        "affix": 3
      },
      "artis": {
        "1": {
          "level": 20,
          "star": 5,
          "name": "羁缠之花",
          "mainId": 14001,
          "attrIds": [
            501203,
            501064,
            501052,
            501222,
            501203,
            501202,
            501223,
            501222
          ]
        },
        "2": {
          "level": 20,
          "star": 5,
          "name": "裁断的翎羽",
          "mainId": 12001,
          "attrIds": [
            501032,
            501204,
            501061,
            501223,
            501204,
            501221,
            501222,
            501221,
            501224
          ]
        },
        "3": {
          "level": 20,
          "star": 5,
          "name": "宗室时计",
          "mainId": 10004,
          "attrIds": [
            501242,
            501204,
            501051,
            501222,
            501244,
            501243,
            501053,
            501223
          ]
        },
        "4": {
          "level": 20,
          "star": 5,
          "name": "祈望之心",
          "mainId": 15009,
          "attrIds": [
            501021,
            501053,
            501204,
            501224,
            501222,
            501054,
            501222,
            501051
          ]
        },
        "5": {
          "level": 20,
          "star": 5,
          "name": "指挥的礼帽",
          "mainId": 13007,
          "attrIds": [
            501081,
            501222,
            501051,
            501022,
            501224,
            501221,
            501021,
            501023
          ]
        }
      },
      "_source": "enka",
      "_time": 1681535298846,
      "_update": 1681535298846,
      "_talent": 1681535298846
    },
    "10000032": {
      "name": "班尼特",
      "id": 10000032,
      "elem": "pyro",
      "level": 90,
      "promote": 6,
      "fetter": 10,
      "costume": 0,
      "cons": 6,
      "talent": {
        "a": 1,
        "e": 1,
        "q": 10
      },
      "weapon": {
        "name": "天空之刃",
        "level": 90,
        "promote": 6,
        "affix": 1
      },
      "artis": {
        "1": {
          "level": 20,
          "star": 5,
          "name": "宗室之花",
          "mainId": 14001,
          "attrIds": [
            501092,
            501032,
            501084,
            501233,
            501083,
            501081,
            501034,
            501233
          ]
        },
        "2": {
          "level": 20,
          "star": 5,
          "name": "宗室之翎",
          "mainId": 12001,
          "attrIds": [
            501061,
            501033,
            501234,
            501084,
            501032,
            501234,
            501082,
            501034,
            501062
          ]
        },
        "3": {
          "level": 20,
          "star": 5,
          "name": "宗室时计",
          "mainId": 10007,
          "attrIds": [
            501243,
            501223,
            501051,
            501061,
            501064,
            501062,
            501061,
            501053
          ]
        },
        "4": {
          "level": 20,
          "star": 5,
          "name": "宗室银瓮",
          "mainId": 15002,
          "attrIds": [
            501084,
            501023,
            501233,
            501242,
            501083,
            501241,
            501023,
            501083
          ]
        },
        "5": {
          "level": 20,
          "star": 5,
          "name": "角斗士的凯旋",
          "mainId": 13009,
          "attrIds": [
            501234,
            501034,
            501054,
            501242,
            501232,
            501234,
            501054,
            501052
          ]
        }
      },
      "_source": "enka",
      "_time": 1681535298848,
      "_update": 1681535298848,
      "_talent": 1681535298848
    },
    "10000033": {
      "name": "达达利亚",
      "id": 10000033,
      "elem": "hydro",
      "level": 90,
      "promote": 6,
      "fetter": 10,
      "costume": 0,
      "cons": 0,
      "talent": {
        "a": 6,
        "e": 10,
        "q": 10
      },
      "weapon": {
        "name": "飞雷之弦振",
        "level": 90,
        "promote": 6,
        "affix": 1
      },
      "artis": {
        "1": {
          "level": 20,
          "star": 5,
          "name": "角斗士的留恋",
          "mainId": 14001,
          "attrIds": [
            501202,
            501053,
            501241,
            501221,
            501203,
            501203,
            501203,
            501203,
            501221
          ]
        },
        "2": {
          "level": 20,
          "star": 5,
          "name": "角斗士的归宿",
          "mainId": 12001,
          "attrIds": [
            501201,
            501222,
            501084,
            501063,
            501223,
            501064,
            501224,
            501223,
            501062
          ]
        },
        "3": {
          "level": 20,
          "star": 5,
          "name": "翠绿猎人的笃定",
          "mainId": 10004,
          "attrIds": [
            501054,
            501022,
            501221,
            501202,
            501202,
            501221,
            501223,
            501221
          ]
        },
        "4": {
          "level": 20,
          "star": 5,
          "name": "吟游者之壶",
          "mainId": 15011,
          "attrIds": [
            501054,
            501083,
            501203,
            501224,
            501221,
            501224,
            501204,
            501223
          ]
        },
        "5": {
          "level": 20,
          "star": 5,
          "name": "指挥的礼帽",
          "mainId": 13007,
          "attrIds": [
            501244,
            501054,
            501024,
            501061,
            501062,
            501022,
            501021,
            501064,
            501053
          ]
        }
      },
      "_source": "enka",
      "_time": 1682169442016,
      "_update": 1682169442016,
      "_talent": 1682169442016
    },
    "10000037": {
      "name": "甘雨",
      "id": 10000037,
      "elem": "cryo",
      "level": 90,
      "promote": 6,
      "fetter": 10,
      "costume": 0,
      "cons": 0,
      "talent": {
        "a": 10,
        "e": 2,
        "q": 6
      },
      "weapon": {
        "name": "阿莫斯之弓",
        "level": 90,
        "promote": 6,
        "affix": 1
      },
      "artis": {
        "1": {
          "level": 20,
          "star": 5,
          "name": "乐团的晨光",
          "mainId": 14001,
          "attrIds": [
            501063,
            501201,
            501053,
            501222,
            501203,
            501201,
            501202,
            501204,
            501051
          ]
        },
        "2": {
          "level": 20,
          "star": 5,
          "name": "琴师的箭羽",
          "mainId": 12001,
          "attrIds": [
            501201,
            501022,
            501222,
            501092,
            501204,
            501203,
            501203,
            501223
          ]
        },
        "3": {
          "level": 20,
          "star": 5,
          "name": "终幕的时计",
          "mainId": 10004,
          "attrIds": [
            501223,
            501024,
            501082,
            501094,
            501081,
            501223,
            501221,
            501222
          ]
        },
        "4": {
          "level": 20,
          "star": 5,
          "name": "魔女的心之火",
          "mainId": 15010,
          "attrIds": [
            501053,
            501223,
            501241,
            501203,
            501242,
            501243,
            501241,
            501241,
            501204
          ]
        },
        "5": {
          "level": 20,
          "star": 5,
          "name": "指挥的礼帽",
          "mainId": 13008,
          "attrIds": [
            501064,
            501022,
            501053,
            501202,
            501021,
            501204,
            501064,
            501052
          ]
        }
      },
      "_source": "enka",
      "_time": 1685965392790,
      "_update": 1685965392790,
      "_talent": 1685965392790
    },
    "10000042": {
      "name": "刻晴",
      "id": 10000042,
      "elem": "electro",
      "level": 90,
      "promote": 6,
      "fetter": 9,
      "costume": 0,
      "cons": 0,
      "talent": {
        "a": 8,
        "e": 8,
        "q": 8
      },
      "weapon": {
        "name": "黎明神剑",
        "level": 90,
        "promote": 6,
        "affix": 5
      },
      "artis": {
        "1": {
          "level": 20,
          "star": 5,
          "name": "雷鸟的怜悯",
          "mainId": 14001,
          "attrIds": [
            501052,
            501241,
            501062,
            501203,
            501204,
            501242,
            501064,
            501062,
            501054
          ]
        },
        "2": {
          "level": 20,
          "star": 5,
          "name": "雷灾的孑遗",
          "mainId": 12001,
          "attrIds": [
            501032,
            501064,
            501244,
            501223,
            501224,
            501032,
            501063,
            501222,
            501221
          ]
        },
        "3": {
          "level": 20,
          "star": 5,
          "name": "雷霆的时计",
          "mainId": 10008,
          "attrIds": [
            501081,
            501021,
            501224,
            501062,
            501022,
            501081,
            501062,
            501222,
            501023
          ]
        },
        "4": {
          "level": 20,
          "star": 5,
          "name": "降雷的凶兆",
          "mainId": 15009,
          "attrIds": [
            501053,
            501021,
            501204,
            501221,
            501202,
            501221,
            501202,
            501021,
            501054
          ]
        },
        "5": {
          "level": 20,
          "star": 5,
          "name": "浮溯之珏",
          "mainId": 13007,
          "attrIds": [
            501223,
            501081,
            501052,
            501023,
            501221,
            501084,
            501221,
            501084
          ]
        }
      },
      "_source": "enka",
      "_time": 1685965392788,
      "_update": 1685965392788,
      "_talent": 1685965392788
    },
    "10000046": {
      "name": "胡桃",
      "id": 10000046,
      "elem": "pyro",
      "level": 90,
      "promote": 6,
      "fetter": 10,
      "costume": 0,
      "cons": 0,
      "talent": {
        "a": 10,
        "e": 8,
        "q": 8
      },
      "weapon": {
        "name": "匣里灭辰",
        "level": 90,
        "promote": 6,
        "affix": 5
      },
      "artis": {
        "1": {
          "level": 20,
          "star": 5,
          "name": "魔女的炎之花",
          "mainId": 14001,
          "attrIds": [
            501062,
            501051,
            501204,
            501221,
            501204,
            501224,
            501061,
            501061,
            501204
          ]
        },
        "2": {
          "level": 20,
          "star": 5,
          "name": "魔女常燃之羽",
          "mainId": 12001,
          "attrIds": [
            501222,
            501023,
            501092,
            501201,
            501224,
            501204,
            501204,
            501222,
            501224
          ]
        },
        "3": {
          "level": 20,
          "star": 5,
          "name": "雷霆的时计",
          "mainId": 10002,
          "attrIds": [
            501224,
            501204,
            501082,
            501021,
            501221,
            501204,
            501223,
            501223
          ]
        },
        "4": {
          "level": 20,
          "star": 5,
          "name": "魔女的心之火",
          "mainId": 15008,
          "attrIds": [
            501223,
            501053,
            501242,
            501032,
            501242,
            501221,
            501054,
            501054,
            501032
          ]
        },
        "5": {
          "level": 20,
          "star": 5,
          "name": "焦灼的魔女帽",
          "mainId": 13008,
          "attrIds": [
            501202,
            501021,
            501091,
            501081,
            501203,
            501083,
            501081,
            501021
          ]
        }
      },
      "_source": "enka",
      "_time": 1685184239319,
      "_update": 1685184239319,
      "_talent": 1685184239319
    },
    "10000047": {
      "name": "枫原万叶",
      "id": 10000047,
      "elem": "anemo",
      "level": 90,
      "promote": 6,
      "fetter": 10,
      "costume": 0,
      "cons": 0,
      "talent": {
        "a": 2,
        "e": 8,
        "q": 8
      },
      "weapon": {
        "name": "西福斯的月光",
        "level": 90,
        "promote": 6,
        "affix": 2
      },
      "artis": {
        "1": {
          "level": 20,
          "star": 5,
          "name": "野花记忆的绿野",
          "mainId": 14001,
          "attrIds": [
            501031,
            501094,
            501243,
            501231,
            501034,
            501092,
            501231,
            501234,
            501242
          ]
        },
        "2": {
          "level": 20,
          "star": 5,
          "name": "猎人青翠的箭羽",
          "mainId": 12001,
          "attrIds": [
            501243,
            501062,
            501221,
            501031,
            501063,
            501223,
            501033,
            501244,
            501031
          ]
        },
        "3": {
          "level": 20,
          "star": 5,
          "name": "翠绿猎人的笃定",
          "mainId": 10008,
          "attrIds": [
            501091,
            501061,
            501083,
            501232,
            501082,
            501233,
            501084,
            501234
          ]
        },
        "4": {
          "level": 20,
          "star": 5,
          "name": "绯花之壶",
          "mainId": 15007,
          "attrIds": [
            501233,
            501052,
            501064,
            501094,
            501091,
            501231,
            501234,
            501092
          ]
        },
        "5": {
          "level": 20,
          "star": 5,
          "name": "翠绿的猎人之冠",
          "mainId": 13010,
          "attrIds": [
            501062,
            501032,
            501021,
            501094,
            501032,
            501092,
            501062,
            501034
          ]
        }
      },
      "_source": "enka",
      "_time": 1685965392790,
      "_update": 1685965392790,
      "_talent": 1685965392790
    },
    "10000052": {
      "name": "雷电将军",
      "id": 10000052,
      "elem": "electro",
      "level": 90,
      "promote": 6,
      "fetter": 10,
      "costume": 0,
      "cons": 0,
      "talent": {
        "a": 2,
        "e": 9,
        "q": 10
      },
      "weapon": {
        "name": "西风长枪",
        "level": 90,
        "promote": 6,
        "affix": 5
      },
      "artis": {
        "1": {
          "level": 20,
          "star": 5,
          "name": "明威之镡",
          "mainId": 14001,
          "attrIds": [
            501234,
            501063,
            501204,
            501243,
            501202,
            501243,
            501202,
            501202
          ]
        },
        "2": {
          "level": 20,
          "star": 5,
          "name": "切落之羽",
          "mainId": 12001,
          "attrIds": [
            501224,
            501232,
            501201,
            501022,
            501221,
            501024,
            501233,
            501224
          ]
        },
        "3": {
          "level": 20,
          "star": 5,
          "name": "渡火者的煎熬",
          "mainId": 10007,
          "attrIds": [
            501223,
            501053,
            501081,
            501204,
            501083,
            501222,
            501204,
            501203
          ]
        },
        "4": {
          "level": 20,
          "star": 5,
          "name": "绯花之壶",
          "mainId": 15009,
          "attrIds": [
            501021,
            501224,
            501242,
            501203,
            501202,
            501223,
            501222,
            501222
          ]
        },
        "5": {
          "level": 20,
          "star": 5,
          "name": "华饰之兜",
          "mainId": 13007,
          "attrIds": [
            501081,
            501223,
            501242,
            501232,
            501082,
            501241,
            501241,
            501233,
            501223
          ]
        }
      },
      "_source": "enka",
      "_time": 1678164837944,
      "_update": 1678164837944,
      "_talent": 1678164837944
    },
    "10000058": {
      "name": "八重神子",
      "id": 10000058,
      "elem": "electro",
      "level": 81,
      "promote": 6,
      "fetter": 1,
      "costume": 0,
      "cons": 0,
      "talent": {
        "a": 1,
        "e": 7,
        "q": 7
      },
      "weapon": {
        "name": "流浪乐章",
        "level": 90,
        "promote": 6,
        "affix": 3
      },
      "artis": {
        "1": {
          "level": 20,
          "star": 5,
          "name": "梦中的铁花",
          "mainId": 14001,
          "attrIds": [
            501203,
            501234,
            501222,
            501051,
            501221,
            501203,
            501231,
            501054
          ]
        },
        "2": {
          "level": 20,
          "star": 5,
          "name": "裁断的翎羽",
          "mainId": 12001,
          "attrIds": [
            501032,
            501204,
            501061,
            501223,
            501204,
            501221,
            501222,
            501221,
            501224
          ]
        },
        "3": {
          "level": 20,
          "star": 5,
          "name": "沉金的岁月",
          "mainId": 10004,
          "attrIds": [
            501084,
            501022,
            501222,
            501201,
            501201,
            501082,
            501222,
            501224
          ]
        },
        "4": {
          "level": 20,
          "star": 5,
          "name": "魔女的心之火",
          "mainId": 15009,
          "attrIds": [
            501233,
            501203,
            501022,
            501052,
            501232,
            501203,
            501202,
            501203,
            501021
          ]
        },
        "5": {
          "level": 20,
          "star": 5,
          "name": "沙王的投影",
          "mainId": 13008,
          "attrIds": [
            501023,
            501234,
            501204,
            501053,
            501202,
            501051,
            501203,
            501053
          ]
        }
      },
      "_source": "enka",
      "_time": 1685965392790,
      "_update": 1685965392790,
      "_talent": 1685965392790
    },
    "10000060": {
      "name": "夜兰",
      "id": 10000060,
      "elem": "hydro",
      "level": 90,
      "promote": 6,
      "fetter": 10,
      "costume": 0,
      "cons": 0,
      "talent": {
        "a": 2,
        "e": 9,
        "q": 10
      },
      "weapon": {
        "name": "西风猎弓",
        "level": 90,
        "promote": 6,
        "affix": 5
      },
      "artis": {
        "1": {
          "level": 20,
          "star": 5,
          "name": "明威之镡",
          "mainId": 14001,
          "attrIds": [
            501031,
            501203,
            501222,
            501094,
            501224,
            501222,
            501201,
            501222
          ]
        },
        "2": {
          "level": 20,
          "star": 5,
          "name": "切落之羽",
          "mainId": 12001,
          "attrIds": [
            501222,
            501232,
            501204,
            501032,
            501201,
            501221,
            501222,
            501232
          ]
        },
        "3": {
          "level": 20,
          "star": 5,
          "name": "阳辔之遗",
          "mainId": 10002,
          "attrIds": [
            501201,
            501022,
            501222,
            501234,
            501201,
            501223,
            501223,
            501222
          ]
        },
        "4": {
          "level": 20,
          "star": 5,
          "name": "吟游者之壶",
          "mainId": 15011,
          "attrIds": [
            501203,
            501221,
            501243,
            501034,
            501224,
            501222,
            501202,
            501034
          ]
        },
        "5": {
          "level": 20,
          "star": 5,
          "name": "虺雷之姿",
          "mainId": 13007,
          "attrIds": [
            501082,
            501052,
            501033,
            501223,
            501222,
            501033,
            501031,
            501032,
            501221
          ]
        }
      },
      "_source": "enka",
      "_time": 1685965392789,
      "_update": 1685965392789,
      "_talent": 1685965392789
    },
    "10000065": {
      "name": "久岐忍",
      "id": 10000065,
      "elem": "electro",
      "level": 90,
      "promote": 6,
      "fetter": 4,
      "costume": 0,
      "cons": 6,
      "talent": {
        "a": 1,
        "e": 8,
        "q": 6
      },
      "weapon": {
        "name": "铁蜂刺",
        "level": 90,
        "promote": 6,
        "affix": 1
      },
      "artis": {
        "1": {
          "level": 20,
          "star": 5,
          "name": "梦中的铁花",
          "mainId": 14001,
          "attrIds": [
            501242,
            501063,
            501091,
            501033,
            501244,
            501031,
            501243,
            501033,
            501093
          ]
        },
        "2": {
          "level": 20,
          "star": 5,
          "name": "琴师的箭羽",
          "mainId": 12001,
          "attrIds": [
            501242,
            501083,
            501094,
            501234,
            501083,
            501081,
            501084,
            501094,
            501233
          ]
        },
        "3": {
          "level": 20,
          "star": 5,
          "name": "终幕的时计",
          "mainId": 10008,
          "attrIds": [
            501053,
            501091,
            501061,
            501221,
            501091,
            501062,
            501094,
            501062,
            501054
          ]
        },
        "4": {
          "level": 20,
          "star": 5,
          "name": "如蜜的终宴",
          "mainId": 15007,
          "attrIds": [
            501083,
            501064,
            501054,
            501024,
            501063,
            501022,
            501053,
            501081
          ]
        },
        "5": {
          "level": 20,
          "star": 5,
          "name": "翠绿的猎人之冠",
          "mainId": 13010,
          "attrIds": [
            501093,
            501062,
            501022,
            501204,
            501203,
            501094,
            501204,
            501094
          ]
        }
      },
      "_source": "enka",
      "_time": 1682143083883,
      "_update": 1682143083883,
      "_talent": 1682143083883
    },
    "10000070": {
      "name": "妮露",
      "id": 10000070,
      "elem": "hydro",
      "level": 90,
      "promote": 6,
      "fetter": 3,
      "costume": 0,
      "cons": 0,
      "talent": {
        "a": 1,
        "e": 1,
        "q": 1
      },
      "weapon": {
        "name": "铁蜂刺",
        "level": 90,
        "promote": 6,
        "affix": 1
      },
      "artis": {
        "1": {
          "level": 20,
          "star": 5,
          "name": "灵光源起之蕊",
          "mainId": 14001,
          "attrIds": [
            501033,
            501063,
            501233,
            501201,
            501061,
            501032,
            501031,
            501033
          ]
        },
        "2": {
          "level": 20,
          "star": 5,
          "name": "琦色灵彩之羽",
          "mainId": 12001,
          "attrIds": [
            501032,
            501094,
            501022,
            501231,
            501023,
            501022,
            501233,
            501024
          ]
        },
        "3": {
          "level": 20,
          "star": 5,
          "name": "终幕的时计",
          "mainId": 10002,
          "attrIds": [
            501092,
            501022,
            501084,
            501241,
            501094,
            501024,
            501023,
            501091,
            501022
          ]
        },
        "4": {
          "level": 20,
          "star": 5,
          "name": "盟誓金爵",
          "mainId": 15002,
          "attrIds": [
            501094,
            501082,
            501051,
            501022,
            501024,
            501054,
            501084,
            501094
          ]
        },
        "5": {
          "level": 20,
          "star": 5,
          "name": "将帅兜鍪",
          "mainId": 13002,
          "attrIds": [
            501244,
            501064,
            501023,
            501204,
            501024,
            501242,
            501064,
            501242
          ]
        }
      },
      "_source": "enka",
      "_time": 1682169442014,
      "_update": 1682169442014,
      "_talent": 1682169442014
    },
    "10000073": {
      "name": "纳西妲",
      "id": 10000073,
      "elem": "dendro",
      "level": 90,
      "promote": 6,
      "fetter": 10,
      "costume": 0,
      "cons": 2,
      "talent": {
        "a": 2,
        "e": 10,
        "q": 10
      },
      "weapon": {
        "name": "千夜浮梦",
        "level": 90,
        "promote": 6,
        "affix": 1
      },
      "artis": {
        "1": {
          "level": 20,
          "star": 5,
          "name": "迷宫的游人",
          "mainId": 14001,
          "attrIds": [
            501222,
            501062,
            501203,
            501242,
            501061,
            501241,
            501224,
            501244,
            501222
          ]
        },
        "2": {
          "level": 20,
          "star": 5,
          "name": "翠蔓的智者",
          "mainId": 12001,
          "attrIds": [
            501202,
            501241,
            501224,
            501063,
            501064,
            501243,
            501202,
            501061,
            501204
          ]
        },
        "3": {
          "level": 20,
          "star": 5,
          "name": "贤智的定期",
          "mainId": 10008,
          "attrIds": [
            501091,
            501202,
            501223,
            501083,
            501093,
            501204,
            501083,
            501091
          ]
        },
        "4": {
          "level": 20,
          "star": 5,
          "name": "角斗士的酣醉",
          "mainId": 15007,
          "attrIds": [
            501233,
            501084,
            501221,
            501092,
            501224,
            501083,
            501082,
            501222,
            501224
          ]
        },
        "5": {
          "level": 20,
          "star": 5,
          "name": "月桂的宝冠",
          "mainId": 13007,
          "attrIds": [
            501082,
            501023,
            501051,
            501224,
            501223,
            501223,
            501223,
            501081
          ]
        }
      },
      "_source": "enka",
      "_time": 1685965392788,
      "_update": 1685965392788,
      "_talent": 1685965392788
    },
    "10000076": {
      "name": "珐露珊",
      "id": 10000076,
      "elem": "anemo",
      "level": 81,
      "promote": 6,
      "fetter": 8,
      "costume": 0,
      "cons": 0,
      "talent": {
        "a": 1,
        "e": 8,
        "q": 9
      },
      "weapon": {
        "name": "西风猎弓",
        "level": 40,
        "promote": 1,
        "affix": 2
      },
      "artis": {
        "1": {
          "level": 20,
          "star": 5,
          "name": "明威之镡",
          "mainId": 14001,
          "attrIds": [
            501224,
            501052,
            501083,
            501203,
            501222,
            501053,
            501222,
            501053
          ]
        },
        "2": {
          "level": 20,
          "star": 5,
          "name": "切落之羽",
          "mainId": 12001,
          "attrIds": [
            501242,
            501202,
            501231,
            501081,
            501232,
            501231,
            501203,
            501201,
            501084
          ]
        },
        "3": {
          "level": 20,
          "star": 5,
          "name": "雷云之笼",
          "mainId": 10007,
          "attrIds": [
            501093,
            501024,
            501052,
            501202,
            501053,
            501091,
            501202,
            501202,
            501091
          ]
        },
        "4": {
          "level": 20,
          "star": 5,
          "name": "迷误者之灯",
          "mainId": 15012,
          "attrIds": [
            501232,
            501222,
            501051,
            501083,
            501221,
            501233,
            501233,
            501082
          ]
        },
        "5": {
          "level": 20,
          "star": 5,
          "name": "华饰之兜",
          "mainId": 13007,
          "attrIds": [
            501063,
            501231,
            501033,
            501083,
            501034,
            501061,
            501061,
            501082
          ]
        }
      },
      "_source": "enka",
      "_time": 1682143083884,
      "_update": 1682143083884,
      "_talent": 1682143083884
    },
    "10000081": {
      "name": "卡维",
      "id": 10000081,
      "elem": "dendro",
      "level": 84,
      "promote": 6,
      "fetter": 6,
      "costume": 0,
      "cons": 1,
      "talent": {
        "a": 1,
        "e": 1,
        "q": 9
      },
      "weapon": {
        "name": "祭礼大剑",
        "level": 60,
        "promote": 3,
        "affix": 4
      },
      "artis": {
        "1": {
          "level": 20,
          "star": 5,
          "name": "月女的华彩",
          "mainId": 14001,
          "attrIds": [
            501084,
            501233,
            501054,
            501243,
            501232,
            501241,
            501243,
            501084
          ]
        },
        "2": {
          "level": 20,
          "star": 5,
          "name": "谢落的筵席",
          "mainId": 12001,
          "attrIds": [
            501244,
            501021,
            501083,
            501234,
            501023,
            501244,
            501234,
            501021
          ]
        },
        "3": {
          "level": 20,
          "star": 5,
          "name": "终幕的时计",
          "mainId": 10008,
          "attrIds": [
            501232,
            501052,
            501084,
            501203,
            501201,
            501202,
            501084,
            501082,
            501234
          ]
        },
        "4": {
          "level": 20,
          "star": 5,
          "name": "角斗士的酣醉",
          "mainId": 15007,
          "attrIds": [
            501054,
            501221,
            501232,
            501201,
            501224,
            501233,
            501221,
            501054,
            501231
          ]
        },
        "5": {
          "level": 20,
          "star": 5,
          "name": "指挥的礼帽",
          "mainId": 13008,
          "attrIds": [
            501062,
            501203,
            501242,
            501022,
            501243,
            501241,
            501024,
            501242
          ]
        }
      },
      "_source": "enka",
      "_time": 1685965392791,
      "_update": 1685965392791,
      "_talent": 1685965392791
    }
  }
}