{
  "uid": "110731309",
  "name": "",
  "level": "",
  "word": "",
  "face": "",
  "card": "",
  "sign": "",
  "info": false,
  "_profile": 1680621409177,
  "avatars": {
    "10000002": {
      "name": "神里绫华",
      "id": 10000002,
      "elem": "cryo",
      "level": 90,
      "promote": 6,
      "fetter": 10,
      "costume": 200201,
      "cons": 0,
      "talent": {
        "a": 9,
        "e": 7,
        "q": 10
      },
      "weapon": {
        "name": "雾切之回光",
        "level": 90,
        "promote": 6,
        "affix": 1
      },
      "artis": {
        "1": {
          "name": "历经风雪的思念",
          "level": 20,
          "star": 5,
          "mainId": 14001,
          "attrIds": [
            501054,
            501223,
            501063,
            501234,
            501062,
            501221,
            501223,
            501054,
            501224
          ]
        },
        "2": {
          "name": "摧冰而行的执望",
          "level": 20,
          "star": 5,
          "mainId": 12001,
          "attrIds": [
            501222,
            501233,
            501201,
            501061,
            501222,
            501064,
            501203,
            501202
          ]
        },
        "3": {
          "name": "朝露之时",
          "level": 20,
          "star": 5,
          "mainId": 10004,
          "attrIds": [
            501032,
            501222,
            501242,
            501054,
            501053,
            501223,
            501221,
            501221,
            501223
          ]
        },
        "4": {
          "name": "遍结寒霜的傲骨",
          "level": 20,
          "star": 5,
          "mainId": 15010,
          "attrIds": [
            501203,
            501222,
            501082,
            501024,
            501081,
            501203,
            501022,
            501202
          ]
        },
        "5": {
          "name": "破冰踏雪的回音",
          "level": 20,
          "star": 5,
          "mainId": 13008,
          "attrIds": [
            501242,
            501084,
            501204,
            501052,
            501241,
            501052,
            501054,
            501203
          ]
        }
      },
      "_source": "mgg",
      "_time": 1680621409176,
      "_update": 1680621409176,
      "_talent": 1680621409176
    },
    "10000003": {
      "name": "琴",
      "id": 10000003,
      "elem": "anemo",
      "level": 70,
      "promote": 4,
      "fetter": 1,
      "costume": 0,
      "cons": 2,
      "talent": {
        "a": 1,
        "e": 1,
        "q": 5
      },
      "weapon": {
        "name": "西风剑",
        "level": 70,
        "promote": 4,
        "affix": 1
      },
      "artis": {
        "1": {
          "name": "野花记忆的绿野",
          "level": 12,
          "star": 5,
          "main": {
            "key": "hpPlus",
            "value": 3155
          },
          "attrs": [
            {
              "key": "cpct",
              "value": 8.9
            },
            {
              "key": "recharge",
              "value": 4.5
            },
            {
              "key": "atk",
              "value": 4.7
            },
            {
              "key": "atkPlus",
              "value": 19
            }
          ]
        },
        "2": {
          "name": "猎人青翠的箭羽",
          "level": 13,
          "star": 5,
          "main": {
            "key": "atkPlus",
            "value": 219
          },
          "attrs": [
            {
              "key": "mastery",
              "value": 58
            },
            {
              "key": "cpct",
              "value": 3.9
            },
            {
              "key": "def",
              "value": 6.6
            },
            {
              "key": "defPlus",
              "value": 23
            }
          ]
        },
        "3": {
          "name": "翠绿猎人的笃定",
          "level": 12,
          "star": 5,
          "main": {
            "key": "hp",
            "value": 30.8
          },
          "attrs": [
            {
              "key": "defPlus",
              "value": 49
            },
            {
              "key": "def",
              "value": 5.1
            },
            {
              "key": "atk",
              "value": 5.8
            },
            {
              "key": "cpct",
              "value": 3.9
            }
          ]
        },
        "5": {
          "name": "少女易逝的芳颜",
          "level": 16,
          "star": 5,
          "main": {
            "key": "heal",
            "value": 29.8
          },
          "attrs": [
            {
              "key": "atkPlus",
              "value": 31
            },
            {
              "key": "def",
              "value": 6.6
            },
            {
              "key": "cdmg",
              "value": 13.2
            },
            {
              "key": "hpPlus",
              "value": 568
            }
          ]
        }
      },
      "_source": "enka",
      "_time": 1675315917991,
      "_update": 1677557575490,
      "_talent": 1677557575490
    },
    "10000026": {
      "name": "魈",
      "id": 10000026,
      "elem": "anemo",
      "level": 90,
      "promote": 6,
      "fetter": 10,
      "costume": 0,
      "cons": 0,
      "talent": {
        "a": 9,
        "e": 5,
        "q": 9
      },
      "weapon": {
        "name": "千岩长枪",
        "level": 90,
        "promote": 6,
        "affix": 1
      },
      "artis": {
        "1": {
          "name": "羁缠之花",
          "level": 20,
          "star": 5,
          "mainId": 14001,
          "attrIds": [
            501243,
            501224,
            501202,
            501232,
            501202,
            501223,
            501224,
            501203
          ]
        },
        "2": {
          "name": "角斗士的归宿",
          "level": 20,
          "star": 5,
          "mainId": 12001,
          "attrIds": [
            501023,
            501231,
            501221,
            501203,
            501221,
            501224,
            501221,
            501201,
            501224
          ]
        },
        "3": {
          "name": "角斗士的希冀",
          "level": 20,
          "star": 5,
          "mainId": 10004,
          "attrIds": [
            501203,
            501224,
            501024,
            501082,
            501222,
            501021,
            501221,
            501222
          ]
        },
        "4": {
          "name": "祈望之心",
          "level": 20,
          "star": 5,
          "mainId": 15012,
          "attrIds": [
            501064,
            501052,
            501221,
            501201,
            501053,
            501222,
            501054,
            501204
          ]
        },
        "5": {
          "name": "无常之面",
          "level": 20,
          "star": 5,
          "mainId": 13008,
          "attrIds": [
            501083,
            501203,
            501243,
            501231,
            501201,
            501202,
            501241,
            501203
          ]
        }
      },
      "_source": "mgg",
      "_time": 1680621409176,
      "_update": 1680621409176,
      "_talent": 1680621409176
    },
    "10000035": {
      "name": "七七",
      "id": 10000035,
      "elem": "cryo",
      "level": 70,
      "promote": 4,
      "fetter": 10,
      "costume": 0,
      "cons": 1,
      "talent": {
        "a": 1,
        "e": 6,
        "q": 2
      },
      "weapon": {
        "name": "笛剑",
        "level": 60,
        "promote": 3,
        "affix": 1
      },
      "artis": {},
      "_source": "enka",
      "_time": 1675315917992,
      "_update": 1677557575494,
      "_talent": 1677557575494
    },
    "10000037": {
      "name": "甘雨",
      "id": 10000037,
      "elem": "cryo",
      "level": 90,
      "promote": 6,
      "fetter": 10,
      "costume": 0,
      "cons": 0,
      "talent": {
        "a": 10,
        "e": 3,
        "q": 5
      },
      "weapon": {
        "name": "阿莫斯之弓",
        "level": 90,
        "promote": 6,
        "affix": 1
      },
      "artis": {
        "1": {
          "name": "乐团的晨光",
          "level": 20,
          "star": 5,
          "mainId": 14001,
          "attrIds": [
            501241,
            501064,
            501222,
            501203,
            501062,
            501202,
            501203,
            501224
          ]
        },
        "2": {
          "name": "琴师的箭羽",
          "level": 20,
          "star": 5,
          "mainId": 12001,
          "attrIds": [
            501083,
            501062,
            501224,
            501243,
            501222,
            501062,
            501062,
            501222,
            501222
          ]
        },
        "3": {
          "name": "终幕的时计",
          "level": 20,
          "star": 5,
          "mainId": 10004,
          "attrIds": [
            501054,
            501224,
            501021,
            501093,
            501222,
            501052,
            501223,
            501021
          ]
        },
        "4": {
          "name": "绯花之壶",
          "level": 20,
          "star": 5,
          "mainId": 15010,
          "attrIds": [
            501224,
            501201,
            501061,
            501233,
            501204,
            501201,
            501202,
            501203,
            501201
          ]
        },
        "5": {
          "name": "指挥的礼帽",
          "level": 20,
          "star": 5,
          "mainId": 13008,
          "attrIds": [
            501202,
            501022,
            501034,
            501064,
            501064,
            501201,
            501062,
            501062
          ]
        }
      },
      "_source": "mgg",
      "_time": 1680621409175,
      "_update": 1680621409175,
      "_talent": 1680621409175
    },
    "10000052": {
      "name": "雷电将军",
      "id": 10000052,
      "elem": "electro",
      "level": 90,
      "promote": 6,
      "fetter": 10,
      "costume": 0,
      "cons": 2,
      "talent": {
        "a": 3,
        "e": 10,
        "q": 10
      },
      "weapon": {
        "name": "薙草之稻光",
        "level": 90,
        "promote": 6,
        "affix": 1
      },
      "artis": {
        "1": {
          "name": "明威之镡",
          "level": 20,
          "star": 5,
          "mainId": 14001,
          "attrIds": [
            501242,
            501204,
            501222,
            501092,
            501202,
            501243,
            501221,
            501222
          ]
        },
        "2": {
          "name": "切落之羽",
          "level": 20,
          "star": 5,
          "mainId": 12001,
          "attrIds": [
            501242,
            501224,
            501233,
            501204,
            501233,
            501201,
            501203,
            501224
          ]
        },
        "3": {
          "name": "雷云之笼",
          "level": 20,
          "star": 5,
          "mainId": 10007,
          "attrIds": [
            501063,
            501244,
            501221,
            501053,
            501221,
            501224,
            501051,
            501222
          ]
        },
        "4": {
          "name": "翠绿猎人的容器",
          "level": 20,
          "star": 5,
          "mainId": 15009,
          "attrIds": [
            501221,
            501203,
            501231,
            501083,
            501222,
            501081,
            501203,
            501083,
            501084
          ]
        },
        "5": {
          "name": "华饰之兜",
          "level": 20,
          "star": 5,
          "mainId": 13008,
          "attrIds": [
            501092,
            501203,
            501063,
            501054,
            501202,
            501063,
            501054,
            501201
          ]
        }
      },
      "_source": "mgg",
      "_time": 1680621409174,
      "_update": 1680621409174,
      "_talent": 1680621409174
    },
    "10000063": {
      "name": "申鹤",
      "id": 10000063,
      "elem": "cryo",
      "level": 89,
      "promote": 6,
      "fetter": 4,
      "costume": 0,
      "cons": 0,
      "talent": {
        "a": 1,
        "e": 10,
        "q": 7
      },
      "weapon": {
        "name": "息灾",
        "level": 90,
        "promote": 6,
        "affix": 1
      },
      "artis": {
        "1": {
          "name": "羁缠之花",
          "level": 20,
          "star": 5,
          "mainId": 14001,
          "attrIds": [
            501241,
            501223,
            501233,
            501062,
            501224,
            501064,
            501241,
            501061
          ]
        },
        "2": {
          "name": "潜光片羽",
          "level": 20,
          "star": 5,
          "mainId": 12001,
          "attrIds": [
            501204,
            501223,
            501023,
            501082,
            501224,
            501223,
            501222,
            501202,
            501082
          ]
        },
        "3": {
          "name": "阳辔之遗",
          "level": 20,
          "star": 5,
          "mainId": 10004,
          "attrIds": [
            501084,
            501201,
            501021,
            501221,
            501221,
            501203,
            501024,
            501223,
            501221
          ]
        },
        "4": {
          "name": "绯花之壶",
          "level": 20,
          "star": 5,
          "mainId": 15004,
          "attrIds": [
            501204,
            501244,
            501053,
            501223,
            501054,
            501051,
            501203,
            501204
          ]
        },
        "5": {
          "name": "无常之面",
          "level": 20,
          "star": 5,
          "mainId": 13004,
          "attrIds": [
            501203,
            501232,
            501034,
            501224,
            501221,
            501233,
            501203,
            501232
          ]
        }
      },
      "_source": "mgg",
      "_time": 1680621409175,
      "_update": 1680621409175,
      "_talent": 1680621409175
    },
    "10000069": {
      "name": "提纳里",
      "id": 10000069,
      "elem": "dendro",
      "level": 20,
      "promote": 1,
      "fetter": 1,
      "costume": 0,
      "cons": 0,
      "talent": {
        "a": 1,
        "e": 1,
        "q": 1
      },
      "weapon": {
        "name": "阿莫斯之弓",
        "level": 20,
        "promote": 1,
        "affix": 1
      },
      "artis": {
        "1": {
          "name": "羁缠之花",
          "level": 20,
          "star": 5,
          "main": {
            "key": "hpPlus",
            "value": 4780
          },
          "attrs": [
            {
              "key": "mastery",
              "value": 21
            },
            {
              "key": "cdmg",
              "value": 22.5
            },
            {
              "key": "cpct",
              "value": 9.7
            },
            {
              "key": "recharge",
              "value": 5.2
            }
          ]
        },
        "2": {
          "name": "思忆之矢",
          "level": 20,
          "star": 5,
          "main": {
            "key": "atkPlus",
            "value": 311
          },
          "attrs": [
            {
              "key": "hp",
              "value": 4.1
            },
            {
              "key": "cpct",
              "value": 9.7
            },
            {
              "key": "cdmg",
              "value": 19.4
            },
            {
              "key": "hpPlus",
              "value": 568
            }
          ]
        },
        "3": {
          "name": "阳辔之遗",
          "level": 20,
          "star": 5,
          "main": {
            "key": "atk",
            "value": 46.6
          },
          "attrs": [
            {
              "key": "defPlus",
              "value": 23
            },
            {
              "key": "cpct",
              "value": 6.2
            },
            {
              "key": "hpPlus",
              "value": 508
            },
            {
              "key": "cdmg",
              "value": 23.3
            }
          ]
        },
        "4": {
          "name": "祈望之心",
          "level": 20,
          "star": 5,
          "main": {
            "key": "pyro",
            "value": 46.6
          },
          "attrs": [
            {
              "key": "defPlus",
              "value": 16
            },
            {
              "key": "cdmg",
              "value": 12.4
            },
            {
              "key": "hpPlus",
              "value": 508
            },
            {
              "key": "cpct",
              "value": 10.5
            }
          ]
        },
        "5": {
          "name": "无常之面",
          "level": 20,
          "star": 5,
          "main": {
            "key": "cpct",
            "value": 31.1
          },
          "attrs": [
            {
              "key": "cdmg",
              "value": 14
            },
            {
              "key": "atkPlus",
              "value": 14
            },
            {
              "key": "hpPlus",
              "value": 478
            },
            {
              "key": "def",
              "value": 16.8
            }
          ]
        }
      },
      "_source": "enka",
      "_time": 1675315917992,
      "_update": 1677557575497,
      "_talent": 1677557575497
    },
    "10000073": {
      "name": "纳西妲",
      "id": 10000073,
      "elem": "dendro",
      "level": 88,
      "promote": 6,
      "fetter": 10,
      "costume": 0,
      "cons": 0,
      "talent": {
        "a": 1,
        "e": 6,
        "q": 4
      },
      "weapon": {
        "name": "祭礼残章",
        "level": 90,
        "promote": 6,
        "affix": 1
      },
      "artis": {
        "1": {
          "name": "乐团的晨光",
          "level": 20,
          "star": 5,
          "mainId": 14001,
          "attrIds": [
            501224,
            501054,
            501242,
            501032,
            501224,
            501224,
            501052,
            501033
          ]
        },
        "2": {
          "name": "琴师的箭羽",
          "level": 20,
          "star": 5,
          "mainId": 12001,
          "attrIds": [
            501232,
            501202,
            501222,
            501023,
            501221,
            501204,
            501023,
            501223
          ]
        },
        "3": {
          "name": "贤智的定期",
          "level": 20,
          "star": 5,
          "mainId": 10008,
          "attrIds": [
            501024,
            501091,
            501061,
            501051,
            501051,
            501021,
            501022,
            501052
          ]
        },
        "4": {
          "name": "祈望之心",
          "level": 20,
          "star": 5,
          "mainId": 15014,
          "attrIds": [
            501244,
            501053,
            501202,
            501063,
            501244,
            501203,
            501063,
            501202
          ]
        },
        "5": {
          "name": "月桂的宝冠",
          "level": 20,
          "star": 5,
          "mainId": 13007,
          "attrIds": [
            501064,
            501224,
            501243,
            501233,
            501223,
            501221,
            501242,
            501061
          ]
        }
      },
      "_source": "mgg",
      "_time": 1680621409176,
      "_update": 1680621409176,
      "_talent": 1680621409176
    }
  }
}