{"uid":"111615201","chars":{"10000041":{"id":10000041,"name":"莫娜","elem":"hydro","level":90,"promote":6,"fetter":10,"costume":0,"cons":6,"talent":{"a":1,"e":1,"q":8},"attr":{"atk":1235.5913613882658,"atkBase":549.7357177734375,"def":757.3615112304688,"defBase":653.271240234375,"hp":22413.2109375,"hpBase":10409.0244140625,"mastery":18.649999618530273,"recharge":181.86999559402466,"heal":0,"cpct":13.940000534057617,"cdmg":200.01001358032227,"dmg":46.59999966621399,"phy":0},"weapon":{"name":"讨龙英杰谭","star":3,"level":60,"promote":3,"affix":5},"artis":{"1":{"name":"勋绩之花","set":"千岩牢固","level":20,"main":{"key":"hpPlus","value":4780},"attrs":[{"key":"def","value":12.4},{"key":"atkPlus","value":14},{"key":"cdmg","value":31.1},{"key":"cpct","value":2.7}]},"2":{"name":"昭武翎羽","set":"千岩牢固","level":20,"main":{"key":"atkPlus","value":311},"attrs":[{"key":"cdmg","value":24.1},{"key":"atk","value":9.9},{"key":"hp","value":4.7},{"key":"recharge","value":6.5}]},"3":{"name":"金铜时晷","set":"千岩牢固","level":20,"main":{"key":"atk","value":46.6},"attrs":[{"key":"cdmg","value":20.2},{"key":"hpPlus","value":568},{"key":"cpct","value":6.2},{"key":"defPlus","value":23}]},"4":{"name":"盟誓金爵","set":"千岩牢固","level":20,"main":{"key":"hydro","value":46.6},"attrs":[{"key":"recharge","value":10.4},{"key":"atkPlus","value":35},{"key":"hp","value":11.1},{"key":"cdmg","value":12.4}]},"5":{"name":"焦灼的魔女帽","set":"炽烈的炎之魔女","level":20,"main":{"key":"cdmg","value":62.2},"attrs":[{"key":"atkPlus","value":16},{"key":"mastery","value":19},{"key":"hpPlus","value":239},{"key":"recharge","value":33}]}},"dataSource":"enka","_time":1675259713793},"10000060":{"id":10000060,"name":"夜兰","elem":"hydro","level":90,"promote":6,"fetter":10,"costume":0,"cons":6,"talent":{"a":9,"e":9,"q":10},"attr":{"atk":1158.0320451998386,"atkBase":785.791748046875,"def":610.4793090820312,"defBase":547.9793090820312,"hp":36572.51171875,"hpBase":14450.17578125,"mastery":0,"recharge":104.53000068664551,"heal":0,"cpct":72.0300018787384,"cdmg":285.11481285095215,"dmg":61.59999966621399,"phy":0},"weapon":{"name":"若水","star":5,"level":90,"promote":6,"affix":5},"artis":{"1":{"name":"宗室之花","set":"昔日宗室之仪","level":20,"main":{"key":"hpPlus","value":4780},"attrs":[{"key":"cdmg","value":19.4},{"key":"cpct","value":10.1},{"key":"hp","value":11.7},{"key":"recharge","value":4.5}]},"2":{"name":"宗室之翎","set":"昔日宗室之仪","level":20,"main":{"key":"atkPlus","value":311},"attrs":[{"key":"cpct","value":10.1},{"key":"cdmg","value":24.1},{"key":"defPlus","value":16},{"key":"hp","value":4.1}]},"3":{"name":"坚铜罗盘","set":"沉沦之心","level":20,"main":{"key":"hp","value":46.6},"attrs":[{"key":"cdmg","value":21},{"key":"atk","value":4.1},{"key":"cpct","value":10.1},{"key":"hpPlus","value":299}]},"4":{"name":"迷误者之灯","set":"深林的记忆","level":20,"main":{"key":"hydro","value":46.6},"attrs":[{"key":"cpct","value":7.4},{"key":"defPlus","value":46},{"key":"cdmg","value":20.2},{"key":"hp","value":5.3}]},"5":{"name":"酒渍船帽","set":"沉沦之心","level":20,"main":{"key":"cdmg","value":62.2},"attrs":[{"key":"hpPlus","value":209},{"key":"cpct","value":10.1},{"key":"atkPlus","value":29},{"key":"hp","value":16.9}]}},"dataSource":"enka","_time":1675259713793},"10000063":{"id":10000063,"name":"申鹤","elem":"cryo","level":90,"promote":6,"fetter":10,"costume":0,"cons":6,"talent":{"a":6,"e":10,"q":9},"attr":{"atk":4200.143162916531,"atkBase":1044.336669921875,"def":850.8687133789062,"defBase":830.0386962890625,"hp":19859.5,"hpBase":12992.912109375,"mastery":44.290000915527344,"recharge":129.79999780654907,"heal":0,"cpct":40.77000021934509,"cdmg":109.06000137329102,"dmg":0,"phy":0},"weapon":{"name":"息灾","star":5,"level":90,"promote":6,"affix":5},"artis":{"1":{"name":"角斗士的留恋","set":"角斗士的终幕礼","level":20,"main":{"key":"hpPlus","value":4780},"attrs":[{"key":"cdmg","value":14},{"key":"atk","value":16.3},{"key":"recharge","value":18.1},{"key":"defPlus","value":21}]},"2":{"name":"切落之羽","set":"绝缘之旗印","level":20,"main":{"key":"atkPlus","value":311},"attrs":[{"key":"hp","value":5.3},{"key":"atk","value":29.7},{"key":"cpct","value":2.7},{"key":"cdmg","value":7}]},"3":{"name":"朝露之时","set":"追忆之注连","level":20,"main":{"key":"atk","value":46.6},"attrs":[{"key":"cdmg","value":13.2},{"key":"hp","value":4.1},{"key":"cpct","value":8.9},{"key":"recharge","value":11.7}]},"4":{"name":"角斗士的酣醉","set":"角斗士的终幕礼","level":20,"main":{"key":"atk","value":46.6},"attrs":[{"key":"cpct","value":10.1},{"key":"cdmg","value":19.4},{"key":"hp","value":4.7},{"key":"mastery","value":44}]},"5":{"name":"无常之面","set":"追忆之注连","level":20,"main":{"key":"atk","value":46.6},"attrs":[{"key":"atkPlus","value":54},{"key":"hpPlus","value":269},{"key":"cpct","value":14},{"key":"cdmg","value":5.4}]}},"dataSource":"enka","_time":1675259713794},"10000071":{"id":10000071,"name":"赛诺","elem":"electro","level":90,"promote":6,"fetter":9,"costume":0,"cons":6,"talent":{"a":8,"e":9,"q":10},"attr":{"atk":1795.8862359297054,"atkBase":859.93701171875,"def":859.2437744140625,"defBase":859.2437744140625,"hp":17270.830078125,"hpBase":12490.830078125,"mastery":207.47000122070312,"recharge":122.02000617980957,"heal":0,"cpct":88.76240253448486,"cdmg":236.06998920440674,"dmg":61.59999966621399,"phy":0},"weapon":{"name":"赤沙之杖","star":5,"level":90,"promote":6,"affix":5},"artis":{"1":{"name":"雷鸟的怜悯","set":"如雷的盛怒","level":20,"main":{"key":"hpPlus","value":4780},"attrs":[{"key":"cpct","value":9.3},{"key":"cdmg","value":17.1},{"key":"atk","value":5.3},{"key":"mastery","value":37}]},"2":{"name":"雷灾的孑遗","set":"如雷的盛怒","level":20,"main":{"key":"atkPlus","value":311},"attrs":[{"key":"cdmg","value":21.8},{"key":"cpct","value":7},{"key":"recharge","value":5.2},{"key":"atk","value":14}]},"3":{"name":"雷霆的时计","set":"如雷的盛怒","level":20,"main":{"key":"atk","value":46.6},"attrs":[{"key":"cdmg","value":34.2},{"key":"recharge","value":5.8},{"key":"mastery","value":42},{"key":"cpct","value":2.7}]},"4":{"name":"沉波之盏","set":"沉沦之心","level":20,"main":{"key":"electro","value":46.6},"attrs":[{"key":"cpct","value":11.3},{"key":"recharge","value":11},{"key":"mastery","value":42},{"key":"cdmg","value":12.4}]},"5":{"name":"唤雷的头冠","set":"如雷的盛怒","level":20,"main":{"key":"cdmg","value":62.2},"attrs":[{"key":"atk","value":5.3},{"key":"atkPlus","value":14},{"key":"mastery","value":86},{"key":"cpct","value":9.3}]}},"dataSource":"enka","_time":1675259713792}}}