{
  "uid": "113310429",
  "name": "",
  "level": "",
  "word": "",
  "face": "",
  "card": "",
  "sign": "",
  "info": false,
  "_mys": 1678102970988,
  "_profile": 1678758211667,
  "avatars": {
    "10000002": {
      "name": "神里绫华",
      "id": 10000002,
      "elem": "cryo",
      "level": 90,
      "promote": 6,
      "fetter": 10,
      "costume": 200201,
      "cons": 0,
      "talent": {
        "a": 10,
        "e": 9,
        "q": 10
      },
      "weapon": {
        "name": "波乱月白经津",
        "level": 90,
        "promote": 6,
        "affix": 1
      },
      "artis": {
        "1": {
          "name": "历经风雪的思念",
          "level": 20,
          "star": 5,
          "mainId": 14001,
          "attrIds": [
            501234,
            501222,
            501202,
            501242,
            501202,
            501222,
            501243,
            501241,
            501224
          ]
        },
        "2": {
          "name": "摧冰而行的执望",
          "level": 20,
          "star": 5,
          "mainId": 12001,
          "attrIds": [
            501204,
            501221,
            501034,
            501062,
            501032,
            501204,
            501202,
            501222,
            501201
          ]
        },
        "3": {
          "name": "雷云之笼",
          "level": 20,
          "star": 5,
          "mainId": 10004,
          "attrIds": [
            501223,
            501233,
            501021,
            501204,
            501203,
            501203,
            501021,
            501022
          ]
        },
        "4": {
          "name": "遍结寒霜的傲骨",
          "level": 20,
          "star": 5,
          "mainId": 15010,
          "attrIds": [
            501094,
            501063,
            501081,
            501224,
            501061,
            501061,
            501221,
            501094
          ]
        },
        "5": {
          "name": "破冰踏雪的回音",
          "level": 20,
          "star": 5,
          "mainId": 13008,
          "attrIds": [
            501083,
            501233,
            501064,
            501023,
            501023,
            501024,
            501081,
            501231
          ]
        }
      },
      "_source": "enka",
      "_time": 1678758211666,
      "_update": 1678758211666,
      "_talent": 1678758211666
    },
    "10000029": {
      "name": "可莉",
      "id": 10000029,
      "elem": "pyro",
      "level": 80,
      "promote": 5,
      "fetter": 10,
      "costume": 0,
      "cons": 0,
      "talent": {
        "a": 7,
        "e": 6,
        "q": 3
      },
      "weapon": {
        "name": "嘟嘟可故事集",
        "level": 50,
        "promote": 2,
        "affix": 5
      },
      "artis": {},
      "_source": "enka",
      "_time": 1675175356590,
      "_update": 1677543205801,
      "_talent": 1677543205801
    },
    "10000030": {
      "name": "钟离",
      "id": 10000030,
      "elem": "geo",
      "level": 90,
      "promote": 6,
      "fetter": 10,
      "costume": 0,
      "cons": 0,
      "talent": {
        "a": 1,
        "e": 10,
        "q": 7
      },
      "weapon": {
        "name": "黑缨枪",
        "level": 90,
        "promote": 6,
        "affix": 5
      },
      "artis": {
        "1": {
          "name": "勋绩之花",
          "level": 20,
          "star": 5,
          "mainId": 14001,
          "attrIds": [
            501032,
            501094,
            501081,
            501202,
            501082,
            501201,
            501204,
            501033,
            501094
          ]
        },
        "2": {
          "name": "昭武翎羽",
          "level": 20,
          "star": 5,
          "mainId": 12001,
          "attrIds": [
            501224,
            501083,
            501204,
            501231,
            501202,
            501084,
            501201,
            501231
          ]
        },
        "3": {
          "name": "角斗士的希冀",
          "level": 20,
          "star": 5,
          "mainId": 10002,
          "attrIds": [
            501231,
            501223,
            501054,
            501091,
            501234,
            501231,
            501053,
            501231
          ]
        },
        "4": {
          "name": "盟誓金爵",
          "level": 20,
          "star": 5,
          "mainId": 15002,
          "attrIds": [
            501051,
            501231,
            501081,
            501244,
            501233,
            501242,
            501233,
            501084
          ]
        },
        "5": {
          "name": "将帅兜鍪",
          "level": 20,
          "star": 5,
          "mainId": 13002,
          "attrIds": [
            501023,
            501231,
            501092,
            501084,
            501232,
            501081,
            501082,
            501023
          ]
        }
      },
      "_source": "enka",
      "_time": 1678165614788,
      "_update": 1678165614788,
      "_talent": 1678165614788
    },
    "10000037": {
      "name": "甘雨",
      "id": 10000037,
      "elem": "cryo",
      "level": 90,
      "promote": 6,
      "fetter": 10,
      "costume": 0,
      "cons": 1,
      "talent": {
        "a": 10,
        "e": 5,
        "q": 6
      },
      "weapon": {
        "name": "试作澹月",
        "level": 90,
        "promote": 6,
        "affix": 5
      },
      "artis": {
        "1": {
          "name": "乐团的晨光",
          "level": 20,
          "star": 5,
          "mainId": 14001,
          "attrIds": [
            501222,
            501231,
            501081,
            501202,
            501204,
            501202,
            501223,
            501203,
            501202
          ]
        },
        "2": {
          "name": "琴师的箭羽",
          "level": 20,
          "star": 5,
          "mainId": 12001,
          "attrIds": [
            501024,
            501204,
            501243,
            501221,
            501223,
            501221,
            501204,
            501222,
            501202
          ]
        },
        "3": {
          "name": "雷云之笼",
          "level": 20,
          "star": 5,
          "mainId": 10004,
          "attrIds": [
            501052,
            501221,
            501242,
            501021,
            501224,
            501223,
            501222,
            501224
          ]
        },
        "4": {
          "name": "吟游者之壶",
          "level": 20,
          "star": 5,
          "mainId": 15010,
          "attrIds": [
            501053,
            501204,
            501032,
            501024,
            501201,
            501053,
            501022,
            501203,
            501054
          ]
        },
        "5": {
          "name": "沙王的投影",
          "level": 20,
          "star": 5,
          "mainId": 13007,
          "attrIds": [
            501062,
            501221,
            501232,
            501053,
            501051,
            501222,
            501063,
            501054,
            501231
          ]
        }
      },
      "_source": "enka",
      "_time": 1678758211664,
      "_update": 1678758211664,
      "_talent": 1678758211664
    },
    "10000042": {
      "name": "刻晴",
      "id": 10000042,
      "elem": "electro",
      "level": 80,
      "promote": 5,
      "fetter": 5,
      "costume": 0,
      "cons": 2,
      "talent": {
        "a": 6,
        "e": 7,
        "q": 8
      },
      "weapon": {
        "name": "无锋剑",
        "level": 1,
        "promote": 0,
        "affix": 1
      },
      "artis": {
        "1": {
          "name": "雷鸟的怜悯",
          "level": 20,
          "star": 5,
          "main": {
            "key": "hpPlus",
            "value": 4780
          },
          "attrs": [
            {
              "key": "recharge",
              "value": 22.7
            },
            {
              "key": "def",
              "value": 5.8
            },
            {
              "key": "cdmg",
              "value": 11.7
            },
            {
              "key": "cpct",
              "value": 2.7
            }
          ]
        },
        "2": {
          "name": "雷灾的孑遗",
          "level": 4,
          "star": 5,
          "main": {
            "key": "atkPlus",
            "value": 100
          },
          "attrs": [
            {
              "key": "mastery",
              "value": 21
            },
            {
              "key": "def",
              "value": 7.3
            },
            {
              "key": "cpct",
              "value": 3.5
            },
            {
              "key": "atk",
              "value": 5.8
            }
          ]
        },
        "3": {
          "name": "雷霆的时计",
          "level": 1,
          "star": 5,
          "main": {
            "key": "atk",
            "value": 7
          },
          "attrs": [
            {
              "key": "hpPlus",
              "value": 239
            },
            {
              "key": "defPlus",
              "value": 19
            },
            {
              "key": "hp",
              "value": 5.3
            },
            {
              "key": "recharge",
              "value": 6.5
            }
          ]
        },
        "5": {
          "name": "唤雷的头冠",
          "level": 1,
          "star": 5,
          "main": {
            "key": "atk",
            "value": 7
          },
          "attrs": [
            {
              "key": "cdmg",
              "value": 7.8
            },
            {
              "key": "atkPlus",
              "value": 14
            },
            {
              "key": "mastery",
              "value": 23
            },
            {}
          ]
        }
      },
      "_source": "enka",
      "_time": 1676859199609,
      "_update": 1677543205803,
      "_talent": 1677543205803
    },
    "10000046": {
      "name": "胡桃",
      "id": 10000046,
      "elem": "pyro",
      "level": 90,
      "promote": 6,
      "fetter": 10,
      "costume": 0,
      "cons": 0,
      "talent": {
        "a": 10,
        "e": 10,
        "q": 10
      },
      "weapon": {
        "name": "匣里灭辰",
        "level": 90,
        "promote": 6,
        "affix": 5
      },
      "artis": {
        "1": {
          "name": "魔女的炎之花",
          "level": 20,
          "star": 5,
          "mainId": 14001,
          "attrIds": [
            501241,
            501222,
            501061,
            501201,
            501202,
            501204,
            501201,
            501202,
            501224
          ]
        },
        "2": {
          "name": "魔女常燃之羽",
          "level": 20,
          "star": 5,
          "mainId": 12001,
          "attrIds": [
            501224,
            501022,
            501204,
            501231,
            501204,
            501224,
            501234,
            501204
          ]
        },
        "3": {
          "name": "魔女破灭之时",
          "level": 20,
          "star": 5,
          "mainId": 10002,
          "attrIds": [
            501021,
            501224,
            501061,
            501242,
            501024,
            501023,
            501022,
            501241
          ]
        },
        "4": {
          "name": "角斗士的酣醉",
          "level": 20,
          "star": 5,
          "mainId": 15008,
          "attrIds": [
            501083,
            501022,
            501202,
            501224,
            501081,
            501204,
            501023,
            501222,
            501021
          ]
        },
        "5": {
          "name": "焦灼的魔女帽",
          "level": 20,
          "star": 5,
          "mainId": 13008,
          "attrIds": [
            501051,
            501031,
            501242,
            501201,
            501203,
            501243,
            501202,
            501244
          ]
        }
      },
      "_source": "enka",
      "_time": 1678758211663,
      "_update": 1678758211663,
      "_talent": 1678758211663
    },
    "10000052": {
      "name": "雷电将军",
      "id": 10000052,
      "elem": "electro",
      "level": 90,
      "promote": 6,
      "fetter": 10,
      "costume": 0,
      "cons": 2,
      "talent": {
        "a": 1,
        "e": 9,
        "q": 10
      },
      "weapon": {
        "name": "「渔获」",
        "level": 90,
        "promote": 6,
        "affix": 3
      },
      "artis": {
        "1": {
          "name": "魔女的炎之花",
          "level": 20,
          "star": 5,
          "mainId": 14001,
          "attrIds": [
            501233,
            501082,
            501201,
            501223,
            501221,
            501234,
            501231,
            501222
          ]
        },
        "2": {
          "name": "切落之羽",
          "level": 20,
          "star": 5,
          "mainId": 12001,
          "attrIds": [
            501234,
            501222,
            501032,
            501203,
            501203,
            501033,
            501224,
            501203
          ]
        },
        "3": {
          "name": "雷云之笼",
          "level": 20,
          "star": 5,
          "mainId": 10007,
          "attrIds": [
            501222,
            501201,
            501023,
            501064,
            501061,
            501024,
            501224,
            501203
          ]
        },
        "4": {
          "name": "绯花之壶",
          "level": 20,
          "star": 5,
          "mainId": 15004,
          "attrIds": [
            501232,
            501091,
            501023,
            501221,
            501224,
            501222,
            501091,
            501223
          ]
        },
        "5": {
          "name": "华饰之兜",
          "level": 20,
          "star": 5,
          "mainId": 13008,
          "attrIds": [
            501201,
            501054,
            501023,
            501093,
            501202,
            501051,
            501021,
            501094,
            501202
          ]
        }
      },
      "_source": "enka",
      "_time": 1678758211665,
      "_update": 1678758211665,
      "_talent": 1678758211665
    },
    "10000054": {
      "name": "珊瑚宫心海",
      "id": 10000054,
      "elem": "hydro",
      "level": 70,
      "promote": 4,
      "fetter": 8,
      "costume": 0,
      "cons": 1,
      "talent": {
        "a": 6,
        "e": 6,
        "q": 6
      },
      "weapon": {
        "name": "不灭月华",
        "level": 60,
        "promote": 3,
        "affix": 1
      },
      "artis": {
        "1": {
          "name": "海染之花",
          "level": 20,
          "star": 5,
          "main": {
            "key": "hpPlus",
            "value": 4780
          },
          "attrs": [
            {
              "key": "atkPlus",
              "value": 33
            },
            {
              "key": "hp",
              "value": 5.8
            },
            {
              "key": "def",
              "value": 16.8
            },
            {
              "key": "mastery",
              "value": 37
            }
          ]
        },
        "2": {
          "name": "渊宫之羽",
          "level": 20,
          "star": 5,
          "main": {
            "key": "atkPlus",
            "value": 311
          },
          "attrs": [
            {
              "key": "cpct",
              "value": 5.8
            },
            {
              "key": "defPlus",
              "value": 65
            },
            {
              "key": "hp",
              "value": 8.2
            },
            {
              "key": "mastery",
              "value": 21
            }
          ]
        },
        "3": {
          "name": "离别之贝",
          "level": 8,
          "star": 5,
          "main": {
            "key": "atk",
            "value": 22.8
          },
          "attrs": [
            {
              "key": "defPlus",
              "value": 35
            },
            {
              "key": "hpPlus",
              "value": 269
            },
            {
              "key": "hp",
              "value": 5.8
            },
            {
              "key": "atkPlus",
              "value": 16
            }
          ]
        },
        "4": {
          "name": "真珠之笼",
          "level": 7,
          "star": 5,
          "main": {
            "key": "hp",
            "value": 20.9
          },
          "attrs": [
            {
              "key": "recharge",
              "value": 4.5
            },
            {
              "key": "hpPlus",
              "value": 299
            },
            {
              "key": "defPlus",
              "value": 16
            },
            {
              "key": "def",
              "value": 6.6
            }
          ]
        },
        "5": {
          "name": "渡火者的智慧",
          "level": 20,
          "star": 5,
          "main": {
            "key": "heal",
            "value": 35.9
          },
          "attrs": [
            {
              "key": "defPlus",
              "value": 60
            },
            {
              "key": "hp",
              "value": 5.8
            },
            {
              "key": "def",
              "value": 13.9
            },
            {
              "key": "atk",
              "value": 15.7
            }
          ]
        }
      },
      "_source": "enka",
      "_time": 1676859199587,
      "_update": 1677543205805,
      "_talent": 1677543205805
    },
    "10000060": {
      "name": "夜兰",
      "id": 10000060,
      "elem": "hydro",
      "level": 90,
      "promote": 6,
      "fetter": 6,
      "costume": 0,
      "cons": 0,
      "talent": {
        "a": 1,
        "e": 8,
        "q": 9
      },
      "weapon": {
        "name": "西风猎弓",
        "level": 70,
        "promote": 4,
        "affix": 5
      },
      "artis": {
        "1": {
          "name": "明威之镡",
          "level": 20,
          "star": 5,
          "mainId": 14001,
          "attrIds": [
            501203,
            501234,
            501034,
            501062,
            501204,
            501233,
            501061,
            501201
          ]
        },
        "2": {
          "name": "猎人青翠的箭羽",
          "level": 1,
          "star": 5,
          "_name": "猎人青翠的箭羽",
          "_level": 20,
          "_star": 5,
          "mainId": 12001,
          "attrIds": [
            501244,
            501021,
            501033
          ]
        },
        "3": {
          "name": "雷云之笼",
          "level": 20,
          "star": 5,
          "mainId": 10002,
          "attrIds": [
            501244,
            501091,
            501061,
            501221,
            501091,
            501223,
            501061,
            501091
          ]
        },
        "4": {
          "name": "绯花之壶",
          "level": 20,
          "star": 5,
          "mainId": 15011,
          "attrIds": [
            501224,
            501031,
            501201,
            501054,
            501034,
            501052,
            501032,
            501202,
            501033
          ]
        },
        "5": {
          "name": "焦灼的魔女帽",
          "level": 20,
          "star": 5,
          "mainId": 13008,
          "attrIds": [
            501061,
            501034,
            501233,
            501202,
            501031,
            501064,
            501232,
            501034,
            501201
          ]
        }
      },
      "_source": "enka",
      "_time": 1678758211666,
      "_update": 1678758211666,
      "_talent": 1678758211666
    },
    "10000071": {
      "name": "赛诺",
      "id": 10000071,
      "elem": "electro",
      "level": 50,
      "promote": 3,
      "fetter": 1,
      "costume": 0,
      "cons": 0,
      "talent": {
        "a": 1,
        "e": 2,
        "q": 2
      },
      "weapon": {
        "name": "决斗之枪",
        "level": 90,
        "promote": 6,
        "affix": 1
      },
      "artis": {
        "1": {
          "name": "雷鸟的怜悯",
          "level": 20,
          "star": 5,
          "mainId": 14001,
          "attrIds": [
            501232,
            501092,
            501221,
            501201,
            501234,
            501222,
            501231,
            501234
          ]
        },
        "2": {
          "name": "雷灾的孑遗",
          "level": 20,
          "star": 5,
          "mainId": 12001,
          "attrIds": [
            501201,
            501222,
            501033,
            501081,
            501032,
            501223,
            501082,
            501223
          ]
        },
        "3": {
          "name": "雷霆的时计",
          "level": 1,
          "star": 5,
          "mainId": 10004,
          "attrIds": [
            501022,
            501082,
            501033,
            501234
          ]
        },
        "4": {
          "name": "吟游者之壶",
          "level": 12,
          "star": 5,
          "mainId": 15009,
          "attrIds": [
            501064,
            501094,
            501241,
            501021,
            501244,
            501063
          ]
        },
        "5": {
          "name": "唤雷的头冠",
          "level": 1,
          "star": 5,
          "mainId": 13004,
          "attrIds": [
            501224,
            501051,
            501244
          ]
        }
      },
      "_source": "enka",
      "_time": 1678758211664,
      "_update": 1678758211664,
      "_talent": 1678758211664
    },
    "10000073": {
      "name": "纳西妲",
      "id": 10000073,
      "elem": "dendro",
      "level": 70,
      "promote": 4,
      "fetter": 8,
      "costume": 0,
      "cons": 0,
      "talent": {
        "a": 1,
        "e": 6,
        "q": 6
      },
      "weapon": {
        "name": "流浪乐章",
        "level": 90,
        "promote": 6,
        "affix": 4
      },
      "artis": {
        "1": {
          "name": "迷宫的游人",
          "level": 20,
          "star": 5,
          "mainId": 14001,
          "attrIds": [
            501203,
            501052,
            501244,
            501064,
            501062,
            501062,
            501063,
            501203
          ]
        },
        "2": {
          "name": "翠蔓的智者",
          "level": 20,
          "star": 5,
          "mainId": 12001,
          "attrIds": [
            501024,
            501242,
            501223,
            501231,
            501234,
            501221,
            501023,
            501231
          ]
        },
        "3": {
          "name": "贤智的定期",
          "level": 20,
          "star": 5,
          "mainId": 10008,
          "attrIds": [
            501092,
            501022,
            501202,
            501063,
            501023,
            501021,
            501064,
            501202
          ]
        },
        "4": {
          "name": "绯花之壶",
          "level": 20,
          "star": 5,
          "mainId": 15014,
          "attrIds": [
            501241,
            501083,
            501223,
            501034,
            501244,
            501083,
            501244,
            501082
          ]
        },
        "5": {
          "name": "月桂的宝冠",
          "level": 20,
          "star": 5,
          "mainId": 13010,
          "attrIds": [
            501054,
            501024,
            501093,
            501031,
            501023,
            501054,
            501031,
            501091
          ]
        }
      },
      "_source": "enka",
      "_time": 1678758211665,
      "_update": 1678758211665,
      "_talent": 1678758211665
    },
    "10000078": {
      "name": "艾尔海森",
      "id": 10000078,
      "elem": "dendro",
      "level": 80,
      "promote": 5,
      "fetter": 7,
      "costume": 0,
      "cons": 0,
      "talent": {
        "a": 8,
        "e": 8,
        "q": 7
      },
      "weapon": {
        "name": "雾切之回光",
        "level": 90,
        "promote": 6,
        "affix": 1
      },
      "artis": {
        "1": {
          "name": "梦中的铁花",
          "level": 20,
          "star": 5,
          "mainId": 14001,
          "attrIds": [
            501092,
            501222,
            501054,
            501081,
            501054,
            501051,
            501223,
            501223
          ]
        },
        "2": {
          "name": "琴师的箭羽",
          "level": 20,
          "star": 5,
          "mainId": 12001,
          "attrIds": [
            501222,
            501204,
            501021,
            501081,
            501203,
            501202,
            501021,
            501223,
            501224
          ]
        },
        "3": {
          "name": "角斗士的希冀",
          "level": 20,
          "star": 5,
          "mainId": 10008,
          "attrIds": [
            501024,
            501054,
            501204,
            501223,
            501023,
            501023,
            501222,
            501022
          ]
        },
        "4": {
          "name": "迷误者之灯",
          "level": 20,
          "star": 5,
          "mainId": 15014,
          "attrIds": [
            501052,
            501202,
            501093,
            501244,
            501092,
            501244,
            501202,
            501093
          ]
        },
        "5": {
          "name": "指挥的礼帽",
          "level": 20,
          "star": 5,
          "mainId": 13008,
          "attrIds": [
            501092,
            501231,
            501203,
            501054,
            501053,
            501233,
            501204,
            501052,
            501053
          ]
        }
      },
      "_source": "enka",
      "_time": 1678758211665,
      "_update": 1678758211665,
      "_talent": 1678758211665
    }
  }
}