{"uid":"119257432","chars":{"10000002":{"id":10000002,"name":"神里绫华","elem":"cryo","level":90,"promote":6,"fetter":10,"costume":200201,"cons":0,"talent":{"a":8,"e":8,"q":10},"attr":{"atk":1769.2825018108197,"atkBase":883.8548583984375,"def":1191.2183837890625,"defBase":783.9254760742188,"hp":23057.095703125,"hpBase":12858.20703125,"mastery":20.979999542236328,"recharge":132.3799967765808,"heal":0,"cpct":69.32240128517151,"cdmg":225.17998218536377,"dmg":61.59999966621399,"phy":0},"weapon":{"name":"磐岩结绿","star":5,"level":90,"promote":6,"affix":1},"artis":{"1":{"name":"宗室之花","set":"昔日宗室之仪","level":20,"main":{"key":"hpPlus","value":4780},"attrs":[{"key":"cdmg","value":37.3},{"key":"atk","value":4.7},{"key":"defPlus","value":42},{"key":"def","value":6.6}]},"2":{"name":"摧冰而行的执望","set":"冰风迷途的勇士","level":20,"main":{"key":"atkPlus","value":311},"attrs":[{"key":"cpct","value":7},{"key":"cdmg","value":14.8},{"key":"recharge","value":5.2},{"key":"def","value":16}]},"3":{"name":"宗室时计","set":"昔日宗室之仪","level":20,"main":{"key":"atk","value":46.6},"attrs":[{"key":"atkPlus","value":39},{"key":"recharge","value":11},{"key":"cdmg","value":22.5},{"key":"hp","value":8.2}]},"4":{"name":"超越之盏","set":"苍白之火","level":20,"main":{"key":"cryo","value":46.6},"attrs":[{"key":"cpct","value":13.2},{"key":"mastery","value":21},{"key":"hp","value":5.8},{"key":"recharge","value":16.2}]},"5":{"name":"破冰踏雪的回音","set":"冰风迷途的勇士","level":20,"main":{"key":"cdmg","value":62.2},"attrs":[{"key":"hpPlus","value":299},{"key":"def","value":24.1},{"key":"atk","value":9.3},{"key":"hp","value":5.8}]}},"dataSource":"enka","_time":1675295109507},"10000029":{"id":10000029,"name":"可莉","elem":"pyro","level":90,"promote":6,"fetter":10,"costume":0,"cons":0,"talent":{"a":9,"e":8,"q":8},"attr":{"atk":1822.7473120908253,"atkBase":919.0065307617188,"def":747.6156616210938,"defBase":614.843505859375,"hp":18242.0625,"hpBase":10286.5654296875,"mastery":80,"recharge":100,"heal":0,"cpct":66.07679724693298,"cdmg":208.55998992919922,"dmg":75.39999485015869,"phy":0},"weapon":{"name":"四风原典","star":5,"level":90,"promote":6,"affix":1},"artis":{"1":{"name":"雷鸟的怜悯","set":"如雷的盛怒","level":20,"main":{"key":"hpPlus","value":4780},"attrs":[{"key":"defPlus","value":16},{"key":"def","value":7.3},{"key":"hp","value":5.3},{"key":"cdmg","value":39.6}]},"2":{"name":"琴师的箭羽","set":"流浪大地的乐团","level":20,"main":{"key":"atkPlus","value":311},"attrs":[{"key":"hp","value":5.8},{"key":"cpct","value":7.4},{"key":"atk","value":10.5},{"key":"cdmg","value":25.6}]},"3":{"name":"终幕的时计","set":"流浪大地的乐团","level":20,"main":{"key":"atk","value":46.6},"attrs":[{"key":"cpct","value":10.1},{"key":"defPlus","value":16},{"key":"cdmg","value":18.7},{"key":"atkPlus","value":29}]},"4":{"name":"吟游者之壶","set":"流浪大地的乐团","level":20,"main":{"key":"pyro","value":46.6},"attrs":[{"key":"hpPlus","value":269},{"key":"defPlus","value":35},{"key":"cdmg","value":12.4},{"key":"hp","value":12.8}]},"5":{"name":"指挥的礼帽","set":"流浪大地的乐团","level":20,"main":{"key":"cdmg","value":62.2},"attrs":[{"key":"defPlus","value":21},{"key":"atkPlus","value":39},{"key":"cpct","value":10.5},{"key":"hpPlus","value":448}]}},"dataSource":"enka","_time":1675295109498},"10000046":{"id":10000046,"name":"胡桃","elem":"pyro","level":90,"promote":6,"fetter":10,"costume":0,"cons":0,"talent":{"a":10,"e":10,"q":10},"attr":{"atk":1081.9190368652344,"atkBase":714.509033203125,"def":1106.438720703125,"defBase":876.1519775390625,"hp":33632.79296875,"hpBase":15552.306640625,"mastery":16.31999969482422,"recharge":100,"heal":0,"cpct":75.76000094413757,"cdmg":233.81359577178955,"dmg":61.59999966621399,"phy":0},"weapon":{"name":"护摩之杖","star":5,"level":90,"promote":6,"affix":1},"artis":{"1":{"name":"魔女的炎之花","set":"炽烈的炎之魔女","level":20,"main":{"key":"hpPlus","value":4780},"attrs":[{"key":"mastery","value":16},{"key":"def","value":7.3},{"key":"cpct","value":9.7},{"key":"cdmg","value":25.7}]},"2":{"name":"魔女常燃之羽","set":"炽烈的炎之魔女","level":20,"main":{"key":"atkPlus","value":311},"attrs":[{"key":"cdmg","value":7},{"key":"defPlus","value":21},{"key":"cpct","value":13.6},{"key":"hpPlus","value":508}]},"3":{"name":"魔女破灭之时","set":"炽烈的炎之魔女","level":20,"main":{"key":"hp","value":46.6},"attrs":[{"key":"cpct","value":5.8},{"key":"atkPlus","value":19},{"key":"cdmg","value":14.8},{"key":"hpPlus","value":777}]},"4":{"name":"绯花之壶","set":"绝缘之旗印","level":20,"main":{"key":"pyro","value":46.6},"attrs":[{"key":"cpct","value":10.5},{"key":"def","value":12.4},{"key":"hp","value":8.7},{"key":"cdmg","value":13.2}]},"5":{"name":"焦灼的魔女帽","set":"炽烈的炎之魔女","level":20,"main":{"key":"cpct","value":31.1},"attrs":[{"key":"atkPlus","value":37},{"key":"hpPlus","value":299},{"key":"defPlus","value":37},{"key":"cdmg","value":18.7}]}},"dataSource":"enka","_time":1675295109491},"10000051":{"id":10000051,"name":"优菈","elem":"cryo","level":90,"promote":6,"fetter":10,"costume":0,"cons":0,"talent":{"a":8,"e":8,"q":9},"attr":{"atk":2235.9246427986072,"atkBase":1016.359619140625,"def":785.59765625,"defBase":750.8776245117188,"hp":19685.80859375,"hpBase":13225.583984375,"mastery":0,"recharge":136.7519974708557,"heal":0,"cpct":48.16000461578369,"cdmg":205.76000213623047,"dmg":0,"phy":108.29999446868896},"weapon":{"name":"天空之傲","star":5,"level":90,"promote":6,"affix":2},"artis":{"1":{"name":"染血的铁之心","set":"染血的骑士道","level":20,"main":{"key":"hpPlus","value":4780},"attrs":[{"key":"cdmg","value":7},{"key":"defPlus","value":35},{"key":"cpct","value":11.7},{"key":"atkPlus","value":19}]},"2":{"name":"贤医之羽","set":"苍白之火","level":20,"main":{"key":"atkPlus","value":311},"attrs":[{"key":"hpPlus","value":299},{"key":"atk","value":16.9},{"key":"cdmg","value":12.4},{"key":"cpct","value":6.6}]},"3":{"name":"骑士染血之时","set":"染血的骑士道","level":20,"main":{"key":"atk","value":46.6},"attrs":[{"key":"cdmg","value":14.8},{"key":"cpct","value":7.8},{"key":"hpPlus","value":687},{"key":"atkPlus","value":16}]},"4":{"name":"降雷的凶兆","set":"如雷的盛怒","level":20,"main":{"key":"phy","value":58.3},"attrs":[{"key":"atkPlus","value":33},{"key":"cdmg","value":21},{"key":"atk","value":4.7},{"key":"cpct","value":6.2}]},"5":{"name":"嗤笑之面","set":"苍白之火","level":20,"main":{"key":"cdmg","value":62.2},"attrs":[{"key":"atk","value":11.1},{"key":"hp","value":5.3},{"key":"cpct","value":10.9},{"key":"atkPlus","value":35}]}},"dataSource":"enka","_time":1675295109506},"10000052":{"id":10000052,"name":"雷电将军","elem":"electro","level":90,"promote":6,"fetter":10,"costume":0,"cons":0,"talent":{"a":9,"e":10,"q":10},"attr":{"atk":1906.5460374078393,"atkBase":945.316162109375,"def":849.4854125976562,"defBase":789.305419921875,"hp":19532.2890625,"hpBase":12907.1904296875,"mastery":62.939998626708984,"recharge":264.1079902648926,"heal":0,"cpct":64.86999988555908,"cdmg":142.47000217437744,"dmg":0.0000011920928955078125,"phy":0},"weapon":{"name":"薙草之稻光","star":5,"level":90,"promote":6,"affix":1},"artis":{"1":{"name":"明威之镡","set":"绝缘之旗印","level":20,"main":{"key":"hpPlus","value":4780},"attrs":[{"key":"hp","value":4.7},{"key":"cpct","value":2.7},{"key":"defPlus","value":23},{"key":"cdmg","value":33.4}]},"2":{"name":"切落之羽","set":"绝缘之旗印","level":20,"main":{"key":"atkPlus","value":311},"attrs":[{"key":"cpct","value":9.3},{"key":"cdmg","value":14},{"key":"hpPlus","value":418},{"key":"hp","value":4.1}]},"3":{"name":"坚铜罗盘","set":"沉沦之心","level":20,"main":{"key":"recharge","value":51.8},"attrs":[{"key":"atkPlus","value":35},{"key":"cdmg","value":17.1},{"key":"hpPlus","value":299},{"key":"cpct","value":9.3}]},"4":{"name":"绯花之壶","set":"绝缘之旗印","level":20,"main":{"key":"atk","value":46.6},"attrs":[{"key":"cpct","value":7.4},{"key":"cdmg","value":13.2},{"key":"mastery","value":63},{"key":"defPlus","value":37}]},"5":{"name":"华饰之兜","set":"绝缘之旗印","level":20,"main":{"key":"cpct","value":31.1},"attrs":[{"key":"recharge","value":5.2},{"key":"cdmg","value":14.8},{"key":"atkPlus","value":37},{"key":"atk","value":14.6}]}},"dataSource":"enka","_time":1675295109486},"10000058":{"id":10000058,"name":"八重神子","elem":"electro","level":90,"promote":6,"fetter":10,"costume":0,"cons":4,"talent":{"a":10,"e":10,"q":10},"attr":{"atk":2139.8911771175226,"atkBase":947.7079467773438,"def":668.201171875,"defBase":568.730224609375,"hp":15719.9169921875,"hpBase":10372.287109375,"mastery":18.649999618530273,"recharge":116.84000492095947,"heal":0,"cpct":69.69999670982361,"cdmg":258.383584022522,"dmg":61.59999966621399,"phy":0},"weapon":{"name":"神乐之真意","star":5,"level":90,"promote":6,"affix":1},"artis":{"1":{"name":"角斗士的留恋","set":"角斗士的终幕礼","level":20,"main":{"key":"hpPlus","value":4780},"attrs":[{"key":"atk","value":5.3},{"key":"def","value":5.8},{"key":"cdmg","value":37.3},{"key":"cpct","value":6.6}]},"2":{"name":"雷灾的孑遗","set":"如雷的盛怒","level":20,"main":{"key":"atkPlus","value":311},"attrs":[{"key":"cpct","value":10.5},{"key":"cdmg","value":19.4},{"key":"mastery","value":19},{"key":"recharge","value":5.8}]},"3":{"name":"角斗士的希冀","set":"角斗士的终幕礼","level":20,"main":{"key":"atk","value":46.6},"attrs":[{"key":"cpct","value":11.3},{"key":"recharge","value":11},{"key":"cdmg","value":15.5},{"key":"atkPlus","value":18}]},"4":{"name":"降雷的凶兆","set":"如雷的盛怒","level":20,"main":{"key":"electro","value":46.6},"attrs":[{"key":"atk","value":9.9},{"key":"cdmg","value":7.8},{"key":"atkPlus","value":53},{"key":"cpct","value":6.2}]},"5":{"name":"指挥的礼帽","set":"流浪大地的乐团","level":20,"main":{"key":"cdmg","value":62.2},"attrs":[{"key":"hpPlus","value":568},{"key":"cpct","value":10.9},{"key":"def","value":11.7},{"key":"atk","value":5.8}]}},"dataSource":"enka","_time":1675295109482},"10000060":{"id":10000060,"name":"夜兰","elem":"hydro","level":90,"promote":6,"fetter":10,"costume":0,"cons":0,"talent":{"a":2,"e":9,"q":10},"attr":{"atk":1247.4734512293762,"atkBase":852.03662109375,"def":619.8741455078125,"defBase":547.9793090820312,"hp":32074.44140625,"hpBase":14450.17578125,"mastery":60,"recharge":217.2379970550537,"heal":0,"cpct":54.14000153541565,"cdmg":165.82000255584717,"dmg":46.59999907016754,"phy":0},"weapon":{"name":"终末嗟叹之诗","star":5,"level":90,"promote":6,"affix":1},"artis":{"1":{"name":"明威之镡","set":"绝缘之旗印","level":20,"main":{"key":"hpPlus","value":4780},"attrs":[{"key":"hp","value":5.3},{"key":"cdmg","value":14},{"key":"cpct","value":3.9},{"key":"recharge","value":24}]},"2":{"name":"切落之羽","set":"绝缘之旗印","level":20,"main":{"key":"atkPlus","value":311},"attrs":[{"key":"cdmg","value":6.2},{"key":"hp","value":8.2},{"key":"atk","value":9.9},{"key":"cpct","value":9.7}]},"3":{"name":"雷云之笼","set":"绝缘之旗印","level":20,"main":{"key":"hp","value":46.6},"attrs":[{"key":"cpct","value":9.3},{"key":"cdmg","value":13.2},{"key":"hpPlus","value":239},{"key":"def","value":13.1}]},"4":{"name":"少女片刻的闲暇","set":"被怜爱的少女","level":20,"main":{"key":"hydro","value":46.6},"attrs":[{"key":"hpPlus","value":478},{"key":"cdmg","value":20.2},{"key":"recharge","value":6.5},{"key":"hp","value":10.5}]},"5":{"name":"华饰之兜","set":"绝缘之旗印","level":20,"main":{"key":"cdmg","value":62.2},"attrs":[{"key":"recharge","value":11.7},{"key":"cpct","value":7},{"key":"hp","value":9.9},{"key":"hpPlus","value":508}]}},"dataSource":"enka","_time":1675295109501},"10000066":{"id":10000066,"name":"神里绫人","elem":"hydro","level":90,"promote":6,"fetter":10,"costume":0,"cons":0,"talent":{"a":6,"e":10,"q":10},"attr":{"atk":1918.121228116317,"atkBase":907.047607421875,"def":828.7344360351562,"defBase":768.554443359375,"hp":22617.9453125,"hpBase":13715.419921875,"mastery":41.959999084472656,"recharge":117.49000549316406,"heal":0,"cpct":70.7368016242981,"cdmg":246.16000652313232,"dmg":46.59999966621399,"phy":0},"weapon":{"name":"波乱月白经津","star":5,"level":90,"promote":6,"affix":2},"artis":{"1":{"name":"角斗士的留恋","set":"角斗士的终幕礼","level":20,"main":{"key":"hpPlus","value":4780},"attrs":[{"key":"cdmg","value":14},{"key":"mastery","value":42},{"key":"cpct","value":13.2},{"key":"atkPlus","value":14}]},"2":{"name":"角斗士的归宿","set":"角斗士的终幕礼","level":20,"main":{"key":"atkPlus","value":311},"attrs":[{"key":"hp","value":8.7},{"key":"recharge","value":6.5},{"key":"cpct","value":5.4},{"key":"cdmg","value":28}]},"3":{"name":"角斗士的希冀","set":"角斗士的终幕礼","level":20,"main":{"key":"atk","value":46.6},"attrs":[{"key":"recharge","value":11},{"key":"cdmg","value":26.4},{"key":"cpct","value":3.9},{"key":"hpPlus","value":508}]},"4":{"name":"祈望之心","set":"追忆之注连","level":20,"main":{"key":"hydro","value":46.6},"attrs":[{"key":"cdmg","value":27.2},{"key":"defPlus","value":16},{"key":"atk","value":11.1},{"key":"hpPlus","value":598}]},"5":{"name":"角斗士的凯旋","set":"角斗士的终幕礼","level":20,"main":{"key":"cdmg","value":62.2},"attrs":[{"key":"defPlus","value":44},{"key":"cpct","value":10.1},{"key":"hpPlus","value":299},{"key":"hp","value":11.1}]}},"dataSource":"enka","_time":1675295109498}}}