{
  "uid": "128344343",
  "name": "",
  "level": "",
  "word": "",
  "face": "",
  "card": "",
  "sign": "",
  "info": false,
  "_mys": 1682109387927,
  "_profile": 1686016155980,
  "avatars": {
    "10000007": {
      "name": "荧",
      "id": 10000007,
      "elem": "geo",
      "level": 81,
      "promote": 6,
      "fetter": 1,
      "costume": 0,
      "cons": 6,
      "talent": {
        "a": 5,
        "e": 4,
        "q": 4
      },
      "weapon": {
        "name": "笼钓瓶一心",
        "level": 90,
        "promote": 6,
        "affix": 1
      },
      "artis": {
        "3": {
          "level": 20,
          "star": 5,
          "name": "朝露之时",
          "main": {
            "key": "atk",
            "value": 46.6
          },
          "attrs": [
            {
              "key": "cpct",
              "value": 5.8
            },
            {
              "key": "cdmg",
              "value": 15.5
            },
            {
              "key": "mastery",
              "value": 35
            },
            {
              "key": "atkPlus",
              "value": 33
            }
          ]
        },
        "4": {
          "level": 20,
          "star": 5,
          "name": "魔女的心之火",
          "main": {
            "key": "dendro",
            "value": 46.6
          },
          "attrs": [
            {
              "key": "cpct",
              "value": 7.4
            },
            {
              "key": "cdmg",
              "value": 12.4
            },
            {
              "key": "atk",
              "value": 11.1
            },
            {
              "key": "hp",
              "value": 15.2
            }
          ]
        }
      },
      "_source": "enka",
      "_time": 1675484946192,
      "_update": 1677557576293,
      "_talent": 1677557576293
    },
    "10000016": {
      "name": "迪卢克",
      "id": 10000016,
      "elem": "pyro",
      "level": 90,
      "promote": 6,
      "fetter": 10,
      "costume": 201601,
      "cons": 1,
      "talent": {
        "a": 10,
        "e": 8,
        "q": 8
      },
      "weapon": {
        "name": "狼的末路",
        "level": 90,
        "promote": 6,
        "affix": 1
      },
      "artis": {
        "1": {
          "level": 20,
          "star": 5,
          "name": "魔女的炎之花",
          "mainId": 14001,
          "attrIds": [
            501224,
            501063,
            501233,
            501052,
            501224,
            501224,
            501221,
            501232
          ]
        },
        "2": {
          "level": 20,
          "star": 5,
          "name": "魔女常燃之羽",
          "mainId": 12001,
          "attrIds": [
            501063,
            501224,
            501203,
            501034,
            501201,
            501221,
            501204,
            501063
          ]
        },
        "3": {
          "level": 20,
          "star": 5,
          "name": "魔女破灭之时",
          "mainId": 10004,
          "attrIds": [
            501223,
            501054,
            501023,
            501204,
            501203,
            501053,
            501204,
            501224
          ]
        },
        "4": {
          "level": 20,
          "star": 5,
          "name": "染血骑士之杯",
          "mainId": 15008,
          "attrIds": [
            501232,
            501053,
            501222,
            501023,
            501222,
            501224,
            501023,
            501224,
            501221
          ]
        },
        "5": {
          "level": 20,
          "star": 5,
          "name": "焦灼的魔女帽",
          "mainId": 13008,
          "attrIds": [
            501052,
            501023,
            501241,
            501202,
            501052,
            501204,
            501242,
            501024
          ]
        }
      },
      "_source": "enka",
      "_time": 1677945367387,
      "_update": 1677945367387,
      "_talent": 1677945367387
    },
    "10000020": {
      "name": "雷泽",
      "id": 10000020,
      "elem": "electro",
      "level": 80,
      "promote": 5,
      "fetter": 2,
      "costume": 0,
      "cons": 6,
      "talent": {
        "a": 8,
        "e": 1,
        "q": 7
      },
      "weapon": {
        "name": "螭骨剑",
        "level": 80,
        "promote": 5,
        "affix": 1
      },
      "artis": {
        "1": {
          "level": 20,
          "star": 5,
          "name": "角斗士的留恋",
          "main": {
            "key": "hpPlus",
            "value": 4780
          },
          "attrs": [
            {
              "key": "cpct",
              "value": 9.3
            },
            {
              "key": "atkPlus",
              "value": 37
            },
            {
              "key": "cdmg",
              "value": 15.5
            },
            {
              "key": "atk",
              "value": 5.3
            }
          ]
        },
        "2": {
          "level": 20,
          "star": 5,
          "name": "角斗士的归宿",
          "main": {
            "key": "atkPlus",
            "value": 311
          },
          "attrs": [
            {
              "key": "cpct",
              "value": 7
            },
            {
              "key": "cdmg",
              "value": 20.2
            },
            {
              "key": "recharge",
              "value": 17.5
            },
            {
              "key": "hpPlus",
              "value": 209
            }
          ]
        },
        "3": {
          "level": 20,
          "star": 5,
          "name": "角斗士的希冀",
          "main": {
            "key": "atk",
            "value": 46.6
          },
          "attrs": [
            {
              "key": "cdmg",
              "value": 14
            },
            {
              "key": "defPlus",
              "value": 46
            },
            {
              "key": "mastery",
              "value": 42
            },
            {
              "key": "cpct",
              "value": 6.2
            }
          ]
        },
        "4": {
          "level": 20,
          "star": 5,
          "name": "宗室银瓮",
          "main": {
            "key": "phy",
            "value": 58.3
          },
          "attrs": [
            {
              "key": "hpPlus",
              "value": 538
            },
            {
              "key": "atk",
              "value": 9.3
            },
            {
              "key": "cdmg",
              "value": 6.2
            },
            {
              "key": "cpct",
              "value": 10.1
            }
          ]
        },
        "5": {
          "level": 20,
          "star": 5,
          "name": "角斗士的凯旋",
          "main": {
            "key": "cpct",
            "value": 31.1
          },
          "attrs": [
            {
              "key": "cdmg",
              "value": 21.8
            },
            {
              "key": "atkPlus",
              "value": 16
            },
            {
              "key": "mastery",
              "value": 44
            },
            {
              "key": "def",
              "value": 19.7
            }
          ]
        }
      },
      "_source": "enka",
      "_time": 1675269184993,
      "_update": 1677557576296,
      "_talent": 1677557576296
    },
    "10000021": {
      "name": "安柏",
      "id": 10000021,
      "elem": "pyro",
      "level": 50,
      "promote": 3,
      "fetter": 6,
      "costume": 0,
      "cons": 1,
      "talent": {
        "a": 1,
        "e": 1,
        "q": 1
      },
      "weapon": {
        "name": "阿莫斯之弓",
        "level": 90,
        "promote": 6,
        "affix": 1
      },
      "artis": {
        "1": {
          "level": 20,
          "star": 5,
          "name": "乐团的晨光",
          "mainId": 14001,
          "attrIds": [
            501082,
            501223,
            501204,
            501053,
            501222,
            501223,
            501051,
            501203
          ]
        },
        "2": {
          "level": 20,
          "star": 5,
          "name": "琴师的箭羽",
          "mainId": 12001,
          "attrIds": [
            501032,
            501204,
            501224,
            501024,
            501203,
            501202,
            501022,
            501223,
            501221
          ]
        },
        "3": {
          "level": 20,
          "star": 5,
          "name": "终幕的时计",
          "mainId": 10004,
          "attrIds": [
            501093,
            501023,
            501223,
            501034,
            501034,
            501221,
            501222,
            501022,
            501222
          ]
        },
        "4": {
          "level": 20,
          "star": 5,
          "name": "祈望之心",
          "mainId": 15010,
          "attrIds": [
            501081,
            501223,
            501021,
            501204,
            501201,
            501223,
            501224,
            501223
          ]
        },
        "5": {
          "level": 20,
          "star": 5,
          "name": "指挥的礼帽",
          "mainId": 13008,
          "attrIds": [
            501094,
            501051,
            501204,
            501231,
            501094,
            501201,
            501204,
            501051,
            501202
          ]
        }
      },
      "_source": "mgg",
      "_time": 1680481777781,
      "_update": 1680481777781,
      "_talent": 1680481777781
    },
    "10000022": {
      "name": "温迪",
      "id": 10000022,
      "elem": "anemo",
      "level": 71,
      "promote": 5,
      "fetter": 9,
      "costume": 0,
      "cons": 0,
      "talent": {
        "a": 3,
        "e": 8,
        "q": 8
      },
      "weapon": {
        "name": "猎弓",
        "level": 1,
        "promote": 0,
        "affix": 1
      },
      "artis": {
        "1": {
          "level": 20,
          "star": 5,
          "name": "野花记忆的绿野",
          "mainId": 14001,
          "attrIds": [
            501054,
            501241,
            501092,
            501224,
            501244,
            501054,
            501053,
            501224
          ]
        },
        "2": {
          "level": 20,
          "star": 5,
          "name": "猎人青翠的箭羽",
          "mainId": 12001,
          "attrIds": [
            501082,
            501204,
            501032,
            501243,
            501083,
            501242,
            501243,
            501031,
            501242
          ]
        },
        "3": {
          "level": 20,
          "star": 5,
          "name": "魔女破灭之时",
          "mainId": 10004,
          "attrIds": [
            501203,
            501052,
            501081,
            501094,
            501204,
            501082,
            501201,
            501203,
            501083
          ]
        },
        "4": {
          "level": 20,
          "star": 5,
          "name": "翠绿猎人的容器",
          "mainId": 15007,
          "attrIds": [
            501051,
            501081,
            501202,
            501231,
            501234,
            501054,
            501233,
            501081,
            501204
          ]
        },
        "5": {
          "level": 20,
          "star": 5,
          "name": "指挥的礼帽",
          "mainId": 13010,
          "attrIds": [
            501224,
            501021,
            501202,
            501031,
            501031,
            501033,
            501222,
            501031,
            501031
          ]
        }
      },
      "_source": "enka",
      "_time": 1677945690449,
      "_update": 1677945690449,
      "_talent": 1677945690449
    },
    "10000023": {
      "name": "香菱",
      "id": 10000023,
      "elem": "pyro",
      "level": 81,
      "promote": 6,
      "fetter": 9,
      "costume": 0,
      "cons": 6,
      "talent": {
        "a": 1,
        "e": 5,
        "q": 8
      },
      "weapon": {
        "name": "天空之脊",
        "level": 90,
        "promote": 6,
        "affix": 4
      },
      "artis": {
        "1": {
          "level": 20,
          "star": 5,
          "name": "宗室之花",
          "main": {
            "key": "hpPlus",
            "value": 4780
          },
          "attrs": [
            {
              "key": "cdmg",
              "value": 20.2
            },
            {
              "key": "cpct",
              "value": 6.2
            },
            {
              "key": "def",
              "value": 14.6
            },
            {
              "key": "atkPlus",
              "value": 14
            }
          ]
        },
        "2": {
          "level": 20,
          "star": 5,
          "name": "魔女常燃之羽",
          "main": {
            "key": "atkPlus",
            "value": 311
          },
          "attrs": [
            {
              "key": "atk",
              "value": 10.5
            },
            {
              "key": "cdmg",
              "value": 13.2
            },
            {
              "key": "cpct",
              "value": 10.1
            },
            {
              "key": "hp",
              "value": 5.8
            }
          ]
        },
        "3": {
          "level": 20,
          "star": 5,
          "name": "终幕的时计",
          "main": {
            "key": "recharge",
            "value": 51.8
          },
          "attrs": [
            {
              "key": "hpPlus",
              "value": 239
            },
            {
              "key": "cpct",
              "value": 3.5
            },
            {
              "key": "def",
              "value": 13.1
            },
            {
              "key": "cdmg",
              "value": 27.2
            }
          ]
        },
        "4": {
          "level": 20,
          "star": 5,
          "name": "魔女的心之火",
          "main": {
            "key": "pyro",
            "value": 46.6
          },
          "attrs": [
            {
              "key": "hp",
              "value": 8.7
            },
            {
              "key": "cpct",
              "value": 8.9
            },
            {
              "key": "atk",
              "value": 11.1
            },
            {
              "key": "cdmg",
              "value": 7.8
            }
          ]
        },
        "5": {
          "level": 20,
          "star": 5,
          "name": "宗室面具",
          "main": {
            "key": "cdmg",
            "value": 62.2
          },
          "attrs": [
            {
              "key": "atkPlus",
              "value": 16
            },
            {
              "key": "def",
              "value": 6.6
            },
            {
              "key": "defPlus",
              "value": 53
            },
            {
              "key": "cpct",
              "value": 10.5
            }
          ]
        }
      },
      "_source": "enka",
      "_time": 1675603209592,
      "_update": 1677557576297,
      "_talent": 1677557576297
    },
    "10000026": {
      "name": "魈",
      "id": 10000026,
      "elem": "anemo",
      "level": 90,
      "promote": 6,
      "fetter": 10,
      "costume": 0,
      "cons": 0,
      "talent": {
        "a": 10,
        "e": 8,
        "q": 10
      },
      "weapon": {
        "name": "和璞鸢",
        "level": 90,
        "promote": 6,
        "affix": 1
      },
      "artis": {
        "1": {
          "level": 20,
          "star": 5,
          "name": "野花记忆的绿野",
          "mainId": 14001,
          "attrIds": [
            501083,
            501221,
            501063,
            501202,
            501203,
            501203,
            501221,
            501064
          ]
        },
        "2": {
          "level": 20,
          "star": 5,
          "name": "角斗士的归宿",
          "mainId": 12001,
          "attrIds": [
            501202,
            501021,
            501242,
            501222,
            501224,
            501204,
            501204,
            501204,
            501223
          ]
        },
        "3": {
          "level": 20,
          "star": 5,
          "name": "角斗士的希冀",
          "mainId": 10004,
          "attrIds": [
            501053,
            501092,
            501222,
            501231,
            501223,
            501054,
            501224,
            501222,
            501223
          ]
        },
        "4": {
          "level": 20,
          "star": 5,
          "name": "渡火者的醒悟",
          "mainId": 15012,
          "attrIds": [
            501224,
            501064,
            501232,
            501082,
            501223,
            501061,
            501064,
            501062,
            501084
          ]
        },
        "5": {
          "level": 20,
          "star": 5,
          "name": "翠绿的猎人之冠",
          "mainId": 13008,
          "attrIds": [
            501204,
            501092,
            501031,
            501084,
            501092,
            501083,
            501201,
            501033,
            501201
          ]
        }
      },
      "_source": "enka",
      "_time": 1686016155980,
      "_update": 1686016155980,
      "_talent": 1686016155980
    },
    "10000027": {
      "name": "凝光",
      "id": 10000027,
      "elem": "geo",
      "level": 90,
      "promote": 6,
      "fetter": 10,
      "costume": 202701,
      "cons": 6,
      "talent": {
        "a": 9,
        "e": 9,
        "q": 10
      },
      "weapon": {
        "name": "四风原典",
        "level": 90,
        "promote": 6,
        "affix": 1
      },
      "artis": {
        "1": {
          "level": 20,
          "star": 5,
          "name": "羁缠之花",
          "mainId": 14001,
          "attrIds": [
            501054,
            501222,
            501202,
            501232,
            501202,
            501054,
            501204,
            501223,
            501204
          ]
        },
        "2": {
          "level": 20,
          "star": 5,
          "name": "嵯峨群峰之翼",
          "mainId": 12001,
          "attrIds": [
            501223,
            501034,
            501244,
            501204,
            501204,
            501201,
            501243,
            501223,
            501244
          ]
        },
        "3": {
          "level": 20,
          "star": 5,
          "name": "翠绿猎人的笃定",
          "mainId": 10008,
          "attrIds": [
            501024,
            501063,
            501052,
            501083,
            501052,
            501053,
            501082,
            501062
          ]
        },
        "4": {
          "level": 20,
          "star": 5,
          "name": "角斗士的酣醉",
          "mainId": 15013,
          "attrIds": [
            501092,
            501064,
            501224,
            501203,
            501223,
            501061,
            501092,
            501204,
            501203
          ]
        },
        "5": {
          "level": 20,
          "star": 5,
          "name": "不动玄石之相",
          "mainId": 13008,
          "attrIds": [
            501201,
            501024,
            501032,
            501243,
            501241,
            501033,
            501202,
            501204
          ]
        }
      },
      "_source": "enka",
      "_time": 1677945367388,
      "_update": 1677945367388,
      "_talent": 1677945367388
    },
    "10000030": {
      "name": "钟离",
      "id": 10000030,
      "elem": "geo",
      "level": 81,
      "promote": 6,
      "fetter": 10,
      "costume": 0,
      "cons": 0,
      "talent": {
        "a": 5,
        "e": 10,
        "q": 10
      },
      "weapon": {
        "name": "护摩之杖",
        "level": 90,
        "promote": 6,
        "affix": 1
      },
      "artis": {
        "1": {
          "level": 20,
          "star": 5,
          "name": "羁缠之花",
          "mainId": 14001,
          "attrIds": [
            501054,
            501222,
            501202,
            501232,
            501202,
            501054,
            501204,
            501223,
            501204
          ]
        },
        "2": {
          "level": 20,
          "star": 5,
          "name": "角斗士的归宿",
          "mainId": 12001,
          "attrIds": [
            501202,
            501021,
            501242,
            501222,
            501224,
            501204,
            501204,
            501204,
            501223
          ]
        },
        "3": {
          "level": 20,
          "star": 5,
          "name": "星罗圭璧之晷",
          "mainId": 10002,
          "attrIds": [
            501224,
            501243,
            501053,
            501084,
            501052,
            501224,
            501224,
            501053,
            501224
          ]
        },
        "4": {
          "level": 20,
          "star": 5,
          "name": "角斗士的酣醉",
          "mainId": 15013,
          "attrIds": [
            501201,
            501221,
            501242,
            501052,
            501221,
            501221,
            501224,
            501243
          ]
        },
        "5": {
          "level": 20,
          "star": 5,
          "name": "不动玄石之相",
          "mainId": 13008,
          "attrIds": [
            501201,
            501024,
            501032,
            501243,
            501241,
            501033,
            501202,
            501204
          ]
        }
      },
      "_source": "enka",
      "_time": 1682203516232,
      "_update": 1682203516232,
      "_talent": 1682203516232
    },
    "10000032": {
      "name": "班尼特",
      "id": 10000032,
      "elem": "pyro",
      "level": 81,
      "promote": 6,
      "fetter": 10,
      "costume": 0,
      "cons": 6,
      "talent": {
        "a": 1,
        "e": 1,
        "q": 9
      },
      "weapon": {
        "name": "天空之刃",
        "level": 90,
        "promote": 6,
        "affix": 1
      },
      "artis": {
        "1": {
          "level": 20,
          "star": 5,
          "name": "魔女的炎之花",
          "main": {
            "key": "hpPlus",
            "value": 4780
          },
          "attrs": [
            {
              "key": "mastery",
              "value": 37
            },
            {
              "key": "cpct",
              "value": 9.3
            },
            {
              "key": "cdmg",
              "value": 14
            },
            {
              "key": "recharge",
              "value": 5.2
            }
          ]
        },
        "2": {
          "level": 20,
          "star": 5,
          "name": "宗室之翎",
          "main": {
            "key": "atkPlus",
            "value": 311
          },
          "attrs": [
            {
              "key": "hp",
              "value": 15.7
            },
            {
              "key": "recharge",
              "value": 16.2
            },
            {
              "key": "cpct",
              "value": 3.9
            },
            {
              "key": "cdmg",
              "value": 11.7
            }
          ]
        },
        "3": {
          "level": 20,
          "star": 5,
          "name": "宗室时计",
          "main": {
            "key": "recharge",
            "value": 51.8
          },
          "attrs": [
            {
              "key": "atkPlus",
              "value": 16
            },
            {
              "key": "defPlus",
              "value": 16
            },
            {
              "key": "atk",
              "value": 10.5
            },
            {
              "key": "cpct",
              "value": 13.2
            }
          ]
        },
        "4": {
          "level": 20,
          "star": 5,
          "name": "宗室银瓮",
          "main": {
            "key": "hp",
            "value": 46.6
          },
          "attrs": [
            {
              "key": "defPlus",
              "value": 44
            },
            {
              "key": "atk",
              "value": 8.7
            },
            {
              "key": "hpPlus",
              "value": 239
            },
            {
              "key": "atkPlus",
              "value": 53
            }
          ]
        },
        "5": {
          "level": 20,
          "star": 5,
          "name": "焦灼的魔女帽",
          "main": {
            "key": "hp",
            "value": 46.6
          },
          "attrs": [
            {
              "key": "cpct",
              "value": 14
            },
            {
              "key": "recharge",
              "value": 10.4
            },
            {
              "key": "cdmg",
              "value": 7
            },
            {
              "key": "hpPlus",
              "value": 239
            }
          ]
        }
      },
      "_source": "enka",
      "_time": 1675603209593,
      "_update": 1677557576299,
      "_talent": 1677557576299
    },
    "10000033": {
      "name": "达达利亚",
      "id": 10000033,
      "elem": "hydro",
      "level": 81,
      "promote": 6,
      "fetter": 10,
      "costume": 0,
      "cons": 0,
      "talent": {
        "a": 8,
        "e": 8,
        "q": 10
      },
      "weapon": {
        "name": "绝弦",
        "level": 90,
        "promote": 6,
        "affix": 5
      },
      "artis": {
        "1": {
          "level": 20,
          "star": 5,
          "name": "乐团的晨光",
          "main": {
            "key": "hpPlus",
            "value": 4780
          },
          "attrs": [
            {
              "key": "defPlus",
              "value": 19
            },
            {
              "key": "cdmg",
              "value": 20.2
            },
            {
              "key": "cpct",
              "value": 7.4
            },
            {
              "key": "atkPlus",
              "value": 31
            }
          ]
        },
        "2": {
          "level": 20,
          "star": 5,
          "name": "角斗士的归宿",
          "main": {
            "key": "atkPlus",
            "value": 311
          },
          "attrs": [
            {
              "key": "cpct",
              "value": 14.8
            },
            {
              "key": "hpPlus",
              "value": 209
            },
            {
              "key": "mastery",
              "value": 19
            },
            {
              "key": "cdmg",
              "value": 21
            }
          ]
        },
        "3": {
          "level": 20,
          "star": 5,
          "name": "魔女破灭之时",
          "main": {
            "key": "atk",
            "value": 46.6
          },
          "attrs": [
            {
              "key": "mastery",
              "value": 61
            },
            {
              "key": "atkPlus",
              "value": 35
            },
            {
              "key": "cdmg",
              "value": 21
            },
            {
              "key": "hp",
              "value": 5.3
            }
          ]
        },
        "4": {
          "level": 20,
          "star": 5,
          "name": "角斗士的酣醉",
          "main": {
            "key": "hydro",
            "value": 46.6
          },
          "attrs": [
            {
              "key": "defPlus",
              "value": 21
            },
            {
              "key": "cpct",
              "value": 8.9
            },
            {
              "key": "hpPlus",
              "value": 269
            },
            {
              "key": "cdmg",
              "value": 24.9
            }
          ]
        },
        "5": {
          "level": 20,
          "star": 5,
          "name": "指挥的礼帽",
          "main": {
            "key": "cdmg",
            "value": 62.2
          },
          "attrs": [
            {
              "key": "def",
              "value": 14.6
            },
            {
              "key": "atkPlus",
              "value": 27
            },
            {
              "key": "cpct",
              "value": 13.6
            },
            {
              "key": "recharge",
              "value": 4.5
            }
          ]
        }
      },
      "_source": "enka",
      "_time": 1675484946189,
      "_update": 1677557576299,
      "_talent": 1677557576299
    },
    "10000037": {
      "name": "甘雨",
      "id": 10000037,
      "elem": "cryo",
      "level": 90,
      "promote": 6,
      "fetter": 4,
      "costume": 0,
      "cons": 0,
      "talent": {
        "a": 10,
        "e": 4,
        "q": 5
      },
      "weapon": {
        "name": "阿莫斯之弓",
        "level": 90,
        "promote": 6,
        "affix": 1
      },
      "artis": {
        "1": {
          "level": 20,
          "star": 5,
          "name": "乐团的晨光",
          "mainId": 14001,
          "attrIds": [
            501082,
            501223,
            501204,
            501053,
            501222,
            501223,
            501051,
            501203
          ]
        },
        "2": {
          "level": 20,
          "star": 5,
          "name": "琴师的箭羽",
          "mainId": 12001,
          "attrIds": [
            501034,
            501202,
            501223,
            501082,
            501223,
            501204,
            501202,
            501202
          ]
        },
        "3": {
          "level": 20,
          "star": 5,
          "name": "终幕的时计",
          "mainId": 10004,
          "attrIds": [
            501093,
            501023,
            501223,
            501034,
            501034,
            501221,
            501222,
            501022,
            501222
          ]
        },
        "4": {
          "level": 20,
          "star": 5,
          "name": "祈望之心",
          "mainId": 15010,
          "attrIds": [
            501081,
            501223,
            501021,
            501204,
            501201,
            501223,
            501224,
            501223
          ]
        },
        "5": {
          "level": 20,
          "star": 5,
          "name": "指挥的礼帽",
          "mainId": 13008,
          "attrIds": [
            501094,
            501051,
            501204,
            501231,
            501094,
            501201,
            501204,
            501051,
            501202
          ]
        }
      },
      "_source": "enka",
      "_time": 1686016155979,
      "_update": 1686016155979,
      "_talent": 1686016155979
    },
    "10000038": {
      "name": "阿贝多",
      "id": 10000038,
      "elem": "geo",
      "level": 81,
      "promote": 6,
      "fetter": 8,
      "costume": 0,
      "cons": 0,
      "talent": {
        "a": 1,
        "e": 9,
        "q": 5
      },
      "weapon": {
        "name": "辰砂之纺锤",
        "level": 90,
        "promote": 6,
        "affix": 5
      },
      "artis": {
        "1": {
          "level": 20,
          "star": 5,
          "name": "荣花之期",
          "mainId": 14001,
          "attrIds": [
            501051,
            501224,
            501204,
            501033,
            501201,
            501203,
            501223,
            501051
          ]
        },
        "2": {
          "level": 20,
          "star": 5,
          "name": "华馆之羽",
          "mainId": 12001,
          "attrIds": [
            501202,
            501021,
            501061,
            501222,
            501203,
            501201,
            501203,
            501201,
            501061
          ]
        },
        "3": {
          "level": 20,
          "star": 5,
          "name": "众生之谣",
          "mainId": 10006,
          "attrIds": [
            501062,
            501241,
            501051,
            501204,
            501062,
            501244,
            501063,
            501202
          ]
        },
        "4": {
          "level": 20,
          "star": 5,
          "name": "梦醒之瓢",
          "mainId": 15013,
          "attrIds": [
            501022,
            501091,
            501061,
            501202,
            501093,
            501094,
            501064,
            501061
          ]
        },
        "5": {
          "level": 20,
          "star": 5,
          "name": "华饰之兜",
          "mainId": 13008,
          "attrIds": [
            501083,
            501061,
            501202,
            501092,
            501202,
            501202,
            501093,
            501091,
            501093
          ]
        }
      },
      "_source": "enka",
      "_time": 1677945367388,
      "_update": 1677945367388,
      "_talent": 1677945367388
    },
    "10000041": {
      "name": "莫娜",
      "id": 10000041,
      "elem": "hydro",
      "level": 81,
      "promote": 6,
      "fetter": 9,
      "costume": 0,
      "cons": 1,
      "talent": {
        "a": 1,
        "e": 4,
        "q": 8
      },
      "weapon": {
        "name": "流浪乐章",
        "level": 90,
        "promote": 6,
        "affix": 5
      },
      "artis": {
        "1": {
          "level": 20,
          "star": 5,
          "name": "明威之镡",
          "main": {
            "key": "hpPlus",
            "value": 4780
          },
          "attrs": [
            {
              "key": "cpct",
              "value": 6.6
            },
            {
              "key": "cdmg",
              "value": 20.2
            },
            {
              "key": "recharge",
              "value": 11.7
            },
            {
              "key": "defPlus",
              "value": 23
            }
          ]
        },
        "2": {
          "level": 20,
          "star": 5,
          "name": "切落之羽",
          "main": {
            "key": "atkPlus",
            "value": 311
          },
          "attrs": [
            {
              "key": "mastery",
              "value": 21
            },
            {
              "key": "cpct",
              "value": 7
            },
            {
              "key": "def",
              "value": 10.2
            },
            {
              "key": "cdmg",
              "value": 23.3
            }
          ]
        },
        "3": {
          "level": 20,
          "star": 5,
          "name": "雷云之笼",
          "main": {
            "key": "recharge",
            "value": 51.8
          },
          "attrs": [
            {
              "key": "hp",
              "value": 5.3
            },
            {
              "key": "mastery",
              "value": 19
            },
            {
              "key": "cpct",
              "value": 8.9
            },
            {
              "key": "hpPlus",
              "value": 747
            }
          ]
        },
        "4": {
          "level": 20,
          "star": 5,
          "name": "吟游者之壶",
          "main": {
            "key": "hydro",
            "value": 46.6
          },
          "attrs": [
            {
              "key": "hpPlus",
              "value": 239
            },
            {
              "key": "defPlus",
              "value": 21
            },
            {
              "key": "cpct",
              "value": 14.8
            },
            {
              "key": "atk",
              "value": 11.7
            }
          ]
        },
        "5": {
          "level": 20,
          "star": 5,
          "name": "华饰之兜",
          "main": {
            "key": "cdmg",
            "value": 62.2
          },
          "attrs": [
            {
              "key": "hpPlus",
              "value": 209
            },
            {
              "key": "def",
              "value": 19
            },
            {
              "key": "cpct",
              "value": 7.8
            },
            {
              "key": "hp",
              "value": 9.9
            }
          ]
        }
      },
      "_source": "enka",
      "_time": 1675269184995,
      "_update": 1677557576301,
      "_talent": 1677557576301
    },
    "10000046": {
      "name": "胡桃",
      "id": 10000046,
      "elem": "pyro",
      "level": 90,
      "promote": 6,
      "fetter": 7,
      "costume": 0,
      "cons": 0,
      "talent": {
        "a": 10,
        "e": 10,
        "q": 10
      },
      "weapon": {
        "name": "护摩之杖",
        "level": 90,
        "promote": 6,
        "affix": 1
      },
      "artis": {
        "1": {
          "level": 20,
          "star": 5,
          "name": "魔女的炎之花",
          "mainId": 14001,
          "attrIds": [
            501241,
            501201,
            501224,
            501232,
            501243,
            501222,
            501202,
            501203
          ]
        },
        "2": {
          "level": 20,
          "star": 5,
          "name": "魔女常燃之羽",
          "mainId": 12001,
          "attrIds": [
            501224,
            501201,
            501242,
            501094,
            501241,
            501224,
            501201,
            501204,
            501241
          ]
        },
        "3": {
          "level": 20,
          "star": 5,
          "name": "角斗士的希冀",
          "mainId": 10008,
          "attrIds": [
            501222,
            501204,
            501033,
            501024,
            501022,
            501202,
            501223,
            501021
          ]
        },
        "4": {
          "level": 20,
          "star": 5,
          "name": "魔女的心之火",
          "mainId": 15008,
          "attrIds": [
            501031,
            501203,
            501064,
            501224,
            501201,
            501201,
            501032,
            501063
          ]
        },
        "5": {
          "level": 20,
          "star": 5,
          "name": "焦灼的魔女帽",
          "mainId": 13007,
          "attrIds": [
            501021,
            501052,
            501222,
            501033,
            501024,
            501032,
            501223,
            501024
          ]
        }
      },
      "_source": "enka",
      "_time": 1686016155979,
      "_update": 1686016155979,
      "_talent": 1686016155979
    },
    "10000047": {
      "name": "枫原万叶",
      "id": 10000047,
      "elem": "anemo",
      "level": 81,
      "promote": 6,
      "fetter": 10,
      "costume": 0,
      "cons": 0,
      "talent": {
        "a": 4,
        "e": 7,
        "q": 10
      },
      "weapon": {
        "name": "铁蜂刺",
        "level": 90,
        "promote": 6,
        "affix": 5
      },
      "artis": {
        "1": {
          "level": 20,
          "star": 5,
          "name": "野花记忆的绿野",
          "mainId": 14001,
          "attrIds": [
            501242,
            501223,
            501201,
            501231,
            501222,
            501203,
            501234,
            501242,
            501224
          ]
        },
        "2": {
          "level": 20,
          "star": 5,
          "name": "猎人青翠的箭羽",
          "mainId": 12001,
          "attrIds": [
            501244,
            501204,
            501222,
            501093,
            501223,
            501222,
            501201,
            501203
          ]
        },
        "3": {
          "level": 20,
          "star": 5,
          "name": "角斗士的希冀",
          "mainId": 10004,
          "attrIds": [
            501224,
            501024,
            501082,
            501201,
            501204,
            501203,
            501023,
            501024
          ]
        },
        "4": {
          "level": 20,
          "star": 5,
          "name": "沉波之盏",
          "mainId": 15012,
          "attrIds": [
            501201,
            501221,
            501084,
            501241,
            501241,
            501244,
            501202,
            501221,
            501242
          ]
        },
        "5": {
          "level": 20,
          "star": 5,
          "name": "角斗士的凯旋",
          "mainId": 13007,
          "attrIds": [
            501224,
            501052,
            501243,
            501092,
            501224,
            501244,
            501222,
            501094,
            501093
          ]
        }
      },
      "_source": "enka",
      "_time": 1677945367321,
      "_update": 1677945367321,
      "_talent": 1677945367321
    },
    "10000052": {
      "name": "雷电将军",
      "id": 10000052,
      "elem": "electro",
      "level": 81,
      "promote": 6,
      "fetter": 10,
      "costume": 0,
      "cons": 0,
      "talent": {
        "a": 6,
        "e": 8,
        "q": 10
      },
      "weapon": {
        "name": "天空之脊",
        "level": 90,
        "promote": 6,
        "affix": 4
      },
      "artis": {
        "1": {
          "level": 20,
          "star": 5,
          "name": "明威之镡",
          "mainId": 14001,
          "attrIds": [
            501201,
            501224,
            501233,
            501084,
            501222,
            501222,
            501233,
            501204
          ]
        },
        "2": {
          "level": 20,
          "star": 5,
          "name": "切落之羽",
          "mainId": 12001,
          "attrIds": [
            501243,
            501204,
            501091,
            501221,
            501202,
            501222,
            501221,
            501222,
            501091
          ]
        },
        "3": {
          "level": 20,
          "star": 5,
          "name": "雷云之笼",
          "mainId": 10007,
          "attrIds": [
            501023,
            501082,
            501221,
            501061,
            501082,
            501223,
            501061,
            501223
          ]
        },
        "4": {
          "level": 20,
          "star": 5,
          "name": "魔女的心之火",
          "mainId": 15004,
          "attrIds": [
            501054,
            501231,
            501222,
            501204,
            501203,
            501224,
            501224,
            501204,
            501223
          ]
        },
        "5": {
          "level": 20,
          "star": 5,
          "name": "华饰之兜",
          "mainId": 13007,
          "attrIds": [
            501221,
            501234,
            501054,
            501064,
            501233,
            501232,
            501234,
            501224
          ]
        }
      },
      "_source": "enka",
      "_time": 1677945690450,
      "_update": 1677945690450,
      "_talent": 1677945690450
    },
    "10000058": {
      "name": "八重神子",
      "id": 10000058,
      "elem": "electro",
      "level": 90,
      "promote": 6,
      "fetter": 10,
      "costume": 0,
      "cons": 0,
      "talent": {
        "a": 6,
        "e": 10,
        "q": 10
      },
      "weapon": {
        "name": "神乐之真意",
        "level": 90,
        "promote": 6,
        "affix": 1
      },
      "artis": {
        "1": {
          "level": 20,
          "star": 5,
          "name": "乐团的晨光",
          "mainId": 14001,
          "attrIds": [
            501082,
            501223,
            501204,
            501053,
            501222,
            501223,
            501051,
            501203
          ]
        },
        "2": {
          "level": 20,
          "star": 5,
          "name": "宗室之翎",
          "mainId": 12001,
          "attrIds": [
            501023,
            501222,
            501201,
            501063,
            501223,
            501224,
            501021,
            501203,
            501064
          ]
        },
        "3": {
          "level": 20,
          "star": 5,
          "name": "祝祀之凭",
          "mainId": 10002,
          "attrIds": [
            501022,
            501222,
            501202,
            501053,
            501203,
            501204,
            501021,
            501221
          ]
        },
        "4": {
          "level": 20,
          "star": 5,
          "name": "迷醉长梦的守护",
          "mainId": 15009,
          "attrIds": [
            501202,
            501023,
            501033,
            501224,
            501223,
            501222,
            501034,
            501202,
            501224
          ]
        },
        "5": {
          "level": 20,
          "star": 5,
          "name": "指挥的礼帽",
          "mainId": 13008,
          "attrIds": [
            501094,
            501051,
            501204,
            501231,
            501094,
            501201,
            501204,
            501051,
            501202
          ]
        }
      },
      "_source": "enka",
      "_time": 1682175655103,
      "_update": 1682175655103,
      "_talent": 1682175655103
    },
    "10000060": {
      "name": "夜兰",
      "id": 10000060,
      "elem": "hydro",
      "level": 80,
      "promote": 5,
      "fetter": 9,
      "costume": 0,
      "cons": 0,
      "talent": {
        "a": 1,
        "e": 4,
        "q": 8
      },
      "weapon": {
        "name": "猎弓",
        "level": 1,
        "promote": 0,
        "affix": 1
      },
      "artis": {
        "1": {
          "level": 20,
          "star": 5,
          "name": "明威之镡",
          "main": {
            "key": "hpPlus",
            "value": 4780
          },
          "attrs": [
            {
              "key": "atkPlus",
              "value": 14
            },
            {
              "key": "cdmg",
              "value": 26.4
            },
            {
              "key": "atk",
              "value": 8.7
            },
            {
              "key": "mastery",
              "value": 19
            }
          ]
        },
        "2": {
          "level": 20,
          "star": 5,
          "name": "切落之羽",
          "main": {
            "key": "atkPlus",
            "value": 311
          },
          "attrs": [
            {
              "key": "mastery",
              "value": 68
            },
            {
              "key": "atk",
              "value": 5.3
            },
            {
              "key": "cpct",
              "value": 9.7
            },
            {
              "key": "cdmg",
              "value": 10.9
            }
          ]
        },
        "3": {
          "level": 20,
          "star": 5,
          "name": "雷云之笼",
          "main": {
            "key": "recharge",
            "value": 51.8
          },
          "attrs": [
            {
              "key": "hp",
              "value": 5.3
            },
            {
              "key": "mastery",
              "value": 19
            },
            {
              "key": "cpct",
              "value": 8.9
            },
            {
              "key": "hpPlus",
              "value": 747
            }
          ]
        },
        "4": {
          "level": 20,
          "star": 5,
          "name": "角斗士的酣醉",
          "main": {
            "key": "hydro",
            "value": 46.6
          },
          "attrs": [
            {
              "key": "defPlus",
              "value": 21
            },
            {
              "key": "cpct",
              "value": 8.9
            },
            {
              "key": "hpPlus",
              "value": 269
            },
            {
              "key": "cdmg",
              "value": 24.9
            }
          ]
        },
        "5": {
          "level": 20,
          "star": 5,
          "name": "翠绿的猎人之冠",
          "main": {
            "key": "cdmg",
            "value": 62.2
          },
          "attrs": [
            {
              "key": "cpct",
              "value": 9.3
            },
            {
              "key": "def",
              "value": 11.7
            },
            {
              "key": "hp",
              "value": 9.3
            },
            {
              "key": "defPlus",
              "value": 44
            }
          ]
        }
      },
      "_source": "enka",
      "_time": 1675603209591,
      "_update": 1677557576302,
      "_talent": 1677557576302
    },
    "10000063": {
      "name": "申鹤",
      "id": 10000063,
      "elem": "cryo",
      "level": 70,
      "promote": 4,
      "fetter": 1,
      "costume": 0,
      "cons": 0,
      "talent": {
        "a": 1,
        "e": 5,
        "q": 3
      },
      "weapon": {
        "name": "天空之脊",
        "level": 90,
        "promote": 6,
        "affix": 4
      },
      "artis": {
        "1": {
          "level": 20,
          "star": 5,
          "name": "羁缠之花",
          "mainId": 14001,
          "attrIds": [
            501091,
            501063,
            501201,
            501224,
            501201,
            501064,
            501223,
            501222,
            501063
          ]
        },
        "2": {
          "level": 20,
          "star": 5,
          "name": "思忆之矢",
          "mainId": 12001,
          "attrIds": [
            501062,
            501083,
            501221,
            501204,
            501063,
            501204,
            501062,
            501201,
            501062
          ]
        },
        "3": {
          "level": 20,
          "star": 5,
          "name": "朝露之时",
          "mainId": 10004,
          "attrIds": [
            501202,
            501224,
            501242,
            501052,
            501224,
            501201,
            501053,
            501241
          ]
        },
        "4": {
          "level": 20,
          "star": 5,
          "name": "魔女的心之火",
          "mainId": 15004,
          "attrIds": [
            501054,
            501231,
            501222,
            501204,
            501203,
            501224,
            501224,
            501204,
            501223
          ]
        },
        "5": {
          "level": 20,
          "star": 5,
          "name": "渡火者的智慧",
          "mainId": 13004,
          "attrIds": [
            501024,
            501204,
            501222,
            501084,
            501202,
            501203,
            501023,
            501082
          ]
        }
      },
      "_source": "mgg",
      "_time": 1680620899083,
      "_update": 1680620899083,
      "_talent": 1680620899083
    },
    "10000070": {
      "name": "妮露",
      "id": 10000070,
      "elem": "hydro",
      "level": 90,
      "promote": 6,
      "fetter": 7,
      "costume": 0,
      "cons": 0,
      "talent": {
        "a": 1,
        "e": 2,
        "q": 5
      },
      "weapon": {
        "name": "圣显之钥",
        "level": 90,
        "promote": 6,
        "affix": 1
      },
      "artis": {
        "1": {
          "level": 20,
          "star": 5,
          "name": "勋绩之花",
          "mainId": 14001,
          "attrIds": [
            501233,
            501054,
            501033,
            501242,
            501033,
            501241,
            501034,
            501244
          ]
        },
        "2": {
          "level": 20,
          "star": 5,
          "name": "昭武翎羽",
          "mainId": 12001,
          "attrIds": [
            501233,
            501021,
            501243,
            501091,
            501242,
            501234,
            501024,
            501021
          ]
        },
        "3": {
          "level": 20,
          "star": 5,
          "name": "凝结的时刻",
          "mainId": 10002,
          "attrIds": [
            501023,
            501094,
            501062,
            501243,
            501092,
            501242,
            501243,
            501021
          ]
        },
        "4": {
          "level": 20,
          "star": 5,
          "name": "守秘的魔瓶",
          "mainId": 15002,
          "attrIds": [
            501053,
            501242,
            501203,
            501022,
            501241,
            501241,
            501244,
            501024
          ]
        },
        "5": {
          "level": 20,
          "star": 5,
          "name": "角斗士的凯旋",
          "mainId": 13002,
          "attrIds": [
            501204,
            501023,
            501224,
            501244,
            501224,
            501022,
            501242,
            501224
          ]
        }
      },
      "_source": "enka",
      "_time": 1682175655104,
      "_update": 1682175655104,
      "_talent": 1682175655104
    },
    "10000073": {
      "name": "纳西妲",
      "id": 10000073,
      "elem": "dendro",
      "level": 81,
      "promote": 6,
      "fetter": 3,
      "costume": 0,
      "cons": 0,
      "talent": {
        "a": 1,
        "e": 9,
        "q": 8
      },
      "weapon": {
        "name": "流浪乐章",
        "level": 90,
        "promote": 6,
        "affix": 5
      },
      "artis": {
        "1": {
          "level": 20,
          "star": 5,
          "name": "月女的华彩",
          "mainId": 14001,
          "attrIds": [
            501204,
            501241,
            501083,
            501032,
            501082,
            501203,
            501204,
            501082
          ]
        },
        "2": {
          "level": 20,
          "star": 5,
          "name": "谢落的筵席",
          "mainId": 12001,
          "attrIds": [
            501082,
            501091,
            501031,
            501202,
            501204,
            501034,
            501031,
            501202
          ]
        },
        "3": {
          "level": 20,
          "star": 5,
          "name": "凝结的时刻",
          "mainId": 10008,
          "attrIds": [
            501051,
            501224,
            501234,
            501091,
            501223,
            501093,
            501091,
            501221
          ]
        },
        "4": {
          "level": 20,
          "star": 5,
          "name": "吟游者之壶",
          "mainId": 15007,
          "attrIds": [
            501023,
            501053,
            501222,
            501233,
            501221,
            501051,
            501052,
            501053,
            501022
          ]
        },
        "5": {
          "level": 20,
          "star": 5,
          "name": "紫晶的花冠",
          "mainId": 13007,
          "attrIds": [
            501024,
            501083,
            501222,
            501242,
            501223,
            501083,
            501221,
            501024,
            501243
          ]
        }
      },
      "_source": "enka",
      "_time": 1682175655105,
      "_update": 1682175655105,
      "_talent": 1682175655105
    }
  }
}