{
  "uid": "139678330",
  "name": "",
  "level": "",
  "word": "",
  "face": "",
  "card": "",
  "sign": "",
  "info": false,
  "_mys": 1680505270808,
  "_profile": 1680505396449,
  "avatars": {
    "10000002": {
      "name": "神里绫华",
      "id": 10000002,
      "elem": "cryo",
      "level": 90,
      "promote": 6,
      "fetter": 5,
      "costume": 200201,
      "cons": 0,
      "talent": {
        "a": 7,
        "e": 6,
        "q": 10
      },
      "weapon": {
        "name": "天目影打刀",
        "level": 80,
        "promote": 5,
        "affix": 2
      },
      "artis": {
        "1": {
          "name": "历经风雪的思念",
          "level": 20,
          "star": 5,
          "mainId": 14001,
          "attrIds": [
            501053,
            501224,
            501082,
            501031,
            501081,
            501033,
            501222,
            501224,
            501083
          ]
        },
        "2": {
          "name": "摧冰而行的执望",
          "level": 20,
          "star": 5,
          "mainId": 12001,
          "attrIds": [
            501232,
            501201,
            501221,
            501033,
            501224,
            501224,
            501032,
            501233
          ]
        },
        "3": {
          "name": "冰雪故园的终期",
          "level": 20,
          "star": 5,
          "mainId": 10004,
          "attrIds": [
            501034,
            501222,
            501242,
            501023,
            501024,
            501032,
            501221,
            501224,
            501224
          ]
        },
        "4": {
          "name": "武人的酒杯",
          "level": 16,
          "star": 4,
          "mainId": 15010,
          "attrIds": [
            401232,
            401034,
            401092,
            401051,
            401234,
            401092
          ]
        },
        "5": {
          "name": "破冰踏雪的回音",
          "level": 20,
          "star": 5,
          "mainId": 13008,
          "attrIds": [
            501241,
            501204,
            501053,
            501234,
            501202,
            501241,
            501202,
            501242
          ]
        }
      },
      "_source": "mgg",
      "_time": 1680505396448,
      "_update": 1680505396448,
      "_talent": 1680505396448
    },
    "10000026": {
      "name": "魈",
      "id": 10000026,
      "elem": "anemo",
      "level": 90,
      "promote": 6,
      "fetter": 10,
      "costume": 0,
      "cons": 0,
      "talent": {
        "a": 10,
        "e": 7,
        "q": 9
      },
      "weapon": {
        "name": "黑岩刺枪",
        "level": 90,
        "promote": 6,
        "affix": 1
      },
      "artis": {
        "1": {
          "name": "野花记忆的绿野",
          "level": 20,
          "star": 5,
          "mainId": 14001,
          "attrIds": [
            501222,
            501204,
            501031,
            501243,
            501202,
            501222,
            501204,
            501031
          ]
        },
        "2": {
          "name": "角斗士的归宿",
          "level": 20,
          "star": 5,
          "mainId": 12001,
          "attrIds": [
            501081,
            501222,
            501091,
            501241,
            501224,
            501094,
            501224,
            501221,
            501094
          ]
        },
        "3": {
          "name": "魔女破灭之时",
          "level": 20,
          "star": 5,
          "mainId": 10004,
          "attrIds": [
            501083,
            501202,
            501051,
            501223,
            501201,
            501081,
            501202,
            501224
          ]
        },
        "4": {
          "name": "角斗士的酣醉",
          "level": 20,
          "star": 5,
          "mainId": 15012,
          "attrIds": [
            501084,
            501233,
            501202,
            501021,
            501202,
            501232,
            501203,
            501201
          ]
        },
        "5": {
          "name": "翠绿的猎人之冠",
          "level": 20,
          "star": 5,
          "mainId": 13008,
          "attrIds": [
            501203,
            501084,
            501051,
            501024,
            501204,
            501051,
            501053,
            501203,
            501084
          ]
        }
      },
      "_source": "mgg",
      "_time": 1680505396447,
      "_update": 1680505396447,
      "_talent": 1680505396447
    },
    "10000030": {
      "name": "钟离",
      "id": 10000030,
      "elem": "geo",
      "level": 80,
      "promote": 5,
      "fetter": 10,
      "costume": 0,
      "cons": 0,
      "talent": {
        "a": 1,
        "e": 8,
        "q": 1
      },
      "weapon": {
        "name": "黑缨枪",
        "level": 70,
        "promote": 4,
        "affix": 3
      },
      "artis": {
        "1": {
          "name": "勋绩之花",
          "level": 20,
          "star": 5,
          "mainId": 14001,
          "attrIds": [
            501223,
            501051,
            501094,
            501064,
            501053,
            501091,
            501094,
            501224
          ]
        },
        "2": {
          "name": "昭武翎羽",
          "level": 18,
          "star": 5,
          "mainId": 12001,
          "attrIds": [
            501204,
            501081,
            501243,
            501094,
            501201,
            501091,
            501084
          ]
        },
        "3": {
          "name": "宗室时计",
          "level": 20,
          "star": 5,
          "mainId": 10002,
          "attrIds": [
            501051,
            501221,
            501242,
            501061,
            501051,
            501061,
            501053,
            501063
          ]
        },
        "4": {
          "name": "盟誓金爵",
          "level": 20,
          "star": 5,
          "mainId": 15002,
          "attrIds": [
            501243,
            501233,
            501222,
            501061,
            501221,
            501224,
            501233,
            501243
          ]
        },
        "5": {
          "name": "将帅兜鍪",
          "level": 20,
          "star": 5,
          "mainId": 13002,
          "attrIds": [
            501063,
            501052,
            501222,
            501081,
            501064,
            501224,
            501063,
            501224,
            501062
          ]
        }
      },
      "_source": "mgg",
      "_time": 1680505396448,
      "_update": 1680505396448,
      "_talent": 1680505396448
    },
    "10000033": {
      "name": "达达利亚",
      "id": 10000033,
      "elem": "hydro",
      "level": 90,
      "promote": 6,
      "fetter": 10,
      "costume": 0,
      "cons": 0,
      "talent": {
        "a": 5,
        "e": 10,
        "q": 10
      },
      "weapon": {
        "name": "天空之翼",
        "level": 90,
        "promote": 6,
        "affix": 1
      },
      "artis": {
        "1": {
          "name": "饰金胸花",
          "level": 20,
          "star": 5,
          "mainId": 14001,
          "attrIds": [
            501062,
            501223,
            501054,
            501202,
            501204,
            501204,
            501064,
            501203
          ]
        },
        "2": {
          "name": "追忆之风",
          "level": 20,
          "star": 5,
          "mainId": 12001,
          "attrIds": [
            501222,
            501204,
            501084,
            501241,
            501244,
            501224,
            501201,
            501223
          ]
        },
        "3": {
          "name": "坚铜罗盘",
          "level": 20,
          "star": 5,
          "mainId": 10008,
          "attrIds": [
            501223,
            501202,
            501024,
            501064,
            501202,
            501061,
            501023,
            501224
          ]
        },
        "4": {
          "name": "角斗士的酣醉",
          "level": 20,
          "star": 5,
          "mainId": 15011,
          "attrIds": [
            501061,
            501222,
            501203,
            501054,
            501221,
            501052,
            501054,
            501224,
            501222
          ]
        },
        "5": {
          "name": "角斗士的凯旋",
          "level": 20,
          "star": 5,
          "mainId": 13008,
          "attrIds": [
            501244,
            501062,
            501034,
            501201,
            501203,
            501031,
            501061,
            501201
          ]
        }
      },
      "_source": "mgg",
      "_time": 1680505396446,
      "_update": 1680505396446,
      "_talent": 1680505396446
    },
    "10000037": {
      "name": "甘雨",
      "id": 10000037,
      "elem": "cryo",
      "level": 80,
      "promote": 5,
      "fetter": 7,
      "costume": 0,
      "cons": 0,
      "talent": {
        "a": 8,
        "e": 1,
        "q": 1
      },
      "weapon": {
        "name": "破魔之弓",
        "level": 80,
        "promote": 5,
        "affix": 1
      },
      "artis": {
        "1": {
          "name": "乐团的晨光",
          "level": 20,
          "star": 5,
          "mainId": 14001,
          "attrIds": [
            501202,
            501223,
            501053,
            501034,
            501034,
            501201,
            501201,
            501033,
            501203
          ]
        },
        "2": {
          "name": "琴师的箭羽",
          "level": 20,
          "star": 5,
          "mainId": 12001,
          "attrIds": [
            501024,
            501224,
            501241,
            501204,
            501024,
            501241,
            501221,
            501023
          ]
        },
        "3": {
          "name": "终幕的时计",
          "level": 20,
          "star": 5,
          "mainId": 10004,
          "attrIds": [
            501201,
            501221,
            501082,
            501233,
            501202,
            501233,
            501202,
            501232,
            501201
          ]
        },
        "4": {
          "name": "沉波之盏",
          "level": 20,
          "star": 5,
          "mainId": 15010,
          "attrIds": [
            501231,
            501201,
            501223,
            501084,
            501224,
            501081,
            501222,
            501223
          ]
        },
        "5": {
          "name": "指挥的礼帽",
          "level": 20,
          "star": 5,
          "mainId": 13008,
          "attrIds": [
            501242,
            501233,
            501084,
            501052,
            501083,
            501243,
            501243,
            501084,
            501053
          ]
        }
      },
      "_source": "mgg",
      "_time": 1680505396449,
      "_update": 1680505396449,
      "_talent": 1680505396449
    },
    "10000046": {
      "name": "胡桃",
      "id": 10000046,
      "elem": "pyro",
      "level": 90,
      "promote": 6,
      "fetter": 10,
      "costume": 0,
      "cons": 1,
      "talent": {
        "a": 10,
        "e": 10,
        "q": 10
      },
      "weapon": {
        "name": "匣里灭辰",
        "level": 90,
        "promote": 6,
        "affix": 5
      },
      "artis": {
        "1": {
          "name": "魔女的炎之花",
          "level": 20,
          "star": 5,
          "mainId": 14001,
          "attrIds": [
            501064,
            501053,
            501204,
            501223,
            501063,
            501051,
            501223,
            501203,
            501201
          ]
        },
        "2": {
          "name": "魔女常燃之羽",
          "level": 20,
          "star": 5,
          "mainId": 12001,
          "attrIds": [
            501244,
            501063,
            501222,
            501203,
            501244,
            501062,
            501241,
            501202
          ]
        },
        "3": {
          "name": "魔女破灭之时",
          "level": 20,
          "star": 5,
          "mainId": 10002,
          "attrIds": [
            501023,
            501082,
            501094,
            501224,
            501222,
            501223,
            501223,
            501084
          ]
        },
        "4": {
          "name": "吟游者之壶",
          "level": 20,
          "star": 5,
          "mainId": 15008,
          "attrIds": [
            501222,
            501084,
            501054,
            501204,
            501201,
            501084,
            501224,
            501221
          ]
        },
        "5": {
          "name": "焦灼的魔女帽",
          "level": 20,
          "star": 5,
          "mainId": 13007,
          "attrIds": [
            501241,
            501083,
            501223,
            501024,
            501022,
            501084,
            501083,
            501223,
            501244
          ]
        }
      },
      "_source": "mgg",
      "_time": 1680505396447,
      "_update": 1680505396447,
      "_talent": 1680505396447
    },
    "10000047": {
      "name": "枫原万叶",
      "id": 10000047,
      "elem": "anemo",
      "level": 90,
      "promote": 6,
      "fetter": 9,
      "costume": 0,
      "cons": 0,
      "talent": {
        "a": 1,
        "e": 1,
        "q": 1
      },
      "weapon": {
        "name": "铁蜂刺",
        "level": 80,
        "promote": 5,
        "affix": 1
      },
      "artis": {
        "1": {
          "name": "野花记忆的绿野",
          "level": 20,
          "star": 5,
          "mainId": 14001,
          "attrIds": [
            501233,
            501081,
            501201,
            501051,
            501202,
            501232,
            501203,
            501081
          ]
        },
        "2": {
          "name": "猎人青翠的箭羽",
          "level": 20,
          "star": 5,
          "mainId": 12001,
          "attrIds": [
            501081,
            501201,
            501234,
            501221,
            501204,
            501232,
            501203,
            501234,
            501231
          ]
        },
        "3": {
          "name": "翠绿猎人的笃定",
          "level": 20,
          "star": 5,
          "mainId": 10008,
          "attrIds": [
            501024,
            501091,
            501083,
            501224,
            501222,
            501222,
            501084,
            501024
          ]
        },
        "4": {
          "name": "少女片刻的闲暇",
          "level": 20,
          "star": 5,
          "mainId": 15007,
          "attrIds": [
            501092,
            501034,
            501204,
            501224,
            501204,
            501224,
            501223,
            501223
          ]
        },
        "5": {
          "name": "翠绿的猎人之冠",
          "level": 20,
          "star": 5,
          "mainId": 13010,
          "attrIds": [
            501081,
            501232,
            501031,
            501023,
            501031,
            501233,
            501023,
            501033
          ]
        }
      },
      "_source": "mgg",
      "_time": 1680505396448,
      "_update": 1680505396448,
      "_talent": 1680505396448
    },
    "10000052": {
      "name": "雷电将军",
      "id": 10000052,
      "elem": "electro",
      "level": 90,
      "promote": 6,
      "fetter": 10,
      "costume": 0,
      "cons": 0,
      "talent": {
        "a": 1,
        "e": 8,
        "q": 10
      },
      "weapon": {
        "name": "「渔获」",
        "level": 90,
        "promote": 6,
        "affix": 5
      },
      "artis": {
        "1": {
          "name": "明威之镡",
          "level": 20,
          "star": 5,
          "mainId": 14001,
          "attrIds": [
            501244,
            501224,
            501201,
            501231,
            501233,
            501223,
            501234,
            501224
          ]
        },
        "2": {
          "name": "切落之羽",
          "level": 20,
          "star": 5,
          "mainId": 12001,
          "attrIds": [
            501201,
            501021,
            501093,
            501034,
            501204,
            501092,
            501202,
            501034
          ]
        },
        "3": {
          "name": "雷云之笼",
          "level": 20,
          "star": 5,
          "mainId": 10007,
          "attrIds": [
            501094,
            501222,
            501033,
            501081,
            501082,
            501222,
            501094,
            501082
          ]
        },
        "4": {
          "name": "绯花之壶",
          "level": 20,
          "star": 5,
          "mainId": 15004,
          "attrIds": [
            501223,
            501203,
            501094,
            501082,
            501224,
            501202,
            501224,
            501223
          ]
        },
        "5": {
          "name": "破冰踏雪的回音",
          "level": 20,
          "star": 5,
          "mainId": 13008,
          "attrIds": [
            501231,
            501021,
            501083,
            501201,
            501203,
            501203,
            501201,
            501203
          ]
        }
      },
      "_source": "mgg",
      "_time": 1680505396447,
      "_update": 1680505396447,
      "_talent": 1680505396447
    }
  }
}