{
  "uid": "148464426",
  "name": "",
  "level": "",
  "word": "",
  "face": "",
  "card": "",
  "sign": "",
  "info": false,
  "_profile": 1685965810718,
  "avatars": {
    "10000002": {
      "name": "神里绫华",
      "id": 10000002,
      "elem": "cryo",
      "level": 90,
      "promote": 6,
      "fetter": 10,
      "costume": 200201,
      "cons": 0,
      "talent": {
        "a": 9,
        "e": 8,
        "q": 10
      },
      "weapon": {
        "name": "雾切之回光",
        "level": 90,
        "promote": 6,
        "affix": 1
      },
      "artis": {
        "1": {
          "level": 20,
          "star": 5,
          "name": "历经风雪的思念",
          "mainId": 14001,
          "attrIds": [
            501204,
            501221,
            501032,
            501233,
            501032,
            501032,
            501224,
            501223,
            501031
          ]
        },
        "2": {
          "level": 20,
          "star": 5,
          "name": "摧冰而行的执望",
          "mainId": 12001,
          "attrIds": [
            501231,
            501063,
            501201,
            501223,
            501223,
            501063,
            501061,
            501231,
            501064
          ]
        },
        "3": {
          "level": 20,
          "star": 5,
          "name": "冰雪故园的终期",
          "mainId": 10004,
          "attrIds": [
            501221,
            501093,
            501082,
            501204,
            501204,
            501222,
            501223,
            501202,
            501223
          ]
        },
        "4": {
          "level": 20,
          "star": 5,
          "name": "翠绿猎人的容器",
          "mainId": 15004,
          "attrIds": [
            501022,
            501222,
            501201,
            501054,
            501224,
            501053,
            501221,
            501203
          ]
        },
        "5": {
          "level": 20,
          "star": 5,
          "name": "破冰踏雪的回音",
          "mainId": 13008,
          "attrIds": [
            501051,
            501233,
            501064,
            501201,
            501204,
            501201,
            501054,
            501052,
            501233
          ]
        }
      },
      "_source": "enka",
      "_time": 1685965810717,
      "_update": 1685965810717,
      "_talent": 1685965810717
    },
    "10000016": {
      "name": "迪卢克",
      "id": 10000016,
      "elem": "pyro",
      "level": 90,
      "promote": 6,
      "fetter": 10,
      "costume": 0,
      "cons": 3,
      "talent": {
        "a": 9,
        "e": 9,
        "q": 9
      },
      "weapon": {
        "name": "狼的末路",
        "level": 90,
        "promote": 6,
        "affix": 2
      },
      "artis": {
        "1": {
          "level": 20,
          "star": 5,
          "name": "乐团的晨光",
          "mainId": 14001,
          "attrIds": [
            501064,
            501202,
            501053,
            501222,
            501204,
            501224,
            501204,
            501061,
            501223
          ]
        },
        "2": {
          "level": 20,
          "star": 5,
          "name": "魔女常燃之羽",
          "mainId": 12001,
          "attrIds": [
            501224,
            501204,
            501081,
            501034,
            501202,
            501223,
            501204,
            501221
          ]
        },
        "3": {
          "level": 20,
          "star": 5,
          "name": "魔女破灭之时",
          "mainId": 10008,
          "attrIds": [
            501082,
            501032,
            501061,
            501202,
            501201,
            501031,
            501032,
            501032,
            501203
          ]
        },
        "4": {
          "level": 20,
          "star": 5,
          "name": "魔女的心之火",
          "mainId": 15008,
          "attrIds": [
            501032,
            501052,
            501081,
            501221,
            501224,
            501032,
            501053,
            501224
          ]
        },
        "5": {
          "level": 20,
          "star": 5,
          "name": "焦灼的魔女帽",
          "mainId": 13007,
          "attrIds": [
            501234,
            501024,
            501081,
            501224,
            501221,
            501084,
            501024,
            501221,
            501022
          ]
        }
      },
      "_source": "enka",
      "_time": 1678770718993,
      "_update": 1678770718993,
      "_talent": 1678770718993
    },
    "10000022": {
      "name": "温迪",
      "id": 10000022,
      "elem": "anemo",
      "level": 80,
      "promote": 5,
      "fetter": 10,
      "costume": 0,
      "cons": 0,
      "talent": {
        "a": 1,
        "e": 4,
        "q": 6
      },
      "weapon": {
        "name": "西风猎弓",
        "level": 70,
        "promote": 4,
        "affix": 5
      },
      "artis": {
        "1": {
          "level": 20,
          "star": 5,
          "name": "野花记忆的绿野",
          "mainId": 14001,
          "attrIds": [
            501222,
            501244,
            501064,
            501231,
            501224,
            501223,
            501243,
            501224
          ]
        },
        "2": {
          "level": 20,
          "star": 5,
          "name": "摧冰而行的执望",
          "mainId": 12001,
          "attrIds": [
            501201,
            501223,
            501061,
            501081,
            501204,
            501084,
            501221,
            501203,
            501203
          ]
        },
        "3": {
          "level": 20,
          "star": 5,
          "name": "翠绿猎人的笃定",
          "mainId": 10007,
          "attrIds": [
            501093,
            501033,
            501023,
            501051,
            501054,
            501093,
            501034,
            501092
          ]
        },
        "4": {
          "level": 1,
          "star": 5,
          "name": "翠绿猎人的容器",
          "mainId": 15015,
          "attrIds": [
            501221,
            501024,
            501054
          ]
        },
        "5": {
          "level": 20,
          "star": 5,
          "name": "翠绿的猎人之冠",
          "mainId": 13008,
          "attrIds": [
            501053,
            501202,
            501063,
            501084,
            501062,
            501064,
            501053,
            501204
          ]
        }
      },
      "_source": "mgg",
      "_time": 1680534798562,
      "_update": 1680534798562,
      "_talent": 1680534798562
    },
    "10000023": {
      "name": "香菱",
      "id": 10000023,
      "elem": "pyro",
      "level": 90,
      "promote": 6,
      "fetter": 5,
      "costume": 0,
      "cons": 6,
      "talent": {
        "a": 4,
        "e": 7,
        "q": 10
      },
      "weapon": {
        "name": "「渔获」",
        "level": 90,
        "promote": 6,
        "affix": 5
      },
      "artis": {
        "1": {
          "level": 20,
          "star": 5,
          "name": "明威之镡",
          "mainId": 14001,
          "attrIds": [
            501241,
            501224,
            501051,
            501204,
            501244,
            501241,
            501203,
            501201
          ]
        },
        "2": {
          "level": 20,
          "star": 5,
          "name": "切落之羽",
          "mainId": 12001,
          "attrIds": [
            501061,
            501222,
            501084,
            501202,
            501064,
            501063,
            501222,
            501063,
            501204
          ]
        },
        "3": {
          "level": 20,
          "star": 5,
          "name": "雷云之笼",
          "mainId": 10007,
          "attrIds": [
            501221,
            501051,
            501244,
            501061,
            501224,
            501224,
            501052,
            501243
          ]
        },
        "4": {
          "level": 20,
          "star": 5,
          "name": "遍结寒霜的傲骨",
          "mainId": 15008,
          "attrIds": [
            501202,
            501224,
            501234,
            501051,
            501201,
            501202,
            501203,
            501202
          ]
        },
        "5": {
          "level": 20,
          "star": 5,
          "name": "华饰之兜",
          "mainId": 13008,
          "attrIds": [
            501023,
            501033,
            501234,
            501202,
            501201,
            501031,
            501021,
            501022
          ]
        }
      },
      "_source": "mgg",
      "_time": 1680435053054,
      "_update": 1680435053054,
      "_talent": 1680435053054
    },
    "10000025": {
      "name": "行秋",
      "id": 10000025,
      "elem": "hydro",
      "level": 90,
      "promote": 6,
      "fetter": 10,
      "costume": 0,
      "cons": 6,
      "talent": {
        "a": 1,
        "e": 9,
        "q": 9
      },
      "weapon": {
        "name": "雾切之回光",
        "level": 90,
        "promote": 6,
        "affix": 1
      },
      "artis": {
        "1": {
          "level": 20,
          "star": 5,
          "name": "乐团的晨光",
          "mainId": 14001,
          "attrIds": [
            501224,
            501201,
            501092,
            501033,
            501202,
            501203,
            501224,
            501204,
            501221
          ]
        },
        "2": {
          "level": 20,
          "star": 5,
          "name": "追忆之风",
          "mainId": 12001,
          "attrIds": [
            501063,
            501202,
            501224,
            501022,
            501062,
            501203,
            501203,
            501062
          ]
        },
        "3": {
          "level": 20,
          "star": 5,
          "name": "冰雪故园的终期",
          "mainId": 10004,
          "attrIds": [
            501221,
            501093,
            501082,
            501204,
            501204,
            501222,
            501223,
            501202,
            501223
          ]
        },
        "4": {
          "level": 20,
          "star": 5,
          "name": "沉波之盏",
          "mainId": 15011,
          "attrIds": [
            501091,
            501221,
            501201,
            501051,
            501223,
            501223,
            501053,
            501204
          ]
        },
        "5": {
          "level": 20,
          "star": 5,
          "name": "酒渍船帽",
          "mainId": 13008,
          "attrIds": [
            501204,
            501024,
            501062,
            501243,
            501241,
            501063,
            501243,
            501062
          ]
        }
      },
      "_source": "mgg",
      "_time": 1680435053055,
      "_update": 1680435053055,
      "_talent": 1680435053055
    },
    "10000026": {
      "name": "魈",
      "id": 10000026,
      "elem": "anemo",
      "level": 90,
      "promote": 6,
      "fetter": 10,
      "costume": 0,
      "cons": 0,
      "talent": {
        "a": 10,
        "e": 7,
        "q": 9
      },
      "weapon": {
        "name": "和璞鸢",
        "level": 90,
        "promote": 6,
        "affix": 1
      },
      "artis": {
        "1": {
          "level": 20,
          "star": 5,
          "name": "生灵之华",
          "mainId": 14001,
          "attrIds": [
            501083,
            501034,
            501204,
            501224,
            501224,
            501203,
            501034,
            501081
          ]
        },
        "2": {
          "level": 20,
          "star": 5,
          "name": "潜光片羽",
          "mainId": 12001,
          "attrIds": [
            501232,
            501244,
            501204,
            501223,
            501223,
            501224,
            501232,
            501242,
            501201
          ]
        },
        "3": {
          "level": 20,
          "star": 5,
          "name": "阳辔之遗",
          "mainId": 10004,
          "attrIds": [
            501083,
            501051,
            501202,
            501032,
            501033,
            501203,
            501053,
            501031,
            501032
          ]
        },
        "4": {
          "level": 20,
          "star": 5,
          "name": "魔女的心之火",
          "mainId": 15012,
          "attrIds": [
            501242,
            501084,
            501202,
            501224,
            501203,
            501242,
            501224,
            501224
          ]
        },
        "5": {
          "level": 20,
          "star": 5,
          "name": "虺雷之姿",
          "mainId": 13007,
          "attrIds": [
            501091,
            501064,
            501224,
            501053,
            501222,
            501061,
            501222,
            501062
          ]
        }
      },
      "_source": "enka",
      "_time": 1685965810715,
      "_update": 1685965810715,
      "_talent": 1685965810715
    },
    "10000030": {
      "name": "钟离",
      "id": 10000030,
      "elem": "geo",
      "level": 90,
      "promote": 6,
      "fetter": 10,
      "costume": 0,
      "cons": 0,
      "talent": {
        "a": 1,
        "e": 9,
        "q": 8
      },
      "weapon": {
        "name": "黑缨枪",
        "level": 90,
        "promote": 6,
        "affix": 5
      },
      "artis": {
        "1": {
          "level": 20,
          "star": 5,
          "name": "勋绩之花",
          "mainId": 14001,
          "attrIds": [
            501224,
            501091,
            501233,
            501034,
            501223,
            501234,
            501224,
            501092,
            501091
          ]
        },
        "2": {
          "level": 16,
          "star": 4,
          "name": "昭武翎羽",
          "mainId": 12001,
          "attrIds": [
            401083,
            401022,
            401033,
            401233,
            401031,
            401033,
            401031
          ]
        },
        "3": {
          "level": 20,
          "star": 5,
          "name": "金铜时晷",
          "mainId": 10002,
          "attrIds": [
            501093,
            501024,
            501244,
            501232,
            501243,
            501023,
            501233,
            501231
          ]
        },
        "4": {
          "level": 20,
          "star": 5,
          "name": "真珠之笼",
          "mainId": 15002,
          "attrIds": [
            501203,
            501054,
            501222,
            501082,
            501221,
            501222,
            501224,
            501204
          ]
        },
        "5": {
          "level": 20,
          "star": 5,
          "name": "将帅兜鍪",
          "mainId": 13002,
          "attrIds": [
            501091,
            501054,
            501022,
            501083,
            501083,
            501024,
            501092,
            501092
          ]
        }
      },
      "_source": "enka",
      "_time": 1685965810715,
      "_update": 1685965810715,
      "_talent": 1685965810715
    },
    "10000032": {
      "name": "班尼特",
      "id": 10000032,
      "elem": "pyro",
      "level": 90,
      "promote": 6,
      "fetter": 6,
      "costume": 0,
      "cons": 4,
      "talent": {
        "a": 1,
        "e": 5,
        "q": 10
      },
      "weapon": {
        "name": "原木刀",
        "level": 90,
        "promote": 6,
        "affix": 1
      },
      "artis": {
        "1": {
          "level": 20,
          "star": 5,
          "name": "宗室之花",
          "mainId": 14001,
          "attrIds": [
            501083,
            501203,
            501093,
            501222,
            501202,
            501084,
            501222,
            501222,
            501224
          ]
        },
        "2": {
          "level": 20,
          "star": 5,
          "name": "宗室之翎",
          "mainId": 12001,
          "attrIds": [
            501031,
            501232,
            501064,
            501083,
            501032,
            501034,
            501064,
            501033,
            501233
          ]
        },
        "3": {
          "level": 20,
          "star": 5,
          "name": "朝露之时",
          "mainId": 10007,
          "attrIds": [
            501241,
            501224,
            501033,
            501051,
            501054,
            501034,
            501033,
            501223
          ]
        },
        "4": {
          "level": 20,
          "star": 5,
          "name": "宗室银瓮",
          "mainId": 15002,
          "attrIds": [
            501024,
            501062,
            501054,
            501244,
            501051,
            501063,
            501023,
            501054
          ]
        },
        "5": {
          "level": 20,
          "star": 5,
          "name": "宗室面具",
          "mainId": 13009,
          "attrIds": [
            501064,
            501053,
            501083,
            501221,
            501053,
            501061,
            501222,
            501052
          ]
        }
      },
      "_source": "mgg",
      "_time": 1679635464290,
      "_update": 1679635464290,
      "_talent": 1679635464290
    },
    "10000038": {
      "name": "阿贝多",
      "id": 10000038,
      "elem": "geo",
      "level": 90,
      "promote": 6,
      "fetter": 10,
      "costume": 0,
      "cons": 0,
      "talent": {
        "a": 1,
        "e": 8,
        "q": 7
      },
      "weapon": {
        "name": "腐殖之剑",
        "level": 90,
        "promote": 6,
        "affix": 5
      },
      "artis": {
        "1": {
          "level": 16,
          "star": 4,
          "name": "教官的胸花",
          "mainId": 14001,
          "attrIds": [
            401034,
            401062,
            401082,
            401204,
            401032,
            401083,
            401082
          ]
        },
        "2": {
          "level": 20,
          "star": 5,
          "name": "宗室之翎",
          "mainId": 12001,
          "attrIds": [
            501024,
            501222,
            501201,
            501084,
            501024,
            501082,
            501083,
            501201
          ]
        },
        "3": {
          "level": 20,
          "star": 5,
          "name": "魔女破灭之时",
          "mainId": 10006,
          "attrIds": [
            501031,
            501223,
            501204,
            501241,
            501222,
            501032,
            501203,
            501224,
            501032
          ]
        },
        "4": {
          "level": 20,
          "star": 5,
          "name": "巉岩琢塑之樽",
          "mainId": 15013,
          "attrIds": [
            501033,
            501203,
            501084,
            501224,
            501201,
            501223,
            501201,
            501032,
            501083
          ]
        },
        "5": {
          "level": 20,
          "star": 5,
          "name": "无常之面",
          "mainId": 13007,
          "attrIds": [
            501091,
            501033,
            501054,
            501223,
            501033,
            501094,
            501091,
            501222,
            501224
          ]
        }
      },
      "_source": "enka",
      "_time": 1685965810716,
      "_update": 1685965810716,
      "_talent": 1685965810716
    },
    "10000043": {
      "name": "砂糖",
      "id": 10000043,
      "elem": "anemo",
      "level": 80,
      "promote": 5,
      "fetter": 8,
      "costume": 0,
      "cons": 6,
      "talent": {
        "a": 1,
        "e": 1,
        "q": 1
      },
      "weapon": {
        "name": "讨龙英杰谭",
        "level": 1,
        "promote": 0,
        "affix": 5
      },
      "artis": {
        "1": {
          "level": 20,
          "star": 5,
          "name": "野花记忆的绿野",
          "mainId": 14001,
          "attrIds": [
            501243,
            501202,
            501061,
            501084,
            501244,
            501202,
            501243,
            501084
          ]
        },
        "2": {
          "level": 20,
          "star": 5,
          "name": "猎人青翠的箭羽",
          "mainId": 12001,
          "attrIds": [
            501202,
            501243,
            501221,
            501023,
            501222,
            501243,
            501244,
            501202
          ]
        },
        "3": {
          "level": 20,
          "star": 5,
          "name": "翠绿猎人的笃定",
          "mainId": 10008,
          "attrIds": [
            501054,
            501083,
            501094,
            501061,
            501084,
            501054,
            501084,
            501054
          ]
        },
        "4": {
          "level": 1,
          "star": 5,
          "name": "沉波之盏",
          "_name": "沉波之盏",
          "_level": 20,
          "_star": 5,
          "mainId": 15007,
          "attrIds": [
            501024,
            501083,
            501224
          ]
        },
        "5": {
          "level": 20,
          "star": 5,
          "name": "翠绿的猎人之冠",
          "mainId": 13010,
          "attrIds": [
            501063,
            501083,
            501053,
            501201,
            501061,
            501061,
            501082,
            501084
          ]
        }
      },
      "_source": "mgg",
      "_time": 1679635464289,
      "_update": 1679635464289,
      "_talent": 1679635464289
    },
    "10000052": {
      "name": "雷电将军",
      "id": 10000052,
      "elem": "electro",
      "level": 90,
      "promote": 6,
      "fetter": 10,
      "costume": 0,
      "cons": 2,
      "talent": {
        "a": 4,
        "e": 10,
        "q": 10
      },
      "weapon": {
        "name": "薙草之稻光",
        "level": 90,
        "promote": 6,
        "affix": 1
      },
      "artis": {
        "1": {
          "level": 20,
          "star": 5,
          "name": "明威之镡",
          "mainId": 14001,
          "attrIds": [
            501224,
            501201,
            501233,
            501061,
            501222,
            501064,
            501231,
            501234
          ]
        },
        "2": {
          "level": 20,
          "star": 5,
          "name": "切落之羽",
          "mainId": 12001,
          "attrIds": [
            501222,
            501063,
            501202,
            501023,
            501062,
            501224,
            501204,
            501204
          ]
        },
        "3": {
          "level": 20,
          "star": 5,
          "name": "雷云之笼",
          "mainId": 10007,
          "attrIds": [
            501094,
            501023,
            501224,
            501204,
            501224,
            501023,
            501202,
            501091
          ]
        },
        "4": {
          "level": 20,
          "star": 5,
          "name": "魔女的心之火",
          "mainId": 15009,
          "attrIds": [
            501224,
            501024,
            501093,
            501204,
            501021,
            501203,
            501092,
            501221
          ]
        },
        "5": {
          "level": 20,
          "star": 5,
          "name": "华饰之兜",
          "mainId": 13008,
          "attrIds": [
            501022,
            501202,
            501063,
            501082,
            501202,
            501084,
            501063,
            501204,
            501204
          ]
        }
      },
      "_source": "enka",
      "_time": 1685965810716,
      "_update": 1685965810716,
      "_talent": 1685965810716
    },
    "10000056": {
      "name": "九条裟罗",
      "id": 10000056,
      "elem": "electro",
      "level": 90,
      "promote": 6,
      "fetter": 6,
      "costume": 0,
      "cons": 6,
      "talent": {
        "a": 1,
        "e": 9,
        "q": 8
      },
      "weapon": {
        "name": "终末嗟叹之诗",
        "level": 90,
        "promote": 6,
        "affix": 1
      },
      "artis": {
        "1": {
          "level": 20,
          "star": 5,
          "name": "明威之镡",
          "mainId": 14001,
          "attrIds": [
            501052,
            501204,
            501221,
            501081,
            501082,
            501201,
            501203,
            501203
          ]
        },
        "2": {
          "level": 20,
          "star": 5,
          "name": "切落之羽",
          "mainId": 12001,
          "attrIds": [
            501023,
            501032,
            501203,
            501223,
            501203,
            501032,
            501201,
            501022
          ]
        },
        "3": {
          "level": 20,
          "star": 5,
          "name": "雷云之笼",
          "mainId": 10007,
          "attrIds": [
            501202,
            501021,
            501053,
            501083,
            501051,
            501201,
            501022,
            501081,
            501201
          ]
        },
        "4": {
          "level": 20,
          "star": 5,
          "name": "梦醒之瓢",
          "mainId": 15004,
          "attrIds": [
            501202,
            501091,
            501083,
            501223,
            501094,
            501202,
            501223,
            501221
          ]
        },
        "5": {
          "level": 20,
          "star": 5,
          "name": "华饰之兜",
          "mainId": 13008,
          "attrIds": [
            501082,
            501032,
            501091,
            501201,
            501093,
            501202,
            501032,
            501032,
            501203
          ]
        }
      },
      "_source": "mgg",
      "_time": 1679635464289,
      "_update": 1679635464289,
      "_talent": 1679635464289
    },
    "10000063": {
      "name": "申鹤",
      "id": 10000063,
      "elem": "cryo",
      "level": 90,
      "promote": 6,
      "fetter": 8,
      "costume": 0,
      "cons": 0,
      "talent": {
        "a": 1,
        "e": 10,
        "q": 7
      },
      "weapon": {
        "name": "息灾",
        "level": 90,
        "promote": 6,
        "affix": 1
      },
      "artis": {
        "1": {
          "level": 20,
          "star": 5,
          "name": "羁缠之花",
          "mainId": 14001,
          "attrIds": [
            501063,
            501244,
            501222,
            501203,
            501223,
            501063,
            501063,
            501242,
            501222
          ]
        },
        "2": {
          "level": 20,
          "star": 5,
          "name": "追忆之风",
          "mainId": 12001,
          "attrIds": [
            501063,
            501202,
            501224,
            501022,
            501062,
            501203,
            501203,
            501062
          ]
        },
        "3": {
          "level": 20,
          "star": 5,
          "name": "雷云之笼",
          "mainId": 10004,
          "attrIds": [
            501023,
            501091,
            501223,
            501243,
            501092,
            501223,
            501093,
            501222
          ]
        },
        "4": {
          "level": 20,
          "star": 5,
          "name": "绯花之壶",
          "mainId": 15004,
          "attrIds": [
            501232,
            501024,
            501054,
            501033,
            501022,
            501031,
            501034,
            501054
          ]
        },
        "5": {
          "level": 20,
          "star": 5,
          "name": "无常之面",
          "mainId": 13004,
          "attrIds": [
            501234,
            501022,
            501221,
            501054,
            501222,
            501051,
            501021,
            501023,
            501053
          ]
        }
      },
      "_source": "enka",
      "_time": 1685965810717,
      "_update": 1685965810717,
      "_talent": 1685965810717
    },
    "10000073": {
      "name": "纳西妲",
      "id": 10000073,
      "elem": "dendro",
      "level": 90,
      "promote": 6,
      "fetter": 10,
      "costume": 0,
      "cons": 0,
      "talent": {
        "a": 4,
        "e": 10,
        "q": 8
      },
      "weapon": {
        "name": "流浪乐章",
        "level": 90,
        "promote": 6,
        "affix": 5
      },
      "artis": {
        "1": {
          "level": 20,
          "star": 5,
          "name": "乐团的晨光",
          "mainId": 14001,
          "attrIds": [
            501243,
            501064,
            501221,
            501204,
            501223,
            501243,
            501223,
            501061,
            501202
          ]
        },
        "2": {
          "level": 20,
          "star": 5,
          "name": "翠蔓的智者",
          "mainId": 12001,
          "attrIds": [
            501024,
            501094,
            501244,
            501223,
            501091,
            501242,
            501224,
            501022,
            501224
          ]
        },
        "3": {
          "level": 20,
          "star": 5,
          "name": "贤智的定期",
          "mainId": 10008,
          "attrIds": [
            501092,
            501224,
            501054,
            501203,
            501051,
            501203,
            501052,
            501223,
            501091
          ]
        },
        "4": {
          "level": 20,
          "star": 5,
          "name": "迷误者之灯",
          "mainId": 15007,
          "attrIds": [
            501084,
            501232,
            501221,
            501024,
            501222,
            501022,
            501082,
            501233
          ]
        },
        "5": {
          "level": 20,
          "star": 5,
          "name": "月桂的宝冠",
          "mainId": 13010,
          "attrIds": [
            501221,
            501234,
            501062,
            501051,
            501051,
            501231,
            501224,
            501221
          ]
        }
      },
      "_source": "enka",
      "_time": 1685965810716,
      "_update": 1685965810716,
      "_talent": 1685965810716
    },
    "10000078": {
      "name": "艾尔海森",
      "id": 10000078,
      "elem": "dendro",
      "level": 90,
      "promote": 6,
      "fetter": 9,
      "costume": 0,
      "cons": 0,
      "talent": {
        "a": 8,
        "e": 10,
        "q": 7
      },
      "weapon": {
        "name": "磐岩结绿",
        "level": 90,
        "promote": 6,
        "affix": 1
      },
      "artis": {
        "1": {
          "level": 20,
          "star": 5,
          "name": "乐团的晨光",
          "mainId": 14001,
          "attrIds": [
            501064,
            501202,
            501053,
            501222,
            501204,
            501224,
            501204,
            501061,
            501223
          ]
        },
        "2": {
          "level": 20,
          "star": 5,
          "name": "裁断的翎羽",
          "mainId": 12001,
          "attrIds": [
            501224,
            501202,
            501023,
            501241,
            501222,
            501223,
            501024,
            501241
          ]
        },
        "3": {
          "level": 20,
          "star": 5,
          "name": "沉金的岁月",
          "mainId": 10008,
          "attrIds": [
            501221,
            501202,
            501082,
            501092,
            501204,
            501094,
            501204,
            501202,
            501094
          ]
        },
        "4": {
          "level": 20,
          "star": 5,
          "name": "迷醉长梦的守护",
          "mainId": 15014,
          "attrIds": [
            501234,
            501244,
            501054,
            501224,
            501223,
            501231,
            501222,
            501242,
            501234
          ]
        },
        "5": {
          "level": 20,
          "star": 5,
          "name": "沙王的投影",
          "mainId": 13008,
          "attrIds": [
            501064,
            501241,
            501034,
            501021,
            501242,
            501033,
            501022,
            501241
          ]
        }
      },
      "_source": "enka",
      "_time": 1685965810717,
      "_update": 1685965810717,
      "_talent": 1685965810717
    }
  }
}