{
  "uid": "148590887",
  "name": "",
  "level": "",
  "word": "",
  "face": "",
  "card": "",
  "sign": "",
  "info": false,
  "_mys": 1685333643561,
  "_profile": 1685978728813,
  "avatars": {
    "10000002": {
      "name": "神里绫华",
      "id": 10000002,
      "elem": "cryo",
      "level": 90,
      "promote": 6,
      "fetter": 10,
      "costume": 0,
      "cons": 0,
      "talent": {
        "a": 10,
        "e": 10,
        "q": 9
      },
      "weapon": {
        "name": "天目影打刀",
        "level": 90,
        "promote": 6,
        "affix": 5
      },
      "artis": {
        "1": {
          "level": 20,
          "star": 5,
          "name": "历经风雪的思念",
          "mainId": 14001,
          "attrIds": [
            501051,
            501224,
            501202,
            501231,
            501051,
            501223,
            501203,
            501053,
            501223
          ]
        },
        "2": {
          "level": 20,
          "star": 5,
          "name": "摧冰而行的执望",
          "mainId": 12001,
          "attrIds": [
            501222,
            501064,
            501204,
            501092,
            501204,
            501224,
            501064,
            501064
          ]
        },
        "3": {
          "level": 20,
          "star": 5,
          "name": "凝结的时刻",
          "mainId": 10004,
          "attrIds": [
            501233,
            501223,
            501084,
            501241,
            501224,
            501224,
            501084,
            501221
          ]
        },
        "4": {
          "level": 20,
          "star": 5,
          "name": "遍结寒霜的傲骨",
          "mainId": 15010,
          "attrIds": [
            501022,
            501203,
            501223,
            501084,
            501203,
            501221,
            501081,
            501022
          ]
        },
        "5": {
          "level": 20,
          "star": 5,
          "name": "破冰踏雪的回音",
          "mainId": 13008,
          "attrIds": [
            501051,
            501241,
            501061,
            501203,
            501203,
            501054,
            501051,
            501061,
            501061
          ]
        }
      },
      "_source": "enka",
      "_time": 1685978728809,
      "_update": 1685978728809,
      "_talent": 1685978728809
    },
    "10000022": {
      "name": "温迪",
      "id": 10000022,
      "elem": "anemo",
      "level": 90,
      "promote": 6,
      "fetter": 10,
      "costume": 0,
      "cons": 0,
      "talent": {
        "a": 4,
        "e": 9,
        "q": 10
      },
      "weapon": {
        "name": "终末嗟叹之诗",
        "level": 90,
        "promote": 6,
        "affix": 1
      },
      "artis": {
        "1": {
          "level": 20,
          "star": 5,
          "name": "野花记忆的绿野",
          "mainId": 14001,
          "attrIds": [
            501064,
            501222,
            501051,
            501203,
            501203,
            501062,
            501063,
            501223
          ]
        },
        "2": {
          "level": 20,
          "star": 5,
          "name": "猎人青翠的箭羽",
          "mainId": 12001,
          "attrIds": [
            501233,
            501243,
            501064,
            501222,
            501234,
            501232,
            501233,
            501222
          ]
        },
        "3": {
          "level": 20,
          "star": 5,
          "name": "翠绿猎人的笃定",
          "mainId": 10008,
          "attrIds": [
            501231,
            501221,
            501064,
            501083,
            501232,
            501064,
            501082,
            501063
          ]
        },
        "4": {
          "level": 20,
          "star": 5,
          "name": "遍结寒霜的傲骨",
          "mainId": 15012,
          "attrIds": [
            501233,
            501052,
            501242,
            501064,
            501232,
            501064,
            501233,
            501051
          ]
        },
        "5": {
          "level": 20,
          "star": 5,
          "name": "翠绿的猎人之冠",
          "mainId": 13007,
          "attrIds": [
            501244,
            501083,
            501092,
            501021,
            501091,
            501242,
            501023,
            501094
          ]
        }
      },
      "_source": "enka",
      "_time": 1685978728809,
      "_update": 1685978728809,
      "_talent": 1685978728809
    },
    "10000026": {
      "name": "魈",
      "id": 10000026,
      "elem": "anemo",
      "level": 80,
      "promote": 5,
      "fetter": 4,
      "costume": 0,
      "cons": 0,
      "talent": {
        "a": 8,
        "e": 7,
        "q": 7
      },
      "weapon": {
        "name": "白缨枪",
        "level": 90,
        "promote": 6,
        "affix": 5
      },
      "artis": {
        "1": {
          "level": 20,
          "star": 5,
          "name": "生灵之华",
          "mainId": 14001,
          "attrIds": [
            501204,
            501224,
            501093,
            501232,
            501224,
            501223,
            501232,
            501091
          ]
        },
        "2": {
          "level": 20,
          "star": 5,
          "name": "潜光片羽",
          "mainId": 12001,
          "attrIds": [
            501063,
            501083,
            501224,
            501203,
            501081,
            501224,
            501203,
            501062
          ]
        },
        "3": {
          "level": 20,
          "star": 5,
          "name": "朝露之时",
          "mainId": 10004,
          "attrIds": [
            501222,
            501054,
            501092,
            501242,
            501092,
            501223,
            501091,
            501224
          ]
        },
        "4": {
          "level": 20,
          "star": 5,
          "name": "结契之刻",
          "mainId": 15012,
          "attrIds": [
            501224,
            501064,
            501054,
            501202,
            501053,
            501061,
            501224,
            501204
          ]
        },
        "5": {
          "level": 20,
          "star": 5,
          "name": "虺雷之姿",
          "mainId": 13008,
          "attrIds": [
            501243,
            501024,
            501081,
            501232,
            501244,
            501081,
            501234,
            501242
          ]
        }
      },
      "_source": "enka",
      "_time": 1682141367336,
      "_update": 1682141367336,
      "_talent": 1682141367336
    },
    "10000032": {
      "name": "班尼特",
      "id": 10000032,
      "elem": "pyro",
      "level": 80,
      "promote": 5,
      "fetter": 10,
      "costume": 0,
      "cons": 2,
      "talent": {
        "a": 2,
        "e": 5,
        "q": 8
      },
      "weapon": {
        "name": "西风剑",
        "level": 80,
        "promote": 5,
        "affix": 5
      },
      "artis": {
        "1": {
          "level": 8,
          "star": 5,
          "name": "宗室之花",
          "mainId": 14001,
          "attrIds": [
            501061,
            501091,
            501231,
            501203,
            501232
          ]
        },
        "2": {
          "level": 12,
          "star": 5,
          "name": "宗室之翎",
          "mainId": 12001,
          "attrIds": [
            501024,
            501083,
            501232,
            501061,
            501084,
            501081
          ]
        },
        "3": {
          "level": 12,
          "star": 5,
          "name": "祝祀之凭",
          "mainId": 10007,
          "attrIds": [
            501053,
            501242,
            501033,
            501204,
            501243,
            501053,
            501054
          ]
        },
        "4": {
          "level": 8,
          "star": 5,
          "name": "宗室银瓮",
          "mainId": 15002,
          "attrIds": [
            501232,
            501091,
            501053,
            501062,
            501233,
            501064
          ]
        },
        "5": {
          "level": 8,
          "star": 5,
          "name": "宗室面具",
          "mainId": 13009,
          "attrIds": [
            501032,
            501051,
            501241,
            501222,
            501052
          ]
        }
      },
      "_source": "enka",
      "_time": 1685978728812,
      "_update": 1685978728812,
      "_talent": 1685978728812
    },
    "10000033": {
      "name": "达达利亚",
      "id": 10000033,
      "elem": "hydro",
      "level": 80,
      "promote": 5,
      "fetter": 7,
      "costume": 0,
      "cons": 0,
      "talent": {
        "a": 5,
        "e": 8,
        "q": 6
      },
      "weapon": {
        "name": "绝弦",
        "level": 90,
        "promote": 6,
        "affix": 4
      },
      "artis": {
        "1": {
          "level": 20,
          "star": 5,
          "name": "饰金胸花",
          "mainId": 14001,
          "attrIds": [
            501244,
            501222,
            501064,
            501231,
            501223,
            501224,
            501231,
            501231
          ]
        },
        "2": {
          "level": 20,
          "star": 5,
          "name": "追忆之风",
          "mainId": 12001,
          "attrIds": [
            501064,
            501081,
            501223,
            501243,
            501241,
            501244,
            501224,
            501062
          ]
        },
        "3": {
          "level": 20,
          "star": 5,
          "name": "坚铜罗盘",
          "mainId": 10004,
          "attrIds": [
            501204,
            501243,
            501091,
            501033,
            501244,
            501201,
            501204,
            501093,
            501244
          ]
        },
        "4": {
          "level": 20,
          "star": 5,
          "name": "遍结寒霜的傲骨",
          "mainId": 15011,
          "attrIds": [
            501243,
            501202,
            501224,
            501032,
            501201,
            501242,
            501202,
            501244
          ]
        },
        "5": {
          "level": 20,
          "star": 5,
          "name": "酒渍船帽",
          "mainId": 13008,
          "attrIds": [
            501062,
            501201,
            501242,
            501024,
            501201,
            501241,
            501243,
            501204
          ]
        }
      },
      "_source": "enka",
      "_time": 1685978728811,
      "_update": 1685978728811,
      "_talent": 1685978728811
    },
    "10000041": {
      "name": "莫娜",
      "id": 10000041,
      "elem": "hydro",
      "level": 70,
      "promote": 4,
      "fetter": 10,
      "costume": 0,
      "cons": 2,
      "talent": {
        "a": 2,
        "e": 6,
        "q": 6
      },
      "weapon": {
        "name": "讨龙英杰谭",
        "level": 70,
        "promote": 4,
        "affix": 5
      },
      "artis": {
        "1": {
          "level": 8,
          "star": 5,
          "name": "饰金胸花",
          "mainId": 14001,
          "attrIds": [
            501052,
            501242,
            501061,
            501231,
            501052
          ]
        },
        "2": {
          "level": 8,
          "star": 5,
          "name": "宗室之翎",
          "mainId": 12001,
          "attrIds": [
            501202,
            501221,
            501233,
            501081,
            501231,
            501204
          ]
        },
        "3": {
          "level": 19,
          "star": 5,
          "name": "水仙的时时刻刻",
          "mainId": 10007,
          "attrIds": [
            501021,
            501224,
            501204,
            501061,
            501063,
            501223,
            501201
          ]
        },
        "4": {
          "level": 20,
          "star": 5,
          "name": "沉波之盏",
          "mainId": 15011,
          "attrIds": [
            501234,
            501204,
            501051,
            501224,
            501231,
            501054,
            501053,
            501051,
            501054
          ]
        },
        "5": {
          "level": 8,
          "star": 5,
          "name": "宗室面具",
          "mainId": 13004,
          "attrIds": [
            501202,
            501053,
            501231,
            501024,
            501233
          ]
        }
      },
      "_source": "enka",
      "_time": 1685978728810,
      "_update": 1685978728810,
      "_talent": 1685978728810
    },
    "10000049": {
      "name": "宵宫",
      "id": 10000049,
      "elem": "pyro",
      "level": 90,
      "promote": 6,
      "fetter": 10,
      "costume": 0,
      "cons": 0,
      "talent": {
        "a": 9,
        "e": 9,
        "q": 8
      },
      "weapon": {
        "name": "破魔之弓",
        "level": 90,
        "promote": 6,
        "affix": 4
      },
      "artis": {
        "1": {
          "level": 20,
          "star": 5,
          "name": "生灵之华",
          "mainId": 14001,
          "attrIds": [
            501204,
            501242,
            501224,
            501093,
            501094,
            501201,
            501222,
            501221,
            501093
          ]
        },
        "2": {
          "level": 20,
          "star": 5,
          "name": "潜光片羽",
          "mainId": 12001,
          "attrIds": [
            501063,
            501083,
            501224,
            501203,
            501081,
            501224,
            501203,
            501062
          ]
        },
        "3": {
          "level": 20,
          "star": 5,
          "name": "朝露之时",
          "mainId": 10004,
          "attrIds": [
            501023,
            501224,
            501202,
            501054,
            501204,
            501022,
            501021,
            501221
          ]
        },
        "4": {
          "level": 20,
          "star": 5,
          "name": "翠绿猎人的容器",
          "mainId": 15008,
          "attrIds": [
            501082,
            501022,
            501201,
            501223,
            501022,
            501021,
            501221,
            501202
          ]
        },
        "5": {
          "level": 20,
          "star": 5,
          "name": "无常之面",
          "mainId": 13008,
          "attrIds": [
            501092,
            501203,
            501022,
            501233,
            501231,
            501204,
            501204,
            501201
          ]
        }
      },
      "_source": "enka",
      "_time": 1685978728811,
      "_update": 1685978728811,
      "_talent": 1685978728811
    },
    "10000063": {
      "name": "申鹤",
      "id": 10000063,
      "elem": "cryo",
      "level": 80,
      "promote": 5,
      "fetter": 9,
      "costume": 0,
      "cons": 0,
      "talent": {
        "a": 1,
        "e": 8,
        "q": 7
      },
      "weapon": {
        "name": "风信之锋",
        "level": 80,
        "promote": 5,
        "affix": 5
      },
      "artis": {
        "1": {
          "level": 16,
          "star": 5,
          "name": "羁缠之花",
          "mainId": 14001,
          "attrIds": [
            501064,
            501054,
            501232,
            501222,
            501054,
            501231,
            501222
          ]
        },
        "2": {
          "level": 20,
          "star": 5,
          "name": "思忆之矢",
          "mainId": 12001,
          "attrIds": [
            501062,
            501022,
            501221,
            501231,
            501231,
            501232,
            501063,
            501233,
            501063
          ]
        },
        "3": {
          "level": 20,
          "star": 5,
          "name": "坚铜罗盘",
          "mainId": 10004,
          "attrIds": [
            501203,
            501083,
            501221,
            501033,
            501221,
            501033,
            501031,
            501034
          ]
        },
        "4": {
          "level": 16,
          "star": 5,
          "name": "结契之刻",
          "mainId": 15004,
          "attrIds": [
            501243,
            501203,
            501234,
            501022,
            501204,
            501232,
            501242
          ]
        },
        "5": {
          "level": 12,
          "star": 5,
          "name": "虺雷之姿",
          "mainId": 13004,
          "attrIds": [
            501021,
            501054,
            501204,
            501034,
            501052,
            501031
          ]
        }
      },
      "_source": "enka",
      "_time": 1685978728810,
      "_update": 1685978728810,
      "_talent": 1685978728810
    },
    "10000073": {
      "name": "纳西妲",
      "id": 10000073,
      "elem": "dendro",
      "level": 80,
      "promote": 5,
      "fetter": 10,
      "costume": 0,
      "cons": 0,
      "talent": {
        "a": 2,
        "e": 8,
        "q": 8
      },
      "weapon": {
        "name": "祭礼残章",
        "level": 90,
        "promote": 6,
        "affix": 4
      },
      "artis": {
        "1": {
          "level": 20,
          "star": 5,
          "name": "明威之镡",
          "mainId": 14001,
          "attrIds": [
            501204,
            501061,
            501234,
            501244,
            501244,
            501242,
            501202,
            501243
          ]
        },
        "2": {
          "level": 20,
          "star": 5,
          "name": "思忆之矢",
          "mainId": 12001,
          "attrIds": [
            501031,
            501222,
            501244,
            501202,
            501242,
            501243,
            501241,
            501204
          ]
        },
        "3": {
          "level": 20,
          "star": 5,
          "name": "冰雪故园的终期",
          "mainId": 10008,
          "attrIds": [
            501063,
            501223,
            501091,
            501202,
            501064,
            501222,
            501063,
            501094,
            501064
          ]
        },
        "4": {
          "level": 20,
          "star": 5,
          "name": "祈望之心",
          "mainId": 15007,
          "attrIds": [
            501201,
            501083,
            501222,
            501234,
            501084,
            501222,
            501224,
            501231
          ]
        },
        "5": {
          "level": 20,
          "star": 5,
          "name": "华饰之兜",
          "mainId": 13008,
          "attrIds": [
            501064,
            501054,
            501243,
            501091,
            501092,
            501062,
            501053,
            501064
          ]
        }
      },
      "_source": "enka",
      "_time": 1685978728811,
      "_update": 1685978728811,
      "_talent": 1685978728811
    },
    "10000078": {
      "name": "艾尔海森",
      "id": 10000078,
      "elem": "dendro",
      "level": 40,
      "promote": 1,
      "fetter": 2,
      "costume": 0,
      "cons": 0,
      "talent": {
        "a": 1,
        "e": 1,
        "q": 1
      },
      "weapon": {
        "name": "东花坊时雨",
        "level": 70,
        "promote": 4,
        "affix": 5
      },
      "artis": {
        "1": {
          "level": 20,
          "star": 5,
          "name": "乐团的晨光",
          "mainId": 14001,
          "attrIds": [
            501243,
            501222,
            501202,
            501092,
            501221,
            501221,
            501241,
            501224
          ]
        },
        "2": {
          "level": 20,
          "star": 5,
          "name": "琴师的箭羽",
          "mainId": 12001,
          "attrIds": [
            501222,
            501234,
            501244,
            501023,
            501022,
            501241,
            501223,
            501241,
            501242
          ]
        },
        "3": {
          "level": 20,
          "star": 5,
          "name": "冰雪故园的终期",
          "mainId": 10004,
          "attrIds": [
            501204,
            501221,
            501243,
            501031,
            501243,
            501031,
            501244,
            501202
          ]
        },
        "4": {
          "level": 20,
          "star": 5,
          "name": "结契之刻",
          "mainId": 15014,
          "attrIds": [
            501053,
            501244,
            501204,
            501061,
            501243,
            501062,
            501243,
            501204
          ]
        },
        "5": {
          "level": 20,
          "star": 5,
          "name": "指挥的礼帽",
          "mainId": 13008,
          "attrIds": [
            501063,
            501084,
            501204,
            501024,
            501202,
            501064,
            501202,
            501081
          ]
        }
      },
      "_source": "mgg",
      "_time": 1679411073254,
      "_update": 1679411073254,
      "_talent": 1679411073254
    }
  }
}