{
  "uid": "167016836",
  "name": "",
  "level": "",
  "word": "",
  "face": "",
  "card": "",
  "sign": "",
  "info": false,
  "avatars": {
    "10000026": {
      "name": "魈",
      "id": 10000026,
      "elem": "anemo",
      "level": 84,
      "promote": 6,
      "fetter": 10,
      "costume": 0,
      "cons": 1,
      "talent": {
        "a": 10,
        "e": 10,
        "q": 10
      },
      "weapon": {
        "name": "和璞鸢",
        "level": 90,
        "promote": 6,
        "affix": 1
      },
      "artis": {
        "1": {
          "name": "野花记忆的绿野",
          "level": 20,
          "star": 5,
          "main": {
            "key": "hpPlus",
            "value": 4780
          },
          "attrs": [
            {
              "key": "cpct",
              "value": 3.1
            },
            {
              "key": "cdmg",
              "value": 20.2
            },
            {
              "key": "defPlus",
              "value": 21
            },
            {
              "key": "atkPlus",
              "value": 56
            }
          ]
        },
        "2": {
          "name": "猎人青翠的箭羽",
          "level": 20,
          "star": 5,
          "main": {
            "key": "atkPlus",
            "value": 311
          },
          "attrs": [
            {
              "key": "cdmg",
              "value": 19.4
            },
            {
              "key": "cpct",
              "value": 9.3
            },
            {
              "key": "atk",
              "value": 4.1
            },
            {
              "key": "mastery",
              "value": 23
            }
          ]
        },
        "3": {
          "name": "终幕的时计",
          "level": 20,
          "star": 5,
          "main": {
            "key": "atk",
            "value": 46.6
          },
          "attrs": [
            {
              "key": "hpPlus",
              "value": 598
            },
            {
              "key": "atkPlus",
              "value": 33
            },
            {
              "key": "cdmg",
              "value": 24.9
            },
            {
              "key": "cpct",
              "value": 3.1
            }
          ]
        },
        "4": {
          "name": "角斗士的酣醉",
          "level": 20,
          "star": 5,
          "main": {
            "key": "anemo",
            "value": 46.6
          },
          "attrs": [
            {
              "key": "atk",
              "value": 4.1
            },
            {
              "key": "cdmg",
              "value": 21
            },
            {
              "key": "defPlus",
              "value": 42
            },
            {
              "key": "cpct",
              "value": 10.1
            }
          ]
        },
        "5": {
          "name": "角斗士的凯旋",
          "level": 20,
          "star": 5,
          "main": {
            "key": "cdmg",
            "value": 62.2
          },
          "attrs": [
            {
              "key": "cpct",
              "value": 7.8
            },
            {
              "key": "atk",
              "value": 11.1
            },
            {
              "key": "defPlus",
              "value": 65
            },
            {
              "key": "def",
              "value": 6.6
            }
          ]
        }
      },
      "_source": "enka",
      "_time": 1675485933598,
      "_update": 1677557575917,
      "_talent": 1677557575917
    },
    "10000030": {
      "name": "钟离",
      "id": 10000030,
      "elem": "geo",
      "level": 90,
      "promote": 6,
      "fetter": 10,
      "costume": 0,
      "cons": 0,
      "talent": {
        "a": 10,
        "e": 10,
        "q": 10
      },
      "weapon": {
        "name": "和璞鸢",
        "level": 90,
        "promote": 6,
        "affix": 1
      },
      "artis": {
        "1": {
          "name": "勋绩之花",
          "level": 20,
          "star": 5,
          "main": {
            "key": "hpPlus",
            "value": 4780
          },
          "attrs": [
            {
              "key": "mastery",
              "value": 42
            },
            {
              "key": "cdmg",
              "value": 19.4
            },
            {
              "key": "hp",
              "value": 8.2
            },
            {
              "key": "recharge",
              "value": 6.5
            }
          ]
        },
        "2": {
          "name": "昭武翎羽",
          "level": 20,
          "star": 5,
          "main": {
            "key": "atkPlus",
            "value": 311
          },
          "attrs": [
            {
              "key": "cpct",
              "value": 6.2
            },
            {
              "key": "def",
              "value": 6.6
            },
            {
              "key": "cdmg",
              "value": 23.3
            },
            {
              "key": "atk",
              "value": 4.7
            }
          ]
        },
        "3": {
          "name": "金铜时晷",
          "level": 20,
          "star": 5,
          "main": {
            "key": "hp",
            "value": 46.6
          },
          "attrs": [
            {
              "key": "hpPlus",
              "value": 837
            },
            {
              "key": "defPlus",
              "value": 37
            },
            {
              "key": "atkPlus",
              "value": 14
            },
            {
              "key": "mastery",
              "value": 40
            }
          ]
        },
        "4": {
          "name": "超越之盏",
          "level": 20,
          "star": 5,
          "main": {
            "key": "geo",
            "value": 46.6
          },
          "attrs": [
            {
              "key": "cdmg",
              "value": 20.2
            },
            {
              "key": "mastery",
              "value": 23
            },
            {
              "key": "atk",
              "value": 9.9
            },
            {
              "key": "atkPlus",
              "value": 39
            }
          ]
        },
        "5": {
          "name": "宗室面具",
          "level": 20,
          "star": 5,
          "main": {
            "key": "cdmg",
            "value": 62.2
          },
          "attrs": [
            {
              "key": "hpPlus",
              "value": 777
            },
            {
              "key": "atkPlus",
              "value": 19
            },
            {
              "key": "cpct",
              "value": 8.6
            },
            {
              "key": "mastery",
              "value": 37
            }
          ]
        }
      },
      "_source": "enka",
      "_time": 1675485933594,
      "_update": 1677557575917,
      "_talent": 1677557575917
    },
    "10000033": {
      "name": "达达利亚",
      "id": 10000033,
      "elem": "hydro",
      "level": 90,
      "promote": 6,
      "fetter": 10,
      "costume": 0,
      "cons": 0,
      "talent": {
        "a": 5,
        "e": 9,
        "q": 9
      },
      "weapon": {
        "name": "天空之翼",
        "level": 90,
        "promote": 6,
        "affix": 1
      },
      "artis": {
        "1": {
          "name": "饰金胸花",
          "level": 20,
          "star": 5,
          "main": {
            "key": "hpPlus",
            "value": 4780
          },
          "attrs": [
            {
              "key": "cdmg",
              "value": 10.9
            },
            {
              "key": "atkPlus",
              "value": 18
            },
            {
              "key": "atk",
              "value": 5.8
            },
            {
              "key": "cpct",
              "value": 17.1
            }
          ]
        },
        "2": {
          "name": "宗室之翎",
          "level": 20,
          "star": 5,
          "main": {
            "key": "atkPlus",
            "value": 311
          },
          "attrs": [
            {
              "key": "atk",
              "value": 15.7
            },
            {
              "key": "cpct",
              "value": 6.6
            },
            {
              "key": "cdmg",
              "value": 14.8
            },
            {
              "key": "defPlus",
              "value": 21
            }
          ]
        },
        "3": {
          "name": "坚铜罗盘",
          "level": 20,
          "star": 5,
          "main": {
            "key": "atk",
            "value": 46.6
          },
          "attrs": [
            {
              "key": "recharge",
              "value": 11.7
            },
            {
              "key": "cdmg",
              "value": 7.8
            },
            {
              "key": "hpPlus",
              "value": 747
            },
            {
              "key": "atkPlus",
              "value": 35
            }
          ]
        },
        "4": {
          "name": "吟游者之壶",
          "level": 20,
          "star": 5,
          "main": {
            "key": "hydro",
            "value": 46.6
          },
          "attrs": [
            {
              "key": "atk",
              "value": 4.7
            },
            {
              "key": "defPlus",
              "value": 39
            },
            {
              "key": "recharge",
              "value": 6.5
            },
            {
              "key": "cdmg",
              "value": 33.4
            }
          ]
        },
        "5": {
          "name": "宗室面具",
          "level": 20,
          "star": 5,
          "main": {
            "key": "cdmg",
            "value": 62.2
          },
          "attrs": [
            {
              "key": "defPlus",
              "value": 35
            },
            {
              "key": "recharge",
              "value": 11
            },
            {
              "key": "atkPlus",
              "value": 19
            },
            {
              "key": "cpct",
              "value": 10.1
            }
          ]
        }
      },
      "_source": "enka",
      "_time": 1675485933595,
      "_update": 1677557575918,
      "_talent": 1677557575918
    },
    "10000038": {
      "name": "阿贝多",
      "id": 10000038,
      "elem": "geo",
      "level": 81,
      "promote": 6,
      "fetter": 10,
      "costume": 0,
      "cons": 0,
      "talent": {
        "a": 4,
        "e": 9,
        "q": 8
      },
      "weapon": {
        "name": "辰砂之纺锤",
        "level": 90,
        "promote": 6,
        "affix": 5
      },
      "artis": {
        "1": {
          "name": "荣花之期",
          "level": 20,
          "star": 5,
          "main": {
            "key": "hpPlus",
            "value": 4780
          },
          "attrs": [
            {
              "key": "recharge",
              "value": 22.7
            },
            {
              "key": "cdmg",
              "value": 14.8
            },
            {
              "key": "cpct",
              "value": 3.5
            },
            {
              "key": "atk",
              "value": 5.3
            }
          ]
        },
        "2": {
          "name": "华馆之羽",
          "level": 20,
          "star": 5,
          "main": {
            "key": "atkPlus",
            "value": 311
          },
          "attrs": [
            {
              "key": "recharge",
              "value": 9.1
            },
            {
              "key": "mastery",
              "value": 37
            },
            {
              "key": "cdmg",
              "value": 13.2
            },
            {
              "key": "cpct",
              "value": 6.6
            }
          ]
        },
        "3": {
          "name": "众生之谣",
          "level": 20,
          "star": 5,
          "main": {
            "key": "def",
            "value": 58.3
          },
          "attrs": [
            {
              "key": "mastery",
              "value": 19
            },
            {
              "key": "recharge",
              "value": 5.2
            },
            {
              "key": "cdmg",
              "value": 22.5
            },
            {
              "key": "cpct",
              "value": 6.2
            }
          ]
        },
        "4": {
          "name": "绯花之壶",
          "level": 20,
          "star": 5,
          "main": {
            "key": "geo",
            "value": 46.6
          },
          "attrs": [
            {
              "key": "recharge",
              "value": 9.7
            },
            {
              "key": "def",
              "value": 10.9
            },
            {
              "key": "cdmg",
              "value": 6.2
            },
            {
              "key": "cpct",
              "value": 13.2
            }
          ]
        },
        "5": {
          "name": "形骸之笠",
          "level": 20,
          "star": 5,
          "main": {
            "key": "cpct",
            "value": 31.1
          },
          "attrs": [
            {
              "key": "cdmg",
              "value": 31.1
            },
            {
              "key": "hp",
              "value": 5.3
            },
            {
              "key": "hpPlus",
              "value": 209
            },
            {
              "key": "mastery",
              "value": 40
            }
          ]
        }
      },
      "_source": "enka",
      "_time": 1675485933610,
      "_update": 1677557575918,
      "_talent": 1677557575918
    },
    "10000046": {
      "name": "胡桃",
      "id": 10000046,
      "elem": "pyro",
      "level": 90,
      "promote": 6,
      "fetter": 10,
      "costume": 0,
      "cons": 0,
      "talent": {
        "a": 10,
        "e": 10,
        "q": 10
      },
      "weapon": {
        "name": "匣里灭辰",
        "level": 90,
        "promote": 6,
        "affix": 5
      },
      "artis": {
        "1": {
          "name": "魔女的炎之花",
          "level": 20,
          "star": 5,
          "main": {
            "key": "hpPlus",
            "value": 4780
          },
          "attrs": [
            {
              "key": "recharge",
              "value": 5.8
            },
            {
              "key": "cpct",
              "value": 9.3
            },
            {
              "key": "mastery",
              "value": 33
            },
            {
              "key": "cdmg",
              "value": 14
            }
          ]
        },
        "2": {
          "name": "魔女常燃之羽",
          "level": 20,
          "star": 5,
          "main": {
            "key": "atkPlus",
            "value": 311
          },
          "attrs": [
            {
              "key": "hp",
              "value": 9.9
            },
            {
              "key": "mastery",
              "value": 16
            },
            {
              "key": "cpct",
              "value": 7
            },
            {
              "key": "cdmg",
              "value": 18.7
            }
          ]
        },
        "3": {
          "name": "魔女破灭之时",
          "level": 20,
          "star": 5,
          "main": {
            "key": "hp",
            "value": 46.6
          },
          "attrs": [
            {
              "key": "cpct",
              "value": 7.8
            },
            {
              "key": "recharge",
              "value": 11
            },
            {
              "key": "atkPlus",
              "value": 19
            },
            {
              "key": "cdmg",
              "value": 22.5
            }
          ]
        },
        "4": {
          "name": "魔女的心之火",
          "level": 20,
          "star": 5,
          "main": {
            "key": "hp",
            "value": 46.6
          },
          "attrs": [
            {
              "key": "atk",
              "value": 9.3
            },
            {
              "key": "cpct",
              "value": 6.2
            },
            {
              "key": "atkPlus",
              "value": 39
            },
            {
              "key": "cdmg",
              "value": 13.2
            }
          ]
        },
        "5": {
          "name": "焦灼的魔女帽",
          "level": 20,
          "star": 5,
          "main": {
            "key": "cdmg",
            "value": 62.2
          },
          "attrs": [
            {
              "key": "cpct",
              "value": 7.8
            },
            {
              "key": "hpPlus",
              "value": 418
            },
            {
              "key": "hp",
              "value": 16.3
            },
            {
              "key": "def",
              "value": 10.9
            }
          ]
        }
      },
      "_source": "enka",
      "_time": 1675485933598,
      "_update": 1677557575918,
      "_talent": 1677557575918
    },
    "10000047": {
      "name": "枫原万叶",
      "id": 10000047,
      "elem": "anemo",
      "level": 90,
      "promote": 6,
      "fetter": 10,
      "costume": 0,
      "cons": 0,
      "talent": {
        "a": 6,
        "e": 8,
        "q": 10
      },
      "weapon": {
        "name": "东花坊时雨",
        "level": 90,
        "promote": 6,
        "affix": 5
      },
      "artis": {
        "1": {
          "name": "野花记忆的绿野",
          "level": 20,
          "star": 5,
          "main": {
            "key": "hpPlus",
            "value": 4780
          },
          "attrs": [
            {
              "key": "mastery",
              "value": 44
            },
            {
              "key": "atkPlus",
              "value": 37
            },
            {
              "key": "atk",
              "value": 11.7
            },
            {
              "key": "hp",
              "value": 9.9
            }
          ]
        },
        "2": {
          "name": "猎人青翠的箭羽",
          "level": 20,
          "star": 5,
          "main": {
            "key": "atkPlus",
            "value": 311
          },
          "attrs": [
            {
              "key": "cdmg",
              "value": 14.8
            },
            {
              "key": "defPlus",
              "value": 39
            },
            {
              "key": "mastery",
              "value": 58
            },
            {
              "key": "hpPlus",
              "value": 269
            }
          ]
        },
        "3": {
          "name": "翠绿猎人的笃定",
          "level": 20,
          "star": 5,
          "main": {
            "key": "mastery",
            "value": 187
          },
          "attrs": [
            {
              "key": "recharge",
              "value": 15.5
            },
            {
              "key": "defPlus",
              "value": 76
            },
            {
              "key": "def",
              "value": 6.6
            },
            {
              "key": "atkPlus",
              "value": 18
            }
          ]
        },
        "4": {
          "name": "宗室银瓮",
          "level": 20,
          "star": 5,
          "main": {
            "key": "mastery",
            "value": 187
          },
          "attrs": [
            {
              "key": "hp",
              "value": 9.9
            },
            {
              "key": "def",
              "value": 12.4
            },
            {
              "key": "cpct",
              "value": 7.4
            },
            {
              "key": "atkPlus",
              "value": 51
            }
          ]
        },
        "5": {
          "name": "翠绿的猎人之冠",
          "level": 20,
          "star": 5,
          "main": {
            "key": "mastery",
            "value": 187
          },
          "attrs": [
            {
              "key": "cpct",
              "value": 10.1
            },
            {
              "key": "def",
              "value": 14.6
            },
            {
              "key": "cdmg",
              "value": 12.4
            },
            {
              "key": "recharge",
              "value": 5.8
            }
          ]
        }
      },
      "_source": "enka",
      "_time": 1675485933608,
      "_update": 1677557575918,
      "_talent": 1677557575918
    },
    "10000052": {
      "name": "雷电将军",
      "id": 10000052,
      "elem": "electro",
      "level": 90,
      "promote": 6,
      "fetter": 10,
      "costume": 0,
      "cons": 0,
      "talent": {
        "a": 6,
        "e": 7,
        "q": 10
      },
      "weapon": {
        "name": "「渔获」",
        "level": 90,
        "promote": 6,
        "affix": 5
      },
      "artis": {
        "1": {
          "name": "明威之镡",
          "level": 20,
          "star": 5,
          "main": {
            "key": "hpPlus",
            "value": 4780
          },
          "attrs": [
            {
              "key": "hp",
              "value": 4.1
            },
            {
              "key": "cdmg",
              "value": 27.2
            },
            {
              "key": "defPlus",
              "value": 19
            },
            {
              "key": "cpct",
              "value": 5.8
            }
          ]
        },
        "2": {
          "name": "切落之羽",
          "level": 20,
          "star": 5,
          "main": {
            "key": "atkPlus",
            "value": 311
          },
          "attrs": [
            {
              "key": "cdmg",
              "value": 24.9
            },
            {
              "key": "recharge",
              "value": 5.8
            },
            {
              "key": "mastery",
              "value": 40
            },
            {
              "key": "hp",
              "value": 10.5
            }
          ]
        },
        "3": {
          "name": "终幕的时计",
          "level": 20,
          "star": 5,
          "main": {
            "key": "recharge",
            "value": 51.8
          },
          "attrs": [
            {
              "key": "defPlus",
              "value": 60
            },
            {
              "key": "hp",
              "value": 4.7
            },
            {
              "key": "cpct",
              "value": 10.9
            },
            {
              "key": "cdmg",
              "value": 15.5
            }
          ]
        },
        "4": {
          "name": "绯花之壶",
          "level": 20,
          "star": 5,
          "main": {
            "key": "atk",
            "value": 46.6
          },
          "attrs": [
            {
              "key": "recharge",
              "value": 22
            },
            {
              "key": "cdmg",
              "value": 5.4
            },
            {
              "key": "mastery",
              "value": 16
            },
            {
              "key": "hpPlus",
              "value": 538
            }
          ]
        },
        "5": {
          "name": "华饰之兜",
          "level": 20,
          "star": 5,
          "main": {
            "key": "cpct",
            "value": 31.1
          },
          "attrs": [
            {
              "key": "mastery",
              "value": 40
            },
            {
              "key": "recharge",
              "value": 11
            },
            {
              "key": "defPlus",
              "value": 35
            },
            {
              "key": "hp",
              "value": 8.7
            }
          ]
        }
      },
      "_source": "enka",
      "_time": 1675485933601,
      "_update": 1677557575918,
      "_talent": 1677557575918
    },
    "10000073": {
      "name": "纳西妲",
      "id": 10000073,
      "elem": "dendro",
      "level": 80,
      "promote": 6,
      "fetter": 10,
      "costume": 0,
      "cons": 0,
      "talent": {
        "a": 5,
        "e": 9,
        "q": 5
      },
      "weapon": {
        "name": "祭礼残章",
        "level": 90,
        "promote": 6,
        "affix": 5
      },
      "artis": {
        "1": {
          "name": "梦中的铁花",
          "level": 20,
          "star": 5,
          "main": {
            "key": "hpPlus",
            "value": 4780
          },
          "attrs": [
            {
              "key": "hp",
              "value": 5.8
            },
            {
              "key": "atk",
              "value": 5.8
            },
            {
              "key": "mastery",
              "value": 75
            },
            {
              "key": "cpct",
              "value": 8.9
            }
          ]
        },
        "2": {
          "name": "裁断的翎羽",
          "level": 20,
          "star": 5,
          "main": {
            "key": "atkPlus",
            "value": 311
          },
          "attrs": [
            {
              "key": "mastery",
              "value": 63
            },
            {
              "key": "atk",
              "value": 15.2
            },
            {
              "key": "cpct",
              "value": 3.5
            },
            {
              "key": "def",
              "value": 5.1
            }
          ]
        },
        "3": {
          "name": "贤智的定期",
          "level": 20,
          "star": 5,
          "main": {
            "key": "mastery",
            "value": 187
          },
          "attrs": [
            {
              "key": "def",
              "value": 5.8
            },
            {
              "key": "defPlus",
              "value": 63
            },
            {
              "key": "hpPlus",
              "value": 837
            },
            {
              "key": "atk",
              "value": 5.8
            }
          ]
        },
        "4": {
          "name": "真珠之笼",
          "level": 20,
          "star": 5,
          "main": {
            "key": "dendro",
            "value": 46.6
          },
          "attrs": [
            {
              "key": "cpct",
              "value": 2.7
            },
            {
              "key": "mastery",
              "value": 84
            },
            {
              "key": "hpPlus",
              "value": 299
            },
            {
              "key": "cdmg",
              "value": 13.2
            }
          ]
        },
        "5": {
          "name": "月桂的宝冠",
          "level": 20,
          "star": 5,
          "main": {
            "key": "mastery",
            "value": 187
          },
          "attrs": [
            {
              "key": "cdmg",
              "value": 27.2
            },
            {
              "key": "defPlus",
              "value": 39
            },
            {
              "key": "recharge",
              "value": 11.7
            },
            {
              "key": "atkPlus",
              "value": 19
            }
          ]
        }
      },
      "_source": "enka",
      "_time": 1675485933604,
      "_update": 1677557575919,
      "_talent": 1677557575919
    }
  },
  "chars": {
    "10000026": {
      "id": 10000026,
      "name": "魈",
      "elem": "anemo",
      "level": 84,
      "promote": 6,
      "fetter": 10,
      "costume": 0,
      "cons": 1,
      "talent": {
        "a": 10,
        "e": 10,
        "q": 10
      },
      "attr": {
        "atk": 2255.0090447082184,
        "atkBase": 1008.7734375,
        "def": 943.0368041992188,
        "defBase": 765.5093383789062,
        "hp": 17574.888671875,
        "hpBase": 12197.388671875,
        "mastery": 23.309999465942383,
        "recharge": 100,
        "heal": 0,
        "cpct": 79.69119548797607,
        "cdmg": 197.67999649047852,
        "dmg": 61.59999966621399,
        "phy": 0
      },
      "weapon": {
        "name": "和璞鸢",
        "star": 5,
        "level": 90,
        "promote": 6,
        "affix": 1
      },
      "artis": {
        "1": {
          "name": "野花记忆的绿野",
          "set": "翠绿之影",
          "level": 20,
          "main": {
            "key": "hpPlus",
            "value": 4780
          },
          "attrs": [
            {
              "key": "cpct",
              "value": 3.1
            },
            {
              "key": "cdmg",
              "value": 20.2
            },
            {
              "key": "defPlus",
              "value": 21
            },
            {
              "key": "atkPlus",
              "value": 56
            }
          ]
        },
        "2": {
          "name": "猎人青翠的箭羽",
          "set": "翠绿之影",
          "level": 20,
          "main": {
            "key": "atkPlus",
            "value": 311
          },
          "attrs": [
            {
              "key": "cdmg",
              "value": 19.4
            },
            {
              "key": "cpct",
              "value": 9.3
            },
            {
              "key": "atk",
              "value": 4.1
            },
            {
              "key": "mastery",
              "value": 23
            }
          ]
        },
        "3": {
          "name": "终幕的时计",
          "set": "流浪大地的乐团",
          "level": 20,
          "main": {
            "key": "atk",
            "value": 46.6
          },
          "attrs": [
            {
              "key": "hpPlus",
              "value": 598
            },
            {
              "key": "atkPlus",
              "value": 33
            },
            {
              "key": "cdmg",
              "value": 24.9
            },
            {
              "key": "cpct",
              "value": 3.1
            }
          ]
        },
        "4": {
          "name": "角斗士的酣醉",
          "set": "角斗士的终幕礼",
          "level": 20,
          "main": {
            "key": "anemo",
            "value": 46.6
          },
          "attrs": [
            {
              "key": "atk",
              "value": 4.1
            },
            {
              "key": "cdmg",
              "value": 21
            },
            {
              "key": "defPlus",
              "value": 42
            },
            {
              "key": "cpct",
              "value": 10.1
            }
          ]
        },
        "5": {
          "name": "角斗士的凯旋",
          "set": "角斗士的终幕礼",
          "level": 20,
          "main": {
            "key": "cdmg",
            "value": 62.2
          },
          "attrs": [
            {
              "key": "cpct",
              "value": 7.8
            },
            {
              "key": "atk",
              "value": 11.1
            },
            {
              "key": "defPlus",
              "value": 65
            },
            {
              "key": "def",
              "value": 6.6
            }
          ]
        }
      },
      "dataSource": "enka",
      "_time": 1675485933598
    },
    "10000030": {
      "id": 10000030,
      "name": "钟离",
      "elem": "geo",
      "level": 90,
      "promote": 6,
      "fetter": 10,
      "costume": 0,
      "cons": 0,
      "talent": {
        "a": 10,
        "e": 10,
        "q": 10
      },
      "attr": {
        "atk": 1443.2830378089438,
        "atkBase": 925.4718017578125,
        "def": 823.252685546875,
        "defBase": 737.8121948242188,
        "hp": 32074.404296875,
        "hpBase": 14695.09375,
        "mastery": 142.1999969482422,
        "recharge": 106.48000240325928,
        "heal": 0,
        "cpct": 41.821202635765076,
        "cdmg": 175.15000104904175,
        "dmg": 75.39999485015869,
        "phy": 0
      },
      "weapon": {
        "name": "和璞鸢",
        "star": 5,
        "level": 90,
        "promote": 6,
        "affix": 1
      },
      "artis": {
        "1": {
          "name": "勋绩之花",
          "set": "千岩牢固",
          "level": 20,
          "main": {
            "key": "hpPlus",
            "value": 4780
          },
          "attrs": [
            {
              "key": "mastery",
              "value": 42
            },
            {
              "key": "cdmg",
              "value": 19.4
            },
            {
              "key": "hp",
              "value": 8.2
            },
            {
              "key": "recharge",
              "value": 6.5
            }
          ]
        },
        "2": {
          "name": "昭武翎羽",
          "set": "千岩牢固",
          "level": 20,
          "main": {
            "key": "atkPlus",
            "value": 311
          },
          "attrs": [
            {
              "key": "cpct",
              "value": 6.2
            },
            {
              "key": "def",
              "value": 6.6
            },
            {
              "key": "cdmg",
              "value": 23.3
            },
            {
              "key": "atk",
              "value": 4.7
            }
          ]
        },
        "3": {
          "name": "金铜时晷",
          "set": "千岩牢固",
          "level": 20,
          "main": {
            "key": "hp",
            "value": 46.6
          },
          "attrs": [
            {
              "key": "hpPlus",
              "value": 837
            },
            {
              "key": "defPlus",
              "value": 37
            },
            {
              "key": "atkPlus",
              "value": 14
            },
            {
              "key": "mastery",
              "value": 40
            }
          ]
        },
        "4": {
          "name": "超越之盏",
          "set": "苍白之火",
          "level": 20,
          "main": {
            "key": "geo",
            "value": 46.6
          },
          "attrs": [
            {
              "key": "cdmg",
              "value": 20.2
            },
            {
              "key": "mastery",
              "value": 23
            },
            {
              "key": "atk",
              "value": 9.9
            },
            {
              "key": "atkPlus",
              "value": 39
            }
          ]
        },
        "5": {
          "name": "宗室面具",
          "set": "昔日宗室之仪",
          "level": 20,
          "main": {
            "key": "cdmg",
            "value": 62.2
          },
          "attrs": [
            {
              "key": "hpPlus",
              "value": 777
            },
            {
              "key": "atkPlus",
              "value": 19
            },
            {
              "key": "cpct",
              "value": 8.6
            },
            {
              "key": "mastery",
              "value": 37
            }
          ]
        }
      },
      "dataSource": "enka",
      "_time": 1675485933594
    },
    "10000033": {
      "id": 10000033,
      "name": "达达利亚",
      "elem": "hydro",
      "level": 90,
      "promote": 6,
      "fetter": 10,
      "costume": 0,
      "cons": 0,
      "talent": {
        "a": 5,
        "e": 9,
        "q": 9
      },
      "attr": {
        "atk": 2069.271178471143,
        "atkBase": 975.6993408203125,
        "def": 909.567626953125,
        "defBase": 814.6676025390625,
        "hp": 18630.00390625,
        "hpBase": 13103.125,
        "mastery": 0,
        "recharge": 129.14999723434448,
        "heal": 0,
        "cpct": 60.881203413009644,
        "cdmg": 199.02000427246094,
        "dmg": 90.39999842643738,
        "phy": 0
      },
      "weapon": {
        "name": "天空之翼",
        "star": 5,
        "level": 90,
        "promote": 6,
        "affix": 1
      },
      "artis": {
        "1": {
          "name": "饰金胸花",
          "set": "沉沦之心",
          "level": 20,
          "main": {
            "key": "hpPlus",
            "value": 4780
          },
          "attrs": [
            {
              "key": "cdmg",
              "value": 10.9
            },
            {
              "key": "atkPlus",
              "value": 18
            },
            {
              "key": "atk",
              "value": 5.8
            },
            {
              "key": "cpct",
              "value": 17.1
            }
          ]
        },
        "2": {
          "name": "宗室之翎",
          "set": "昔日宗室之仪",
          "level": 20,
          "main": {
            "key": "atkPlus",
            "value": 311
          },
          "attrs": [
            {
              "key": "atk",
              "value": 15.7
            },
            {
              "key": "cpct",
              "value": 6.6
            },
            {
              "key": "cdmg",
              "value": 14.8
            },
            {
              "key": "defPlus",
              "value": 21
            }
          ]
        },
        "3": {
          "name": "坚铜罗盘",
          "set": "沉沦之心",
          "level": 20,
          "main": {
            "key": "atk",
            "value": 46.6
          },
          "attrs": [
            {
              "key": "recharge",
              "value": 11.7
            },
            {
              "key": "cdmg",
              "value": 7.8
            },
            {
              "key": "hpPlus",
              "value": 747
            },
            {
              "key": "atkPlus",
              "value": 35
            }
          ]
        },
        "4": {
          "name": "吟游者之壶",
          "set": "流浪大地的乐团",
          "level": 20,
          "main": {
            "key": "hydro",
            "value": 46.6
          },
          "attrs": [
            {
              "key": "atk",
              "value": 4.7
            },
            {
              "key": "defPlus",
              "value": 39
            },
            {
              "key": "recharge",
              "value": 6.5
            },
            {
              "key": "cdmg",
              "value": 33.4
            }
          ]
        },
        "5": {
          "name": "宗室面具",
          "set": "昔日宗室之仪",
          "level": 20,
          "main": {
            "key": "cdmg",
            "value": 62.2
          },
          "attrs": [
            {
              "key": "defPlus",
              "value": 35
            },
            {
              "key": "recharge",
              "value": 11
            },
            {
              "key": "atkPlus",
              "value": 19
            },
            {
              "key": "cpct",
              "value": 10.1
            }
          ]
        }
      },
      "dataSource": "enka",
      "_time": 1675485933595
    },
    "10000038": {
      "id": 10000038,
      "name": "阿贝多",
      "elem": "geo",
      "level": 81,
      "promote": 6,
      "fetter": 10,
      "costume": 0,
      "cons": 0,
      "talent": {
        "a": 4,
        "e": 9,
        "q": 8
      },
      "attr": {
        "atk": 1036.8097547290236,
        "atkBase": 689.60546875,
        "def": 2201.127197265625,
        "defBase": 820.7003173828125,
        "hp": 18028.05859375,
        "hpBase": 12388.5302734375,
        "mastery": 95.57999420166016,
        "recharge": 146.62001132965088,
        "heal": 0,
        "cpct": 65.65000414848328,
        "cdmg": 137.8100037574768,
        "dmg": 75.39999485015869,
        "phy": 0
      },
      "weapon": {
        "name": "辰砂之纺锤",
        "star": 4,
        "level": 90,
        "promote": 6,
        "affix": 5
      },
      "artis": {
        "1": {
          "name": "荣花之期",
          "set": "华馆梦醒形骸记",
          "level": 20,
          "main": {
            "key": "hpPlus",
            "value": 4780
          },
          "attrs": [
            {
              "key": "recharge",
              "value": 22.7
            },
            {
              "key": "cdmg",
              "value": 14.8
            },
            {
              "key": "cpct",
              "value": 3.5
            },
            {
              "key": "atk",
              "value": 5.3
            }
          ]
        },
        "2": {
          "name": "华馆之羽",
          "set": "华馆梦醒形骸记",
          "level": 20,
          "main": {
            "key": "atkPlus",
            "value": 311
          },
          "attrs": [
            {
              "key": "recharge",
              "value": 9.1
            },
            {
              "key": "mastery",
              "value": 37
            },
            {
              "key": "cdmg",
              "value": 13.2
            },
            {
              "key": "cpct",
              "value": 6.6
            }
          ]
        },
        "3": {
          "name": "众生之谣",
          "set": "华馆梦醒形骸记",
          "level": 20,
          "main": {
            "key": "def",
            "value": 58.3
          },
          "attrs": [
            {
              "key": "mastery",
              "value": 19
            },
            {
              "key": "recharge",
              "value": 5.2
            },
            {
              "key": "cdmg",
              "value": 22.5
            },
            {
              "key": "cpct",
              "value": 6.2
            }
          ]
        },
        "4": {
          "name": "绯花之壶",
          "set": "绝缘之旗印",
          "level": 20,
          "main": {
            "key": "geo",
            "value": 46.6
          },
          "attrs": [
            {
              "key": "recharge",
              "value": 9.7
            },
            {
              "key": "def",
              "value": 10.9
            },
            {
              "key": "cdmg",
              "value": 6.2
            },
            {
              "key": "cpct",
              "value": 13.2
            }
          ]
        },
        "5": {
          "name": "形骸之笠",
          "set": "华馆梦醒形骸记",
          "level": 20,
          "main": {
            "key": "cpct",
            "value": 31.1
          },
          "attrs": [
            {
              "key": "cdmg",
              "value": 31.1
            },
            {
              "key": "hp",
              "value": 5.3
            },
            {
              "key": "hpPlus",
              "value": 209
            },
            {
              "key": "mastery",
              "value": 40
            }
          ]
        }
      },
      "dataSource": "enka",
      "_time": 1675485933610
    },
    "10000046": {
      "id": 10000046,
      "name": "胡桃",
      "elem": "pyro",
      "level": 90,
      "promote": 6,
      "fetter": 10,
      "costume": 0,
      "cons": 0,
      "talent": {
        "a": 10,
        "e": 10,
        "q": 10
      },
      "attr": {
        "atk": 982.469963474522,
        "atkBase": 560.7975463867188,
        "def": 971.9154052734375,
        "defBase": 876.1519775390625,
        "hp": 39324.6875,
        "hpBase": 15552.306640625,
        "mastery": 269.47198486328125,
        "recharge": 116.84000492095947,
        "heal": 0,
        "cpct": 43.11000406742096,
        "cdmg": 218.969988822937,
        "dmg": 15.000000596046448,
        "phy": 0
      },
      "weapon": {
        "name": "匣里灭辰",
        "star": 4,
        "level": 90,
        "promote": 6,
        "affix": 5
      },
      "artis": {
        "1": {
          "name": "魔女的炎之花",
          "set": "炽烈的炎之魔女",
          "level": 20,
          "main": {
            "key": "hpPlus",
            "value": 4780
          },
          "attrs": [
            {
              "key": "recharge",
              "value": 5.8
            },
            {
              "key": "cpct",
              "value": 9.3
            },
            {
              "key": "mastery",
              "value": 33
            },
            {
              "key": "cdmg",
              "value": 14
            }
          ]
        },
        "2": {
          "name": "魔女常燃之羽",
          "set": "炽烈的炎之魔女",
          "level": 20,
          "main": {
            "key": "atkPlus",
            "value": 311
          },
          "attrs": [
            {
              "key": "hp",
              "value": 9.9
            },
            {
              "key": "mastery",
              "value": 16
            },
            {
              "key": "cpct",
              "value": 7
            },
            {
              "key": "cdmg",
              "value": 18.7
            }
          ]
        },
        "3": {
          "name": "魔女破灭之时",
          "set": "炽烈的炎之魔女",
          "level": 20,
          "main": {
            "key": "hp",
            "value": 46.6
          },
          "attrs": [
            {
              "key": "cpct",
              "value": 7.8
            },
            {
              "key": "recharge",
              "value": 11
            },
            {
              "key": "atkPlus",
              "value": 19
            },
            {
              "key": "cdmg",
              "value": 22.5
            }
          ]
        },
        "4": {
          "name": "魔女的心之火",
          "set": "炽烈的炎之魔女",
          "level": 20,
          "main": {
            "key": "hp",
            "value": 46.6
          },
          "attrs": [
            {
              "key": "atk",
              "value": 9.3
            },
            {
              "key": "cpct",
              "value": 6.2
            },
            {
              "key": "atkPlus",
              "value": 39
            },
            {
              "key": "cdmg",
              "value": 13.2
            }
          ]
        },
        "5": {
          "name": "焦灼的魔女帽",
          "set": "炽烈的炎之魔女",
          "level": 20,
          "main": {
            "key": "cdmg",
            "value": 62.2
          },
          "attrs": [
            {
              "key": "cpct",
              "value": 7.8
            },
            {
              "key": "hpPlus",
              "value": 418
            },
            {
              "key": "hp",
              "value": 16.3
            },
            {
              "key": "def",
              "value": 10.9
            }
          ]
        }
      },
      "dataSource": "enka",
      "_time": 1675485933598
    },
    "10000047": {
      "id": 10000047,
      "name": "枫原万叶",
      "elem": "anemo",
      "level": 90,
      "promote": 6,
      "fetter": 10,
      "costume": 0,
      "cons": 0,
      "talent": {
        "a": 6,
        "e": 8,
        "q": 10
      },
      "attr": {
        "atk": 1316.2385408724795,
        "atkBase": 806.1871337890625,
        "def": 1193.2930908203125,
        "defBase": 806.9820556640625,
        "hp": 21042.50390625,
        "hpBase": 13348.04296875,
        "mastery": 942.6539916992188,
        "recharge": 121.37000560760498,
        "heal": 0,
        "cpct": 22.499999403953552,
        "cdmg": 77.19999551773071,
        "dmg": 15.000000596046448,
        "phy": 0
      },
      "weapon": {
        "name": "东花坊时雨",
        "star": 4,
        "level": 90,
        "promote": 6,
        "affix": 5
      },
      "artis": {
        "1": {
          "name": "野花记忆的绿野",
          "set": "翠绿之影",
          "level": 20,
          "main": {
            "key": "hpPlus",
            "value": 4780
          },
          "attrs": [
            {
              "key": "mastery",
              "value": 44
            },
            {
              "key": "atkPlus",
              "value": 37
            },
            {
              "key": "atk",
              "value": 11.7
            },
            {
              "key": "hp",
              "value": 9.9
            }
          ]
        },
        "2": {
          "name": "猎人青翠的箭羽",
          "set": "翠绿之影",
          "level": 20,
          "main": {
            "key": "atkPlus",
            "value": 311
          },
          "attrs": [
            {
              "key": "cdmg",
              "value": 14.8
            },
            {
              "key": "defPlus",
              "value": 39
            },
            {
              "key": "mastery",
              "value": 58
            },
            {
              "key": "hpPlus",
              "value": 269
            }
          ]
        },
        "3": {
          "name": "翠绿猎人的笃定",
          "set": "翠绿之影",
          "level": 20,
          "main": {
            "key": "mastery",
            "value": 187
          },
          "attrs": [
            {
              "key": "recharge",
              "value": 15.5
            },
            {
              "key": "defPlus",
              "value": 76
            },
            {
              "key": "def",
              "value": 6.6
            },
            {
              "key": "atkPlus",
              "value": 18
            }
          ]
        },
        "4": {
          "name": "宗室银瓮",
          "set": "昔日宗室之仪",
          "level": 20,
          "main": {
            "key": "mastery",
            "value": 187
          },
          "attrs": [
            {
              "key": "hp",
              "value": 9.9
            },
            {
              "key": "def",
              "value": 12.4
            },
            {
              "key": "cpct",
              "value": 7.4
            },
            {
              "key": "atkPlus",
              "value": 51
            }
          ]
        },
        "5": {
          "name": "翠绿的猎人之冠",
          "set": "翠绿之影",
          "level": 20,
          "main": {
            "key": "mastery",
            "value": 187
          },
          "attrs": [
            {
              "key": "cpct",
              "value": 10.1
            },
            {
              "key": "def",
              "value": 14.6
            },
            {
              "key": "cdmg",
              "value": 12.4
            },
            {
              "key": "recharge",
              "value": 5.8
            }
          ]
        }
      },
      "dataSource": "enka",
      "_time": 1675485933608
    },
    "10000052": {
      "id": 10000052,
      "name": "雷电将军",
      "elem": "electro",
      "level": 90,
      "promote": 6,
      "fetter": 10,
      "costume": 0,
      "cons": 0,
      "talent": {
        "a": 6,
        "e": 7,
        "q": 10
      },
      "attr": {
        "atk": 1552.4783877556201,
        "atkBase": 846.8474731445312,
        "def": 902.7254028320312,
        "defBase": 789.305419921875,
        "hp": 21835.08203125,
        "hpBase": 12907.1904296875,
        "mastery": 95.57999420166016,
        "recharge": 288.5999917984009,
        "heal": 0,
        "cpct": 52.81999707221985,
        "cdmg": 123.03999662399292,
        "dmg": 0,
        "phy": 0
      },
      "weapon": {
        "name": "「渔获」",
        "star": 4,
        "level": 90,
        "promote": 6,
        "affix": 5
      },
      "artis": {
        "1": {
          "name": "明威之镡",
          "set": "绝缘之旗印",
          "level": 20,
          "main": {
            "key": "hpPlus",
            "value": 4780
          },
          "attrs": [
            {
              "key": "hp",
              "value": 4.1
            },
            {
              "key": "cdmg",
              "value": 27.2
            },
            {
              "key": "defPlus",
              "value": 19
            },
            {
              "key": "cpct",
              "value": 5.8
            }
          ]
        },
        "2": {
          "name": "切落之羽",
          "set": "绝缘之旗印",
          "level": 20,
          "main": {
            "key": "atkPlus",
            "value": 311
          },
          "attrs": [
            {
              "key": "cdmg",
              "value": 24.9
            },
            {
              "key": "recharge",
              "value": 5.8
            },
            {
              "key": "mastery",
              "value": 40
            },
            {
              "key": "hp",
              "value": 10.5
            }
          ]
        },
        "3": {
          "name": "终幕的时计",
          "set": "流浪大地的乐团",
          "level": 20,
          "main": {
            "key": "recharge",
            "value": 51.8
          },
          "attrs": [
            {
              "key": "defPlus",
              "value": 60
            },
            {
              "key": "hp",
              "value": 4.7
            },
            {
              "key": "cpct",
              "value": 10.9
            },
            {
              "key": "cdmg",
              "value": 15.5
            }
          ]
        },
        "4": {
          "name": "绯花之壶",
          "set": "绝缘之旗印",
          "level": 20,
          "main": {
            "key": "atk",
            "value": 46.6
          },
          "attrs": [
            {
              "key": "recharge",
              "value": 22
            },
            {
              "key": "cdmg",
              "value": 5.4
            },
            {
              "key": "mastery",
              "value": 16
            },
            {
              "key": "hpPlus",
              "value": 538
            }
          ]
        },
        "5": {
          "name": "华饰之兜",
          "set": "绝缘之旗印",
          "level": 20,
          "main": {
            "key": "cpct",
            "value": 31.1
          },
          "attrs": [
            {
              "key": "mastery",
              "value": 40
            },
            {
              "key": "recharge",
              "value": 11
            },
            {
              "key": "defPlus",
              "value": 35
            },
            {
              "key": "hp",
              "value": 8.7
            }
          ]
        }
      },
      "dataSource": "enka",
      "_time": 1675485933601
    },
    "10000073": {
      "id": 10000073,
      "name": "纳西妲",
      "elem": "dendro",
      "level": 80,
      "promote": 6,
      "fetter": 10,
      "costume": 0,
      "cons": 0,
      "talent": {
        "a": 5,
        "e": 9,
        "q": 5
      },
      "attr": {
        "atk": 1259.103460737244,
        "atkBase": 732.3187866210938,
        "def": 751.8031005859375,
        "defBase": 585.912841796875,
        "hp": 16108.5458984375,
        "hpBase": 9631.763671875,
        "mastery": 1010.1720581054688,
        "recharge": 111.66000366210938,
        "heal": 0,
        "cpct": 20.160000026226044,
        "cdmg": 90.41000008583069,
        "dmg": 61.59999966621399,
        "phy": 0
      },
      "weapon": {
        "name": "祭礼残章",
        "star": 4,
        "level": 90,
        "promote": 6,
        "affix": 5
      },
      "artis": {
        "1": {
          "name": "梦中的铁花",
          "set": "饰金之梦",
          "level": 20,
          "main": {
            "key": "hpPlus",
            "value": 4780
          },
          "attrs": [
            {
              "key": "hp",
              "value": 5.8
            },
            {
              "key": "atk",
              "value": 5.8
            },
            {
              "key": "mastery",
              "value": 75
            },
            {
              "key": "cpct",
              "value": 8.9
            }
          ]
        },
        "2": {
          "name": "裁断的翎羽",
          "set": "饰金之梦",
          "level": 20,
          "main": {
            "key": "atkPlus",
            "value": 311
          },
          "attrs": [
            {
              "key": "mastery",
              "value": 63
            },
            {
              "key": "atk",
              "value": 15.2
            },
            {
              "key": "cpct",
              "value": 3.5
            },
            {
              "key": "def",
              "value": 5.1
            }
          ]
        },
        "3": {
          "name": "贤智的定期",
          "set": "深林的记忆",
          "level": 20,
          "main": {
            "key": "mastery",
            "value": 187
          },
          "attrs": [
            {
              "key": "def",
              "value": 5.8
            },
            {
              "key": "defPlus",
              "value": 63
            },
            {
              "key": "hpPlus",
              "value": 837
            },
            {
              "key": "atk",
              "value": 5.8
            }
          ]
        },
        "4": {
          "name": "真珠之笼",
          "set": "海染砗磲",
          "level": 20,
          "main": {
            "key": "dendro",
            "value": 46.6
          },
          "attrs": [
            {
              "key": "cpct",
              "value": 2.7
            },
            {
              "key": "mastery",
              "value": 84
            },
            {
              "key": "hpPlus",
              "value": 299
            },
            {
              "key": "cdmg",
              "value": 13.2
            }
          ]
        },
        "5": {
          "name": "月桂的宝冠",
          "set": "深林的记忆",
          "level": 20,
          "main": {
            "key": "mastery",
            "value": 187
          },
          "attrs": [
            {
              "key": "cdmg",
              "value": 27.2
            },
            {
              "key": "defPlus",
              "value": 39
            },
            {
              "key": "recharge",
              "value": 11.7
            },
            {
              "key": "atkPlus",
              "value": 19
            }
          ]
        }
      },
      "dataSource": "enka",
      "_time": 1675485933604
    }
  }
}