{
  "uid": "172050125",
  "name": "",
  "level": "",
  "word": "",
  "face": "",
  "card": "",
  "sign": "",
  "info": false,
  "_profile": 1685806733471,
  "avatars": {
    "10000002": {
      "name": "神里绫华",
      "id": 10000002,
      "elem": "cryo",
      "level": 80,
      "promote": 5,
      "fetter": 2,
      "costume": 0,
      "cons": 1,
      "talent": {
        "a": 4,
        "e": 4,
        "q": 5
      },
      "weapon": {
        "name": "天目影打刀",
        "level": 80,
        "promote": 5,
        "affix": 1
      },
      "artis": {
        "1": {
          "level": 2,
          "star": 5,
          "name": "历经风雪的思念",
          "mainId": 14001,
          "attrIds": [
            501053,
            501221,
            501201
          ]
        },
        "2": {
          "level": 20,
          "star": 5,
          "name": "摧冰而行的执望",
          "mainId": 12001,
          "attrIds": [
            501233,
            501024,
            501201,
            501222,
            501222,
            501204,
            501202,
            501234,
            501234
          ]
        },
        "3": {
          "level": 20,
          "star": 5,
          "name": "冰雪故园的终期",
          "mainId": 10004,
          "attrIds": [
            501234,
            501051,
            501221,
            501203,
            501234,
            501203,
            501221,
            501234
          ]
        },
        "4": {
          "level": 8,
          "star": 5,
          "name": "结契之刻",
          "mainId": 15010,
          "attrIds": [
            501062,
            501223,
            501081,
            501244,
            501084
          ]
        },
        "5": {
          "level": 20,
          "star": 5,
          "name": "破冰踏雪的回音",
          "mainId": 13008,
          "attrIds": [
            501034,
            501094,
            501242,
            501233,
            501093,
            501244,
            501233,
            501094,
            501234
          ]
        }
      },
      "_source": "enka",
      "_time": 1685806733469,
      "_update": 1685806733469,
      "_talent": 1685806733469
    },
    "10000022": {
      "name": "温迪",
      "id": 10000022,
      "elem": "anemo",
      "level": 60,
      "promote": 3,
      "fetter": 1,
      "costume": 0,
      "cons": 0,
      "talent": {
        "a": 1,
        "e": 4,
        "q": 4
      },
      "weapon": {
        "name": "西风猎弓",
        "level": 50,
        "promote": 3,
        "affix": 1
      },
      "artis": {
        "2": {
          "level": 5,
          "star": 5,
          "name": "思忆之矢",
          "mainId": 12001,
          "attrIds": [
            501022,
            501234,
            501222,
            501241
          ]
        },
        "3": {
          "level": 5,
          "star": 5,
          "name": "终幕的时计",
          "mainId": 10007,
          "attrIds": [
            501091,
            501034,
            501221,
            501063,
            501093
          ]
        }
      },
      "_source": "mgg",
      "_time": 1679410810344,
      "_update": 1679410810344,
      "_talent": 1679410810344
    },
    "10000023": {
      "name": "香菱",
      "id": 10000023,
      "elem": "pyro",
      "level": 80,
      "promote": 5,
      "fetter": 2,
      "costume": 0,
      "cons": 4,
      "talent": {
        "a": 1,
        "e": 6,
        "q": 7
      },
      "weapon": {
        "name": "试作星镰",
        "level": 80,
        "promote": 5,
        "affix": 1
      },
      "artis": {
        "1": {
          "level": 17,
          "star": 5,
          "name": "魔女的炎之花",
          "mainId": 14001,
          "attrIds": [
            501203,
            501091,
            501224,
            501084,
            501204,
            501082,
            501094
          ]
        },
        "2": {
          "level": 20,
          "star": 5,
          "name": "魔女常燃之羽",
          "mainId": 12001,
          "attrIds": [
            501083,
            501061,
            501222,
            501201,
            501082,
            501204,
            501082,
            501063
          ]
        },
        "3": {
          "level": 20,
          "star": 5,
          "name": "翠绿猎人的笃定",
          "mainId": 10007,
          "attrIds": [
            501081,
            501061,
            501204,
            501053,
            501202,
            501081,
            501062,
            501082,
            501052
          ]
        },
        "4": {
          "level": 20,
          "star": 5,
          "name": "染血骑士之杯",
          "mainId": 15008,
          "attrIds": [
            501034,
            501231,
            501093,
            501201,
            501094,
            501234,
            501203,
            501034
          ]
        },
        "5": {
          "level": 20,
          "star": 5,
          "name": "华饰之兜",
          "mainId": 13008,
          "attrIds": [
            501243,
            501081,
            501202,
            501022,
            501022,
            501083,
            501203,
            501241
          ]
        }
      },
      "_source": "enka",
      "_time": 1682169138568,
      "_update": 1682169138568,
      "_talent": 1682169138568
    },
    "10000026": {
      "name": "魈",
      "id": 10000026,
      "elem": "anemo",
      "level": 89,
      "promote": 6,
      "fetter": 10,
      "costume": 0,
      "cons": 0,
      "talent": {
        "a": 4,
        "e": 8,
        "q": 8
      },
      "weapon": {
        "name": "贯虹之槊",
        "level": 80,
        "promote": 5,
        "affix": 1
      },
      "artis": {
        "1": {
          "level": 5,
          "star": 5,
          "name": "野花记忆的绿野",
          "mainId": 14001,
          "attrIds": [
            501093,
            501204,
            501051,
            501062
          ]
        },
        "2": {
          "level": 20,
          "star": 5,
          "name": "潜光片羽",
          "mainId": 12001,
          "attrIds": [
            501031,
            501203,
            501221,
            501024,
            501221,
            501202,
            501203,
            501032
          ]
        },
        "3": {
          "level": 20,
          "star": 5,
          "name": "翠绿猎人的笃定",
          "mainId": 10004,
          "attrIds": [
            501082,
            501223,
            501022,
            501204,
            501084,
            501021,
            501204,
            501024,
            501081
          ]
        },
        "4": {
          "level": 20,
          "star": 5,
          "name": "遍结寒霜的傲骨",
          "mainId": 15012,
          "attrIds": [
            501062,
            501224,
            501201,
            501244,
            501063,
            501242,
            501061,
            501241,
            501243
          ]
        },
        "5": {
          "level": 11,
          "star": 5,
          "name": "虺雷之姿",
          "mainId": 13007,
          "attrIds": [
            501084,
            501053,
            501223,
            501242,
            501241,
            501051
          ]
        }
      },
      "_source": "enka",
      "_time": 1685806733468,
      "_update": 1685806733468,
      "_talent": 1685806733468
    },
    "10000030": {
      "name": "钟离",
      "id": 10000030,
      "elem": "geo",
      "level": 90,
      "promote": 6,
      "fetter": 10,
      "costume": 0,
      "cons": 0,
      "talent": {
        "a": 3,
        "e": 8,
        "q": 7
      },
      "weapon": {
        "name": "西风长枪",
        "level": 70,
        "promote": 4,
        "affix": 2
      },
      "artis": {
        "1": {
          "level": 20,
          "star": 5,
          "name": "勋绩之花",
          "mainId": 14001,
          "attrIds": [
            501084,
            501053,
            501233,
            501242,
            501083,
            501231,
            501244,
            501242
          ]
        },
        "2": {
          "level": 20,
          "star": 5,
          "name": "昭武翎羽",
          "mainId": 12001,
          "attrIds": [
            501033,
            501063,
            501023,
            501244,
            501031,
            501063,
            501021,
            501023,
            501244
          ]
        },
        "3": {
          "level": 20,
          "star": 5,
          "name": "终幕的时计",
          "mainId": 10002,
          "attrIds": [
            501081,
            501053,
            501204,
            501064,
            501061,
            501204,
            501081,
            501051,
            501204
          ]
        },
        "4": {
          "level": 20,
          "star": 5,
          "name": "盟誓金爵",
          "mainId": 15002,
          "attrIds": [
            501221,
            501204,
            501233,
            501023,
            501021,
            501231,
            501233,
            501022
          ]
        },
        "5": {
          "level": 20,
          "star": 5,
          "name": "角斗士的凯旋",
          "mainId": 13002,
          "attrIds": [
            501202,
            501222,
            501053,
            501231,
            501052,
            501053,
            501201,
            501221
          ]
        }
      },
      "_source": "mgg",
      "_time": 1680105745236,
      "_update": 1680105745236,
      "_talent": 1680105745236
    },
    "10000032": {
      "name": "班尼特",
      "id": 10000032,
      "elem": "pyro",
      "level": 90,
      "promote": 6,
      "fetter": 10,
      "costume": 0,
      "cons": 4,
      "talent": {
        "a": 1,
        "e": 7,
        "q": 10
      },
      "weapon": {
        "name": "天空之刃",
        "level": 90,
        "promote": 6,
        "affix": 1
      },
      "artis": {
        "1": {
          "level": 20,
          "star": 5,
          "name": "远方的少女之心",
          "mainId": 14001,
          "attrIds": [
            501061,
            501083,
            501203,
            501243,
            501203,
            501202,
            501204,
            501204
          ]
        },
        "2": {
          "level": 20,
          "star": 5,
          "name": "琴师的箭羽",
          "mainId": 12001,
          "attrIds": [
            501092,
            501224,
            501202,
            501034,
            501034,
            501093,
            501093,
            501203,
            501202
          ]
        },
        "3": {
          "level": 20,
          "star": 5,
          "name": "少女苦短的良辰",
          "mainId": 10002,
          "attrIds": [
            501231,
            501202,
            501023,
            501091,
            501203,
            501234,
            501091,
            501204
          ]
        },
        "4": {
          "level": 20,
          "star": 5,
          "name": "遍结寒霜的傲骨",
          "mainId": 15002,
          "attrIds": [
            501204,
            501234,
            501092,
            501063,
            501062,
            501063,
            501063,
            501201
          ]
        },
        "5": {
          "level": 20,
          "star": 5,
          "name": "角斗士的凯旋",
          "mainId": 13002,
          "attrIds": [
            501202,
            501224,
            501051,
            501062,
            501224,
            501203,
            501221,
            501203
          ]
        }
      },
      "_source": "enka",
      "_time": 1685806733468,
      "_update": 1685806733468,
      "_talent": 1685806733468
    },
    "10000033": {
      "name": "达达利亚",
      "id": 10000033,
      "elem": "hydro",
      "level": 80,
      "promote": 5,
      "fetter": 10,
      "costume": 0,
      "cons": 0,
      "talent": {
        "a": 2,
        "e": 7,
        "q": 7
      },
      "weapon": {
        "name": "绝弦",
        "level": 90,
        "promote": 6,
        "affix": 3
      },
      "artis": {
        "1": {
          "level": 20,
          "star": 5,
          "name": "饰金胸花",
          "mainId": 14001,
          "attrIds": [
            501203,
            501091,
            501222,
            501054,
            501052,
            501223,
            501221,
            501053
          ]
        },
        "2": {
          "level": 4,
          "star": 5,
          "name": "垂玉之叶",
          "mainId": 12001,
          "attrIds": [
            501032,
            501084,
            501224,
            501201
          ]
        },
        "3": {
          "level": 4,
          "star": 5,
          "name": "祝祀之凭",
          "mainId": 10004,
          "attrIds": [
            501234,
            501223,
            501021,
            501084
          ]
        },
        "4": {
          "level": 20,
          "star": 5,
          "name": "祈望之心",
          "mainId": 15011,
          "attrIds": [
            501201,
            501224,
            501054,
            501232,
            501054,
            501203,
            501224,
            501231,
            501203
          ]
        },
        "5": {
          "level": 4,
          "star": 5,
          "name": "浮溯之珏",
          "mainId": 13008,
          "attrIds": [
            501063,
            501244,
            501233,
            501082
          ]
        }
      },
      "_source": "enka",
      "_time": 1685806733469,
      "_update": 1685806733469,
      "_talent": 1685806733469
    },
    "10000057": {
      "name": "荒泷一斗",
      "id": 10000057,
      "elem": "geo",
      "level": 60,
      "promote": 3,
      "fetter": 1,
      "costume": 0,
      "cons": 0,
      "talent": {
        "a": 4,
        "e": 4,
        "q": 4
      },
      "weapon": {
        "name": "白影剑",
        "level": 70,
        "promote": 4,
        "affix": 4
      },
      "artis": {
        "1": {
          "level": 1,
          "star": 5,
          "name": "羁缠之花",
          "mainId": 14001,
          "attrIds": [
            501054,
            501202,
            501221
          ]
        },
        "2": {
          "level": 20,
          "star": 5,
          "name": "少女飘摇的思念",
          "mainId": 12001,
          "attrIds": [
            501224,
            501092,
            501063,
            501203,
            501094,
            501061,
            501093,
            501091,
            501202
          ]
        },
        "3": {
          "level": 20,
          "star": 5,
          "name": "朝露之时",
          "mainId": 10006,
          "attrIds": [
            501033,
            501204,
            501022,
            501222,
            501203,
            501223,
            501022,
            501204
          ]
        },
        "4": {
          "level": 20,
          "star": 5,
          "name": "角斗士的酣醉",
          "mainId": 15013,
          "attrIds": [
            501053,
            501203,
            501222,
            501094,
            501053,
            501223,
            501204,
            501054
          ]
        },
        "5": {
          "level": 20,
          "star": 5,
          "name": "染血的铁假面",
          "mainId": 13006,
          "attrIds": [
            501204,
            501062,
            501023,
            501243,
            501064,
            501062,
            501062,
            501201
          ]
        }
      },
      "_source": "mgg",
      "_time": 1679410810343,
      "_update": 1679410810343,
      "_talent": 1679410810343
    },
    "10000060": {
      "name": "夜兰",
      "id": 10000060,
      "elem": "hydro",
      "level": 90,
      "promote": 6,
      "fetter": 10,
      "costume": 0,
      "cons": 0,
      "talent": {
        "a": 3,
        "e": 10,
        "q": 10
      },
      "weapon": {
        "name": "若水",
        "level": 90,
        "promote": 6,
        "affix": 1
      },
      "artis": {
        "1": {
          "level": 20,
          "star": 5,
          "name": "明威之镡",
          "mainId": 14001,
          "attrIds": [
            501204,
            501231,
            501064,
            501051,
            501204,
            501203,
            501064,
            501233,
            501064
          ]
        },
        "2": {
          "level": 20,
          "star": 5,
          "name": "切落之羽",
          "mainId": 12001,
          "attrIds": [
            501241,
            501223,
            501084,
            501202,
            501203,
            501243,
            501201,
            501202
          ]
        },
        "3": {
          "level": 20,
          "star": 5,
          "name": "角斗士的希冀",
          "mainId": 10002,
          "attrIds": [
            501222,
            501092,
            501204,
            501241,
            501204,
            501204,
            501092,
            501093
          ]
        },
        "4": {
          "level": 20,
          "star": 5,
          "name": "祈望之心",
          "mainId": 15011,
          "attrIds": [
            501201,
            501224,
            501054,
            501232,
            501054,
            501203,
            501224,
            501231,
            501203
          ]
        },
        "5": {
          "level": 20,
          "star": 5,
          "name": "破冰踏雪的回音",
          "mainId": 13008,
          "attrIds": [
            501061,
            501031,
            501232,
            501021,
            501233,
            501031,
            501034,
            501232
          ]
        }
      },
      "_source": "enka",
      "_time": 1685806733467,
      "_update": 1685806733467,
      "_talent": 1685806733467
    },
    "10000066": {
      "name": "神里绫人",
      "id": 10000066,
      "elem": "hydro",
      "level": 80,
      "promote": 5,
      "fetter": 9,
      "costume": 0,
      "cons": 0,
      "talent": {
        "a": 4,
        "e": 8,
        "q": 8
      },
      "weapon": {
        "name": "黑剑",
        "level": 90,
        "promote": 6,
        "affix": 1
      },
      "artis": {
        "1": {
          "level": 20,
          "star": 5,
          "name": "饰金胸花",
          "mainId": 14001,
          "attrIds": [
            501203,
            501091,
            501222,
            501054,
            501052,
            501223,
            501221,
            501053
          ]
        },
        "2": {
          "level": 20,
          "star": 5,
          "name": "追忆之风",
          "mainId": 12001,
          "attrIds": [
            501034,
            501091,
            501222,
            501201,
            501204,
            501223,
            501034,
            501223,
            501032
          ]
        },
        "3": {
          "level": 20,
          "star": 5,
          "name": "坚铜罗盘",
          "mainId": 10004,
          "attrIds": [
            501031,
            501243,
            501223,
            501203,
            501203,
            501222,
            501224,
            501241,
            501223
          ]
        },
        "4": {
          "level": 20,
          "star": 5,
          "name": "角斗士的酣醉",
          "mainId": 15011,
          "attrIds": [
            501082,
            501024,
            501204,
            501034,
            501204,
            501024,
            501023,
            501022
          ]
        },
        "5": {
          "level": 20,
          "star": 5,
          "name": "酒渍船帽",
          "mainId": 13008,
          "attrIds": [
            501242,
            501063,
            501054,
            501021,
            501241,
            501063,
            501022,
            501051
          ]
        }
      },
      "_source": "enka",
      "_time": 1685806733469,
      "_update": 1685806733469,
      "_talent": 1685806733469
    },
    "10000069": {
      "name": "提纳里",
      "id": 10000069,
      "elem": "dendro",
      "level": 80,
      "promote": 5,
      "fetter": 6,
      "costume": 0,
      "cons": 2,
      "talent": {
        "a": 1,
        "e": 8,
        "q": 8
      },
      "weapon": {
        "name": "绝弦",
        "level": 70,
        "promote": 4,
        "affix": 1
      },
      "artis": {
        "1": {
          "level": 20,
          "star": 5,
          "name": "乐团的晨光",
          "mainId": 14001,
          "attrIds": [
            501082,
            501223,
            501203,
            501231,
            501232,
            501222,
            501223,
            501231
          ]
        },
        "2": {
          "level": 8,
          "star": 5,
          "name": "思忆之矢",
          "mainId": 12001,
          "attrIds": [
            501064,
            501202,
            501223,
            501022,
            501023
          ]
        },
        "3": {
          "level": 4,
          "star": 5,
          "name": "朝露之时",
          "mainId": 10008,
          "attrIds": [
            501021,
            501051,
            501224,
            501062
          ]
        },
        "4": {
          "level": 20,
          "star": 5,
          "name": "绯花之壶",
          "mainId": 15014,
          "attrIds": [
            501231,
            501204,
            501221,
            501091,
            501221,
            501091,
            501201,
            501093,
            501093
          ]
        },
        "5": {
          "level": 20,
          "star": 5,
          "name": "翠绿的猎人之冠",
          "mainId": 13007,
          "attrIds": [
            501091,
            501242,
            501063,
            501054,
            501093,
            501242,
            501064,
            501062
          ]
        }
      },
      "_source": "enka",
      "_time": 1685806733468,
      "_update": 1685806733468,
      "_talent": 1685806733468
    },
    "10000080": {
      "name": "米卡",
      "id": 10000080,
      "elem": "cryo",
      "level": 60,
      "promote": 3,
      "fetter": 1,
      "costume": 0,
      "cons": 2,
      "talent": {
        "a": 1,
        "e": 4,
        "q": 3
      },
      "weapon": {
        "name": "西风长枪",
        "level": 20,
        "promote": 1,
        "affix": 5
      },
      "artis": {
        "1": {
          "level": 20,
          "star": 5,
          "name": "渡火者的决绝",
          "mainId": 14001,
          "attrIds": [
            501234,
            501064,
            501204,
            501223,
            501203,
            501234,
            501203,
            501061
          ]
        },
        "2": {
          "level": 8,
          "star": 5,
          "name": "思忆之矢",
          "mainId": 12001,
          "attrIds": [
            501223,
            501201,
            501033,
            501092,
            501204
          ]
        },
        "3": {
          "level": 4,
          "star": 5,
          "name": "终幕的时计",
          "mainId": 10002,
          "attrIds": [
            501083,
            501093,
            501223,
            501024
          ]
        },
        "4": {
          "level": 1,
          "star": 5,
          "name": "沉波之盏",
          "mainId": 15002,
          "attrIds": [
            501221,
            501203,
            501082
          ]
        },
        "5": {
          "level": 2,
          "star": 5,
          "name": "破冰踏雪的回音",
          "mainId": 13009,
          "attrIds": [
            501093,
            501023,
            501083
          ]
        }
      },
      "_source": "enka",
      "_time": 1685806733470,
      "_update": 1685806733470,
      "_talent": 1685806733470
    }
  }
}