{
  "uid": "175620746",
  "name": "",
  "level": "",
  "word": "",
  "face": "",
  "card": "",
  "sign": "",
  "info": false,
  "avatars": {
    "10000016": {
      "name": "迪卢克",
      "id": 10000016,
      "elem": "pyro",
      "level": 81,
      "promote": 6,
      "fetter": 10,
      "costume": 0,
      "cons": 2,
      "talent": {
        "a": 9,
        "e": 9,
        "q": 10
      },
      "weapon": {
        "name": "无工之剑",
        "level": 90,
        "promote": 6,
        "affix": 1
      },
      "artis": {
        "1": {
          "name": "魔女的炎之花",
          "level": 20,
          "star": 5,
          "main": {
            "key": "hpPlus",
            "value": 4780
          },
          "attrs": [
            {
              "key": "cpct",
              "value": 3.5
            },
            {
              "key": "cdmg",
              "value": 24.9
            },
            {
              "key": "def",
              "value": 12.4
            },
            {
              "key": "recharge",
              "value": 4.5
            }
          ]
        },
        "2": {
          "name": "魔女常燃之羽",
          "level": 20,
          "star": 5,
          "main": {
            "key": "atkPlus",
            "value": 311
          },
          "attrs": [
            {
              "key": "cdmg",
              "value": 26.4
            },
            {
              "key": "hp",
              "value": 9.3
            },
            {
              "key": "cpct",
              "value": 3.9
            },
            {
              "key": "hpPlus",
              "value": 209
            }
          ]
        },
        "3": {
          "name": "魔女破灭之时",
          "level": 20,
          "star": 5,
          "main": {
            "key": "atk",
            "value": 46.6
          },
          "attrs": [
            {
              "key": "atkPlus",
              "value": 19
            },
            {
              "key": "hp",
              "value": 13.4
            },
            {
              "key": "cpct",
              "value": 11.7
            },
            {
              "key": "recharge",
              "value": 5.2
            }
          ]
        },
        "4": {
          "name": "魔女的心之火",
          "level": 20,
          "star": 5,
          "main": {
            "key": "pyro",
            "value": 46.6
          },
          "attrs": [
            {
              "key": "def",
              "value": 13.1
            },
            {
              "key": "cpct",
              "value": 7
            },
            {
              "key": "hpPlus",
              "value": 209
            },
            {
              "key": "atk",
              "value": 12.8
            }
          ]
        },
        "5": {
          "name": "焦灼的魔女帽",
          "level": 20,
          "star": 5,
          "main": {
            "key": "cpct",
            "value": 31.1
          },
          "attrs": [
            {
              "key": "atk",
              "value": 26.8
            },
            {
              "key": "atkPlus",
              "value": 18
            },
            {
              "key": "cdmg",
              "value": 5.4
            },
            {
              "key": "hp",
              "value": 9.3
            }
          ]
        }
      },
      "_source": "enka",
      "_time": 1676766458795,
      "_update": 1677557575409,
      "_talent": 1677557575409
    },
    "10000026": {
      "name": "魈",
      "id": 10000026,
      "elem": "anemo",
      "level": 90,
      "promote": 6,
      "fetter": 10,
      "costume": 0,
      "cons": 0,
      "talent": {
        "a": 10,
        "e": 9,
        "q": 10
      },
      "weapon": {
        "name": "决斗之枪",
        "level": 90,
        "promote": 6,
        "affix": 1
      },
      "artis": {
        "1": {
          "name": "野花记忆的绿野",
          "level": 20,
          "star": 5,
          "main": {
            "key": "hpPlus",
            "value": 4780
          },
          "attrs": [
            {
              "key": "cpct",
              "value": 6.2
            },
            {
              "key": "atkPlus",
              "value": 27
            },
            {
              "key": "atk",
              "value": 4.1
            },
            {
              "key": "cdmg",
              "value": 21
            }
          ]
        },
        "2": {
          "name": "潜光片羽",
          "level": 20,
          "star": 5,
          "main": {
            "key": "atkPlus",
            "value": 311
          },
          "attrs": [
            {
              "key": "cdmg",
              "value": 26.4
            },
            {
              "key": "atk",
              "value": 5.8
            },
            {
              "key": "mastery",
              "value": 21
            },
            {
              "key": "defPlus",
              "value": 37
            }
          ]
        },
        "3": {
          "name": "阳辔之遗",
          "level": 20,
          "star": 5,
          "main": {
            "key": "atk",
            "value": 46.6
          },
          "attrs": [
            {
              "key": "atkPlus",
              "value": 29
            },
            {
              "key": "cdmg",
              "value": 20.2
            },
            {
              "key": "hp",
              "value": 5.3
            },
            {
              "key": "mastery",
              "value": 42
            }
          ]
        },
        "4": {
          "name": "吟游者之壶",
          "level": 20,
          "star": 5,
          "main": {
            "key": "anemo",
            "value": 46.6
          },
          "attrs": [
            {
              "key": "hpPlus",
              "value": 299
            },
            {
              "key": "recharge",
              "value": 11
            },
            {
              "key": "cdmg",
              "value": 24.1
            },
            {
              "key": "mastery",
              "value": 16
            }
          ]
        },
        "5": {
          "name": "翠绿的猎人之冠",
          "level": 20,
          "star": 5,
          "main": {
            "key": "cdmg",
            "value": 62.2
          },
          "attrs": [
            {
              "key": "atkPlus",
              "value": 19
            },
            {
              "key": "hp",
              "value": 9.9
            },
            {
              "key": "cpct",
              "value": 7.4
            },
            {
              "key": "hpPlus",
              "value": 717
            }
          ]
        }
      },
      "_source": "enka",
      "_time": 1676766458793,
      "_update": 1677557575409,
      "_talent": 1677557575409
    },
    "10000030": {
      "name": "钟离",
      "id": 10000030,
      "elem": "geo",
      "level": 90,
      "promote": 6,
      "fetter": 10,
      "costume": 0,
      "cons": 0,
      "talent": {
        "a": 4,
        "e": 9,
        "q": 8
      },
      "weapon": {
        "name": "黑缨枪",
        "level": 90,
        "promote": 6,
        "affix": 5
      },
      "artis": {
        "1": {
          "name": "饰金胸花",
          "level": 20,
          "star": 5,
          "main": {
            "key": "hpPlus",
            "value": 4780
          },
          "attrs": [
            {
              "key": "atkPlus",
              "value": 14
            },
            {
              "key": "cpct",
              "value": 2.7
            },
            {
              "key": "cdmg",
              "value": 21
            },
            {
              "key": "hp",
              "value": 19.8
            }
          ]
        },
        "2": {
          "name": "昭武翎羽",
          "level": 20,
          "star": 5,
          "main": {
            "key": "atkPlus",
            "value": 311
          },
          "attrs": [
            {
              "key": "mastery",
              "value": 56
            },
            {
              "key": "hp",
              "value": 10.5
            },
            {
              "key": "hpPlus",
              "value": 508
            },
            {
              "key": "atk",
              "value": 5.3
            }
          ]
        },
        "3": {
          "name": "金铜时晷",
          "level": 20,
          "star": 5,
          "main": {
            "key": "hp",
            "value": 46.6
          },
          "attrs": [
            {
              "key": "hpPlus",
              "value": 568
            },
            {
              "key": "cpct",
              "value": 7.8
            },
            {
              "key": "atk",
              "value": 9.3
            },
            {
              "key": "mastery",
              "value": 58
            }
          ]
        },
        "4": {
          "name": "盟誓金爵",
          "level": 20,
          "star": 5,
          "main": {
            "key": "hp",
            "value": 46.6
          },
          "attrs": [
            {
              "key": "recharge",
              "value": 5.8
            },
            {
              "key": "atkPlus",
              "value": 37
            },
            {
              "key": "cdmg",
              "value": 12.4
            },
            {
              "key": "def",
              "value": 21.1
            }
          ]
        },
        "5": {
          "name": "将帅兜鍪",
          "level": 20,
          "star": 5,
          "main": {
            "key": "hp",
            "value": 46.6
          },
          "attrs": [
            {
              "key": "cpct",
              "value": 6.6
            },
            {
              "key": "def",
              "value": 24.8
            },
            {
              "key": "recharge",
              "value": 11
            },
            {
              "key": "atk",
              "value": 5.3
            }
          ]
        }
      },
      "_source": "enka",
      "_time": 1676766458795,
      "_update": 1677557575410,
      "_talent": 1677557575410
    },
    "10000037": {
      "name": "甘雨",
      "id": 10000037,
      "elem": "cryo",
      "level": 81,
      "promote": 6,
      "fetter": 10,
      "costume": 0,
      "cons": 0,
      "talent": {
        "a": 10,
        "e": 2,
        "q": 4
      },
      "weapon": {
        "name": "破魔之弓",
        "level": 90,
        "promote": 6,
        "affix": 3
      },
      "artis": {
        "1": {
          "name": "乐团的晨光",
          "level": 20,
          "star": 5,
          "main": {
            "key": "hpPlus",
            "value": 4780
          },
          "attrs": [
            {
              "key": "atkPlus",
              "value": 14
            },
            {
              "key": "cpct",
              "value": 9.3
            },
            {
              "key": "mastery",
              "value": 23
            },
            {
              "key": "cdmg",
              "value": 20.2
            }
          ]
        },
        "2": {
          "name": "琴师的箭羽",
          "level": 20,
          "star": 5,
          "main": {
            "key": "atkPlus",
            "value": 311
          },
          "attrs": [
            {
              "key": "atk",
              "value": 9.9
            },
            {
              "key": "cdmg",
              "value": 11.7
            },
            {
              "key": "recharge",
              "value": 9.7
            },
            {
              "key": "cpct",
              "value": 9.3
            }
          ]
        },
        "3": {
          "name": "朝露之时",
          "level": 20,
          "star": 5,
          "main": {
            "key": "atk",
            "value": 46.6
          },
          "attrs": [
            {
              "key": "cpct",
              "value": 2.7
            },
            {
              "key": "hpPlus",
              "value": 568
            },
            {
              "key": "hp",
              "value": 9.3
            },
            {
              "key": "cdmg",
              "value": 19.4
            }
          ]
        },
        "4": {
          "name": "吟游者之壶",
          "level": 20,
          "star": 5,
          "main": {
            "key": "cryo",
            "value": 46.6
          },
          "attrs": [
            {
              "key": "cpct",
              "value": 11.7
            },
            {
              "key": "cdmg",
              "value": 6.2
            },
            {
              "key": "def",
              "value": 6.6
            },
            {
              "key": "mastery",
              "value": 35
            }
          ]
        },
        "5": {
          "name": "指挥的礼帽",
          "level": 20,
          "star": 5,
          "main": {
            "key": "cdmg",
            "value": 62.2
          },
          "attrs": [
            {
              "key": "cpct",
              "value": 10.1
            },
            {
              "key": "atkPlus",
              "value": 19
            },
            {
              "key": "hpPlus",
              "value": 418
            },
            {
              "key": "hp",
              "value": 8.2
            }
          ]
        }
      },
      "_source": "enka",
      "_time": 1676713640823,
      "_update": 1677557575410,
      "_talent": 1677557575410
    },
    "10000046": {
      "name": "胡桃",
      "id": 10000046,
      "elem": "pyro",
      "level": 90,
      "promote": 6,
      "fetter": 10,
      "costume": 0,
      "cons": 0,
      "talent": {
        "a": 10,
        "e": 10,
        "q": 10
      },
      "weapon": {
        "name": "护摩之杖",
        "level": 90,
        "promote": 6,
        "affix": 1
      },
      "artis": {
        "1": {
          "name": "魔女的炎之花",
          "level": 20,
          "star": 5,
          "main": {
            "key": "hpPlus",
            "value": 4780
          },
          "attrs": [
            {
              "key": "cpct",
              "value": 2.7
            },
            {
              "key": "def",
              "value": 7.3
            },
            {
              "key": "cdmg",
              "value": 31.9
            },
            {
              "key": "recharge",
              "value": 5.2
            }
          ]
        },
        "2": {
          "name": "魔女常燃之羽",
          "level": 20,
          "star": 5,
          "main": {
            "key": "atkPlus",
            "value": 311
          },
          "attrs": [
            {
              "key": "hpPlus",
              "value": 209
            },
            {
              "key": "cdmg",
              "value": 35
            },
            {
              "key": "hp",
              "value": 4.7
            },
            {
              "key": "def",
              "value": 10.2
            }
          ]
        },
        "3": {
          "name": "魔女破灭之时",
          "level": 20,
          "star": 5,
          "main": {
            "key": "mastery",
            "value": 187
          },
          "attrs": [
            {
              "key": "cdmg",
              "value": 19.4
            },
            {
              "key": "recharge",
              "value": 5.8
            },
            {
              "key": "cpct",
              "value": 5.8
            },
            {
              "key": "defPlus",
              "value": 35
            }
          ]
        },
        "4": {
          "name": "角斗士的酣醉",
          "level": 20,
          "star": 5,
          "main": {
            "key": "pyro",
            "value": 46.6
          },
          "attrs": [
            {
              "key": "def",
              "value": 5.1
            },
            {
              "key": "cdmg",
              "value": 18.7
            },
            {
              "key": "mastery",
              "value": 84
            },
            {
              "key": "hpPlus",
              "value": 209
            }
          ]
        },
        "5": {
          "name": "焦灼的魔女帽",
          "level": 20,
          "star": 5,
          "main": {
            "key": "cdmg",
            "value": 62.2
          },
          "attrs": [
            {
              "key": "hp",
              "value": 21.6
            },
            {
              "key": "hpPlus",
              "value": 538
            },
            {
              "key": "def",
              "value": 5.8
            },
            {
              "key": "mastery",
              "value": 40
            }
          ]
        }
      },
      "_source": "enka",
      "_time": 1676766458796,
      "_update": 1677557575410,
      "_talent": 1677557575410
    },
    "10000047": {
      "name": "枫原万叶",
      "id": 10000047,
      "elem": "anemo",
      "level": 90,
      "promote": 6,
      "fetter": 10,
      "costume": 0,
      "cons": 0,
      "talent": {
        "a": 8,
        "e": 8,
        "q": 8
      },
      "weapon": {
        "name": "铁蜂刺",
        "level": 90,
        "promote": 6,
        "affix": 1
      },
      "artis": {
        "1": {
          "name": "野花记忆的绿野",
          "level": 20,
          "star": 5,
          "main": {
            "key": "hpPlus",
            "value": 4780
          },
          "attrs": [
            {
              "key": "recharge",
              "value": 5.2
            },
            {
              "key": "defPlus",
              "value": 58
            },
            {
              "key": "mastery",
              "value": 42
            },
            {
              "key": "def",
              "value": 13.1
            }
          ]
        },
        "2": {
          "name": "猎人青翠的箭羽",
          "level": 20,
          "star": 5,
          "main": {
            "key": "atkPlus",
            "value": 311
          },
          "attrs": [
            {
              "key": "mastery",
              "value": 40
            },
            {
              "key": "recharge",
              "value": 11
            },
            {
              "key": "hpPlus",
              "value": 508
            },
            {
              "key": "hp",
              "value": 8.7
            }
          ]
        },
        "3": {
          "name": "翠绿猎人的笃定",
          "level": 20,
          "star": 5,
          "main": {
            "key": "mastery",
            "value": 187
          },
          "attrs": [
            {
              "key": "hpPlus",
              "value": 747
            },
            {
              "key": "atkPlus",
              "value": 29
            },
            {
              "key": "defPlus",
              "value": 39
            },
            {
              "key": "def",
              "value": 7.3
            }
          ]
        },
        "4": {
          "name": "翠绿猎人的容器",
          "level": 20,
          "star": 5,
          "main": {
            "key": "mastery",
            "value": 187
          },
          "attrs": [
            {
              "key": "cdmg",
              "value": 5.4
            },
            {
              "key": "atkPlus",
              "value": 18
            },
            {
              "key": "hpPlus",
              "value": 807
            },
            {
              "key": "defPlus",
              "value": 60
            }
          ]
        },
        "5": {
          "name": "华饰之兜",
          "level": 20,
          "star": 5,
          "main": {
            "key": "mastery",
            "value": 187
          },
          "attrs": [
            {
              "key": "def",
              "value": 5.1
            },
            {
              "key": "cdmg",
              "value": 13.2
            },
            {
              "key": "hpPlus",
              "value": 538
            },
            {
              "key": "hp",
              "value": 16.3
            }
          ]
        }
      },
      "_source": "enka",
      "_time": 1676766458794,
      "_update": 1677557575410,
      "_talent": 1677557575410
    },
    "10000049": {
      "name": "宵宫",
      "id": 10000049,
      "elem": "pyro",
      "level": 81,
      "promote": 6,
      "fetter": 10,
      "costume": 0,
      "cons": 1,
      "talent": {
        "a": 9,
        "e": 9,
        "q": 6
      },
      "weapon": {
        "name": "弓藏",
        "level": 90,
        "promote": 6,
        "affix": 4
      },
      "artis": {
        "1": {
          "name": "羁缠之花",
          "level": 20,
          "star": 5,
          "main": {
            "key": "hpPlus",
            "value": 4780
          },
          "attrs": [
            {
              "key": "cdmg",
              "value": 27.2
            },
            {
              "key": "hp",
              "value": 15.2
            },
            {
              "key": "mastery",
              "value": 19
            },
            {
              "key": "atkPlus",
              "value": 18
            }
          ]
        },
        "2": {
          "name": "思忆之矢",
          "level": 20,
          "star": 5,
          "main": {
            "key": "atkPlus",
            "value": 311
          },
          "attrs": [
            {
              "key": "defPlus",
              "value": 44
            },
            {
              "key": "cpct",
              "value": 6.6
            },
            {
              "key": "cdmg",
              "value": 22.5
            },
            {
              "key": "mastery",
              "value": 23
            }
          ]
        },
        "3": {
          "name": "角斗士的希冀",
          "level": 20,
          "star": 5,
          "main": {
            "key": "atk",
            "value": 46.6
          },
          "attrs": [
            {
              "key": "mastery",
              "value": 44
            },
            {
              "key": "hp",
              "value": 5.3
            },
            {
              "key": "cdmg",
              "value": 26.4
            },
            {
              "key": "atkPlus",
              "value": 16
            }
          ]
        },
        "4": {
          "name": "祈望之心",
          "level": 20,
          "star": 5,
          "main": {
            "key": "pyro",
            "value": 46.6
          },
          "attrs": [
            {
              "key": "mastery",
              "value": 40
            },
            {
              "key": "recharge",
              "value": 5.2
            },
            {
              "key": "hpPlus",
              "value": 598
            },
            {
              "key": "cdmg",
              "value": 19.4
            }
          ]
        },
        "5": {
          "name": "无常之面",
          "level": 20,
          "star": 5,
          "main": {
            "key": "cdmg",
            "value": 62.2
          },
          "attrs": [
            {
              "key": "atkPlus",
              "value": 45
            },
            {
              "key": "cpct",
              "value": 10.1
            },
            {
              "key": "def",
              "value": 5.1
            },
            {
              "key": "recharge",
              "value": 6.5
            }
          ]
        }
      },
      "_source": "enka",
      "_time": 1676766458794,
      "_update": 1677557575411,
      "_talent": 1677557575411
    },
    "10000052": {
      "name": "雷电将军",
      "id": 10000052,
      "elem": "electro",
      "level": 90,
      "promote": 6,
      "fetter": 10,
      "costume": 0,
      "cons": 2,
      "talent": {
        "a": 6,
        "e": 9,
        "q": 10
      },
      "weapon": {
        "name": "薙草之稻光",
        "level": 90,
        "promote": 6,
        "affix": 1
      },
      "artis": {
        "1": {
          "name": "明威之镡",
          "level": 20,
          "star": 5,
          "main": {
            "key": "hpPlus",
            "value": 4780
          },
          "attrs": [
            {
              "key": "cdmg",
              "value": 15.5
            },
            {
              "key": "atkPlus",
              "value": 54
            },
            {
              "key": "cpct",
              "value": 11.3
            },
            {
              "key": "def",
              "value": 6.6
            }
          ]
        },
        "2": {
          "name": "切落之羽",
          "level": 20,
          "star": 5,
          "main": {
            "key": "atkPlus",
            "value": 311
          },
          "attrs": [
            {
              "key": "cpct",
              "value": 10.9
            },
            {
              "key": "mastery",
              "value": 37
            },
            {
              "key": "cdmg",
              "value": 14.8
            },
            {
              "key": "atk",
              "value": 4.1
            }
          ]
        },
        "3": {
          "name": "雷云之笼",
          "level": 20,
          "star": 5,
          "main": {
            "key": "recharge",
            "value": 51.8
          },
          "attrs": [
            {
              "key": "cdmg",
              "value": 28.8
            },
            {
              "key": "cpct",
              "value": 2.7
            },
            {
              "key": "hp",
              "value": 9.9
            },
            {
              "key": "hpPlus",
              "value": 269
            }
          ]
        },
        "4": {
          "name": "少女片刻的闲暇",
          "level": 20,
          "star": 5,
          "main": {
            "key": "electro",
            "value": 46.6
          },
          "attrs": [
            {
              "key": "cpct",
              "value": 7
            },
            {
              "key": "def",
              "value": 5.1
            },
            {
              "key": "cdmg",
              "value": 25.7
            },
            {
              "key": "recharge",
              "value": 6.5
            }
          ]
        },
        "5": {
          "name": "华饰之兜",
          "level": 20,
          "star": 5,
          "main": {
            "key": "cdmg",
            "value": 62.2
          },
          "attrs": [
            {
              "key": "hpPlus",
              "value": 239
            },
            {
              "key": "atkPlus",
              "value": 35
            },
            {
              "key": "atk",
              "value": 25.1
            },
            {
              "key": "cpct",
              "value": 3.5
            }
          ]
        }
      },
      "_source": "enka",
      "_time": 1676766458791,
      "_update": 1677557575411,
      "_talent": 1677557575411
    },
    "10000066": {
      "name": "神里绫人",
      "id": 10000066,
      "elem": "hydro",
      "level": 81,
      "promote": 6,
      "fetter": 10,
      "costume": 0,
      "cons": 0,
      "talent": {
        "a": 1,
        "e": 10,
        "q": 9
      },
      "weapon": {
        "name": "黑剑",
        "level": 90,
        "promote": 6,
        "affix": 1
      },
      "artis": {
        "1": {
          "name": "饰金胸花",
          "level": 20,
          "star": 5,
          "main": {
            "key": "hpPlus",
            "value": 4780
          },
          "attrs": [
            {
              "key": "atkPlus",
              "value": 33
            },
            {
              "key": "recharge",
              "value": 4.5
            },
            {
              "key": "cdmg",
              "value": 21
            },
            {
              "key": "atk",
              "value": 10.5
            }
          ]
        },
        "2": {
          "name": "追忆之风",
          "level": 20,
          "star": 5,
          "main": {
            "key": "atkPlus",
            "value": 311
          },
          "attrs": [
            {
              "key": "atk",
              "value": 4.1
            },
            {
              "key": "cdmg",
              "value": 24.9
            },
            {
              "key": "cpct",
              "value": 2.7
            },
            {
              "key": "hpPlus",
              "value": 837
            }
          ]
        },
        "3": {
          "name": "坚铜罗盘",
          "level": 20,
          "star": 5,
          "main": {
            "key": "atk",
            "value": 46.6
          },
          "attrs": [
            {
              "key": "defPlus",
              "value": 21
            },
            {
              "key": "cpct",
              "value": 10.1
            },
            {
              "key": "hpPlus",
              "value": 478
            },
            {
              "key": "cdmg",
              "value": 20.2
            }
          ]
        },
        "4": {
          "name": "结契之刻",
          "level": 20,
          "star": 5,
          "main": {
            "key": "hydro",
            "value": 46.6
          },
          "attrs": [
            {
              "key": "mastery",
              "value": 37
            },
            {
              "key": "cpct",
              "value": 7
            },
            {
              "key": "cdmg",
              "value": 21
            },
            {
              "key": "recharge",
              "value": 4.5
            }
          ]
        },
        "5": {
          "name": "酒渍船帽",
          "level": 20,
          "star": 5,
          "main": {
            "key": "cdmg",
            "value": 62.2
          },
          "attrs": [
            {
              "key": "hp",
              "value": 9.9
            },
            {
              "key": "defPlus",
              "value": 23
            },
            {
              "key": "atk",
              "value": 9.3
            },
            {
              "key": "atkPlus",
              "value": 53
            }
          ]
        }
      },
      "_source": "enka",
      "_time": 1676766458794,
      "_update": 1677557575414,
      "_talent": 1677557575414
    }
  },
  "chars": {
    "10000016": {
      "id": 10000016,
      "name": "迪卢克",
      "elem": "pyro",
      "level": 81,
      "promote": 6,
      "fetter": 10,
      "costume": 0,
      "cons": 2,
      "talent": {
        "a": 9,
        "e": 9,
        "q": 10
      },
      "attr": {
        "atk": 2521.9107493672,
        "atkBase": 921.7311,
        "def": 921.63354,
        "defBase": 734.31085,
        "hp": 21254.37,
        "hpBase": 12159.113,
        "mastery": 0.0000076293945,
        "recharge": 109.71,
        "heal": 0,
        "cpct": 81.36,
        "cdmg": 106.73001,
        "dmg": 61.6,
        "phy": 0
      },
      "weapon": {
        "name": "无工之剑",
        "star": 5,
        "level": 90,
        "promote": 6,
        "affix": 1
      },
      "artis": {
        "1": {
          "name": "魔女的炎之花",
          "set": "炽烈的炎之魔女",
          "level": 20,
          "main": {
            "key": "hpPlus",
            "value": 4780
          },
          "attrs": [
            {
              "key": "cpct",
              "value": 3.5
            },
            {
              "key": "cdmg",
              "value": 24.9
            },
            {
              "key": "def",
              "value": 12.4
            },
            {
              "key": "recharge",
              "value": 4.5
            }
          ]
        },
        "2": {
          "name": "魔女常燃之羽",
          "set": "炽烈的炎之魔女",
          "level": 20,
          "main": {
            "key": "atkPlus",
            "value": 311
          },
          "attrs": [
            {
              "key": "cdmg",
              "value": 26.4
            },
            {
              "key": "hp",
              "value": 9.3
            },
            {
              "key": "cpct",
              "value": 3.9
            },
            {
              "key": "hpPlus",
              "value": 209
            }
          ]
        },
        "3": {
          "name": "魔女破灭之时",
          "set": "炽烈的炎之魔女",
          "level": 20,
          "main": {
            "key": "atk",
            "value": 46.6
          },
          "attrs": [
            {
              "key": "atkPlus",
              "value": 19
            },
            {
              "key": "hp",
              "value": 13.4
            },
            {
              "key": "cpct",
              "value": 11.7
            },
            {
              "key": "recharge",
              "value": 5.2
            }
          ]
        },
        "4": {
          "name": "魔女的心之火",
          "set": "炽烈的炎之魔女",
          "level": 20,
          "main": {
            "key": "pyro",
            "value": 46.6
          },
          "attrs": [
            {
              "key": "def",
              "value": 13.1
            },
            {
              "key": "cpct",
              "value": 7
            },
            {
              "key": "hpPlus",
              "value": 209
            },
            {
              "key": "atk",
              "value": 12.8
            }
          ]
        },
        "5": {
          "name": "焦灼的魔女帽",
          "set": "炽烈的炎之魔女",
          "level": 20,
          "main": {
            "key": "cpct",
            "value": 31.1
          },
          "attrs": [
            {
              "key": "atk",
              "value": 26.8
            },
            {
              "key": "atkPlus",
              "value": 18
            },
            {
              "key": "cdmg",
              "value": 5.4
            },
            {
              "key": "hp",
              "value": 9.3
            }
          ]
        }
      },
      "dataSource": "enka",
      "_time": 1676766458795
    },
    "10000026": {
      "id": 10000026,
      "name": "魈",
      "elem": "anemo",
      "level": 90,
      "promote": 6,
      "fetter": 10,
      "costume": 0,
      "cons": 0,
      "talent": {
        "a": 10,
        "e": 9,
        "q": 10
      },
      "attr": {
        "atk": 1789.1688383599999,
        "atkBase": 803.5636,
        "def": 836.33655,
        "defBase": 799.2966,
        "hp": 20462.246,
        "hpBase": 12735.748,
        "mastery": 79.259995,
        "recharge": 111.01,
        "heal": 0,
        "cpct": 74.561995,
        "cdmg": 203.9,
        "dmg": 61.6,
        "phy": 0
      },
      "weapon": {
        "name": "决斗之枪",
        "star": 4,
        "level": 90,
        "promote": 6,
        "affix": 1
      },
      "artis": {
        "1": {
          "name": "野花记忆的绿野",
          "set": "翠绿之影",
          "level": 20,
          "main": {
            "key": "hpPlus",
            "value": 4780
          },
          "attrs": [
            {
              "key": "cpct",
              "value": 6.2
            },
            {
              "key": "atkPlus",
              "value": 27
            },
            {
              "key": "atk",
              "value": 4.1
            },
            {
              "key": "cdmg",
              "value": 21
            }
          ]
        },
        "2": {
          "name": "潜光片羽",
          "set": "辰砂往生录",
          "level": 20,
          "main": {
            "key": "atkPlus",
            "value": 311
          },
          "attrs": [
            {
              "key": "cdmg",
              "value": 26.4
            },
            {
              "key": "atk",
              "value": 5.8
            },
            {
              "key": "mastery",
              "value": 21
            },
            {
              "key": "defPlus",
              "value": 37
            }
          ]
        },
        "3": {
          "name": "阳辔之遗",
          "set": "辰砂往生录",
          "level": 20,
          "main": {
            "key": "atk",
            "value": 46.6
          },
          "attrs": [
            {
              "key": "atkPlus",
              "value": 29
            },
            {
              "key": "cdmg",
              "value": 20.2
            },
            {
              "key": "hp",
              "value": 5.3
            },
            {
              "key": "mastery",
              "value": 42
            }
          ]
        },
        "4": {
          "name": "吟游者之壶",
          "set": "流浪大地的乐团",
          "level": 20,
          "main": {
            "key": "anemo",
            "value": 46.6
          },
          "attrs": [
            {
              "key": "hpPlus",
              "value": 299
            },
            {
              "key": "recharge",
              "value": 11
            },
            {
              "key": "cdmg",
              "value": 24.1
            },
            {
              "key": "mastery",
              "value": 16
            }
          ]
        },
        "5": {
          "name": "翠绿的猎人之冠",
          "set": "翠绿之影",
          "level": 20,
          "main": {
            "key": "cdmg",
            "value": 62.2
          },
          "attrs": [
            {
              "key": "atkPlus",
              "value": 19
            },
            {
              "key": "hp",
              "value": 9.9
            },
            {
              "key": "cpct",
              "value": 7.4
            },
            {
              "key": "hpPlus",
              "value": 717
            }
          ]
        }
      },
      "dataSource": "enka",
      "_time": 1676766458793
    },
    "10000030": {
      "id": 10000030,
      "name": "钟离",
      "elem": "geo",
      "level": 90,
      "promote": 6,
      "fetter": 10,
      "costume": 0,
      "cons": 0,
      "talent": {
        "a": 4,
        "e": 9,
        "q": 8
      },
      "attr": {
        "atk": 1087.170655554833,
        "atkBase": 605.5167,
        "def": 1076.6156,
        "defBase": 737.8122,
        "hp": 55383.836,
        "hpBase": 14695.094,
        "mastery": 114.229996,
        "recharge": 116.84,
        "heal": 0,
        "cpct": 22.109999,
        "cdmg": 83.42,
        "dmg": 28.799999999999997,
        "phy": 0
      },
      "weapon": {
        "name": "黑缨枪",
        "star": 3,
        "level": 90,
        "promote": 6,
        "affix": 5
      },
      "artis": {
        "1": {
          "name": "饰金胸花",
          "set": "沉沦之心",
          "level": 20,
          "main": {
            "key": "hpPlus",
            "value": 4780
          },
          "attrs": [
            {
              "key": "atkPlus",
              "value": 14
            },
            {
              "key": "cpct",
              "value": 2.7
            },
            {
              "key": "cdmg",
              "value": 21
            },
            {
              "key": "hp",
              "value": 19.8
            }
          ]
        },
        "2": {
          "name": "昭武翎羽",
          "set": "千岩牢固",
          "level": 20,
          "main": {
            "key": "atkPlus",
            "value": 311
          },
          "attrs": [
            {
              "key": "mastery",
              "value": 56
            },
            {
              "key": "hp",
              "value": 10.5
            },
            {
              "key": "hpPlus",
              "value": 508
            },
            {
              "key": "atk",
              "value": 5.3
            }
          ]
        },
        "3": {
          "name": "金铜时晷",
          "set": "千岩牢固",
          "level": 20,
          "main": {
            "key": "hp",
            "value": 46.6
          },
          "attrs": [
            {
              "key": "hpPlus",
              "value": 568
            },
            {
              "key": "cpct",
              "value": 7.8
            },
            {
              "key": "atk",
              "value": 9.3
            },
            {
              "key": "mastery",
              "value": 58
            }
          ]
        },
        "4": {
          "name": "盟誓金爵",
          "set": "千岩牢固",
          "level": 20,
          "main": {
            "key": "hp",
            "value": 46.6
          },
          "attrs": [
            {
              "key": "recharge",
              "value": 5.8
            },
            {
              "key": "atkPlus",
              "value": 37
            },
            {
              "key": "cdmg",
              "value": 12.4
            },
            {
              "key": "def",
              "value": 21.1
            }
          ]
        },
        "5": {
          "name": "将帅兜鍪",
          "set": "千岩牢固",
          "level": 20,
          "main": {
            "key": "hp",
            "value": 46.6
          },
          "attrs": [
            {
              "key": "cpct",
              "value": 6.6
            },
            {
              "key": "def",
              "value": 24.8
            },
            {
              "key": "recharge",
              "value": 11
            },
            {
              "key": "atk",
              "value": 5.3
            }
          ]
        }
      },
      "dataSource": "enka",
      "_time": 1676766458795
    },
    "10000037": {
      "id": 10000037,
      "name": "甘雨",
      "elem": "cryo",
      "level": 81,
      "promote": 6,
      "fetter": 10,
      "costume": 0,
      "cons": 0,
      "talent": {
        "a": 10,
        "e": 2,
        "q": 4
      },
      "attr": {
        "atk": 1969.491321048,
        "atkBase": 768.0196,
        "def": 629.0539,
        "defBase": 590.3283,
        "hp": 16547.582,
        "hpBase": 9176.689,
        "mastery": 138.28,
        "recharge": 109.71,
        "heal": 0,
        "cpct": 48.15,
        "cdmg": 208.1,
        "dmg": 46.6,
        "phy": 0
      },
      "weapon": {
        "name": "破魔之弓",
        "star": 4,
        "level": 90,
        "promote": 6,
        "affix": 3
      },
      "artis": {
        "1": {
          "name": "乐团的晨光",
          "set": "流浪大地的乐团",
          "level": 20,
          "main": {
            "key": "hpPlus",
            "value": 4780
          },
          "attrs": [
            {
              "key": "atkPlus",
              "value": 14
            },
            {
              "key": "cpct",
              "value": 9.3
            },
            {
              "key": "mastery",
              "value": 23
            },
            {
              "key": "cdmg",
              "value": 20.2
            }
          ]
        },
        "2": {
          "name": "琴师的箭羽",
          "set": "流浪大地的乐团",
          "level": 20,
          "main": {
            "key": "atkPlus",
            "value": 311
          },
          "attrs": [
            {
              "key": "atk",
              "value": 9.9
            },
            {
              "key": "cdmg",
              "value": 11.7
            },
            {
              "key": "recharge",
              "value": 9.7
            },
            {
              "key": "cpct",
              "value": 9.3
            }
          ]
        },
        "3": {
          "name": "朝露之时",
          "set": "追忆之注连",
          "level": 20,
          "main": {
            "key": "atk",
            "value": 46.6
          },
          "attrs": [
            {
              "key": "cpct",
              "value": 2.7
            },
            {
              "key": "hpPlus",
              "value": 568
            },
            {
              "key": "hp",
              "value": 9.3
            },
            {
              "key": "cdmg",
              "value": 19.4
            }
          ]
        },
        "4": {
          "name": "吟游者之壶",
          "set": "流浪大地的乐团",
          "level": 20,
          "main": {
            "key": "cryo",
            "value": 46.6
          },
          "attrs": [
            {
              "key": "cpct",
              "value": 11.7
            },
            {
              "key": "cdmg",
              "value": 6.2
            },
            {
              "key": "def",
              "value": 6.6
            },
            {
              "key": "mastery",
              "value": 35
            }
          ]
        },
        "5": {
          "name": "指挥的礼帽",
          "set": "流浪大地的乐团",
          "level": 20,
          "main": {
            "key": "cdmg",
            "value": 62.2
          },
          "attrs": [
            {
              "key": "cpct",
              "value": 10.1
            },
            {
              "key": "atkPlus",
              "value": 19
            },
            {
              "key": "hpPlus",
              "value": 418
            },
            {
              "key": "hp",
              "value": 8.2
            }
          ]
        }
      },
      "dataSource": "enka",
      "_time": 1676713640823
    },
    "10000046": {
      "id": 10000046,
      "name": "胡桃",
      "elem": "pyro",
      "level": 90,
      "promote": 6,
      "fetter": 10,
      "costume": 0,
      "cons": 0,
      "talent": {
        "a": 10,
        "e": 10,
        "q": 10
      },
      "attr": {
        "atk": 1025.5090300000002,
        "atkBase": 714.50903,
        "def": 1159.8743,
        "defBase": 876.152,
        "hp": 28478.148,
        "hpBase": 15552.307,
        "mastery": 310.05,
        "recharge": 111.01,
        "heal": 0,
        "cpct": 13.549997999999999,
        "cdmg": 321.64361,
        "dmg": 61.6,
        "phy": 0
      },
      "weapon": {
        "name": "护摩之杖",
        "star": 5,
        "level": 90,
        "promote": 6,
        "affix": 1
      },
      "artis": {
        "1": {
          "name": "魔女的炎之花",
          "set": "炽烈的炎之魔女",
          "level": 20,
          "main": {
            "key": "hpPlus",
            "value": 4780
          },
          "attrs": [
            {
              "key": "cpct",
              "value": 2.7
            },
            {
              "key": "def",
              "value": 7.3
            },
            {
              "key": "cdmg",
              "value": 31.9
            },
            {
              "key": "recharge",
              "value": 5.2
            }
          ]
        },
        "2": {
          "name": "魔女常燃之羽",
          "set": "炽烈的炎之魔女",
          "level": 20,
          "main": {
            "key": "atkPlus",
            "value": 311
          },
          "attrs": [
            {
              "key": "hpPlus",
              "value": 209
            },
            {
              "key": "cdmg",
              "value": 35
            },
            {
              "key": "hp",
              "value": 4.7
            },
            {
              "key": "def",
              "value": 10.2
            }
          ]
        },
        "3": {
          "name": "魔女破灭之时",
          "set": "炽烈的炎之魔女",
          "level": 20,
          "main": {
            "key": "mastery",
            "value": 187
          },
          "attrs": [
            {
              "key": "cdmg",
              "value": 19.4
            },
            {
              "key": "recharge",
              "value": 5.8
            },
            {
              "key": "cpct",
              "value": 5.8
            },
            {
              "key": "defPlus",
              "value": 35
            }
          ]
        },
        "4": {
          "name": "角斗士的酣醉",
          "set": "角斗士的终幕礼",
          "level": 20,
          "main": {
            "key": "pyro",
            "value": 46.6
          },
          "attrs": [
            {
              "key": "def",
              "value": 5.1
            },
            {
              "key": "cdmg",
              "value": 18.7
            },
            {
              "key": "mastery",
              "value": 84
            },
            {
              "key": "hpPlus",
              "value": 209
            }
          ]
        },
        "5": {
          "name": "焦灼的魔女帽",
          "set": "炽烈的炎之魔女",
          "level": 20,
          "main": {
            "key": "cdmg",
            "value": 62.2
          },
          "attrs": [
            {
              "key": "hp",
              "value": 21.6
            },
            {
              "key": "hpPlus",
              "value": 538
            },
            {
              "key": "def",
              "value": 5.8
            },
            {
              "key": "mastery",
              "value": 40
            }
          ]
        }
      },
      "dataSource": "enka",
      "_time": 1676766458796
    },
    "10000047": {
      "id": 10000047,
      "name": "枫原万叶",
      "elem": "anemo",
      "level": 90,
      "promote": 6,
      "fetter": 10,
      "costume": 0,
      "cons": 0,
      "talent": {
        "a": 8,
        "e": 8,
        "q": 8
      },
      "attr": {
        "atk": 1163.87713,
        "atkBase": 806.18713,
        "def": 1170.2432,
        "defBase": 806.98206,
        "hp": 24073.535,
        "hpBase": 13348.043,
        "mastery": 921.674,
        "recharge": 116.19,
        "heal": 0,
        "cpct": 5,
        "cdmg": 68.65,
        "dmg": 15,
        "phy": 0
      },
      "weapon": {
        "name": "铁蜂刺",
        "star": 4,
        "level": 90,
        "promote": 6,
        "affix": 1
      },
      "artis": {
        "1": {
          "name": "野花记忆的绿野",
          "set": "翠绿之影",
          "level": 20,
          "main": {
            "key": "hpPlus",
            "value": 4780
          },
          "attrs": [
            {
              "key": "recharge",
              "value": 5.2
            },
            {
              "key": "defPlus",
              "value": 58
            },
            {
              "key": "mastery",
              "value": 42
            },
            {
              "key": "def",
              "value": 13.1
            }
          ]
        },
        "2": {
          "name": "猎人青翠的箭羽",
          "set": "翠绿之影",
          "level": 20,
          "main": {
            "key": "atkPlus",
            "value": 311
          },
          "attrs": [
            {
              "key": "mastery",
              "value": 40
            },
            {
              "key": "recharge",
              "value": 11
            },
            {
              "key": "hpPlus",
              "value": 508
            },
            {
              "key": "hp",
              "value": 8.7
            }
          ]
        },
        "3": {
          "name": "翠绿猎人的笃定",
          "set": "翠绿之影",
          "level": 20,
          "main": {
            "key": "mastery",
            "value": 187
          },
          "attrs": [
            {
              "key": "hpPlus",
              "value": 747
            },
            {
              "key": "atkPlus",
              "value": 29
            },
            {
              "key": "defPlus",
              "value": 39
            },
            {
              "key": "def",
              "value": 7.3
            }
          ]
        },
        "4": {
          "name": "翠绿猎人的容器",
          "set": "翠绿之影",
          "level": 20,
          "main": {
            "key": "mastery",
            "value": 187
          },
          "attrs": [
            {
              "key": "cdmg",
              "value": 5.4
            },
            {
              "key": "atkPlus",
              "value": 18
            },
            {
              "key": "hpPlus",
              "value": 807
            },
            {
              "key": "defPlus",
              "value": 60
            }
          ]
        },
        "5": {
          "name": "华饰之兜",
          "set": "绝缘之旗印",
          "level": 20,
          "main": {
            "key": "mastery",
            "value": 187
          },
          "attrs": [
            {
              "key": "def",
              "value": 5.1
            },
            {
              "key": "cdmg",
              "value": 13.2
            },
            {
              "key": "hpPlus",
              "value": 538
            },
            {
              "key": "hp",
              "value": 16.3
            }
          ]
        }
      },
      "dataSource": "enka",
      "_time": 1676766458794
    },
    "10000049": {
      "id": 10000049,
      "name": "宵宫",
      "elem": "pyro",
      "level": 81,
      "promote": 6,
      "fetter": 10,
      "costume": 0,
      "cons": 1,
      "talent": {
        "a": 9,
        "e": 9,
        "q": 6
      },
      "attr": {
        "atk": 2061.2157477995643,
        "atkBase": 812.06036,
        "def": 649.2825,
        "defBase": 575.93005,
        "hp": 16841.514,
        "hpBase": 9520.815,
        "mastery": 125.88,
        "recharge": 111.66,
        "heal": 0,
        "cpct": 40.92,
        "cdmg": 207.77,
        "dmg": 46.6,
        "phy": 0
      },
      "weapon": {
        "name": "弓藏",
        "star": 4,
        "level": 90,
        "promote": 6,
        "affix": 4
      },
      "artis": {
        "1": {
          "name": "羁缠之花",
          "set": "追忆之注连",
          "level": 20,
          "main": {
            "key": "hpPlus",
            "value": 4780
          },
          "attrs": [
            {
              "key": "cdmg",
              "value": 27.2
            },
            {
              "key": "hp",
              "value": 15.2
            },
            {
              "key": "mastery",
              "value": 19
            },
            {
              "key": "atkPlus",
              "value": 18
            }
          ]
        },
        "2": {
          "name": "思忆之矢",
          "set": "追忆之注连",
          "level": 20,
          "main": {
            "key": "atkPlus",
            "value": 311
          },
          "attrs": [
            {
              "key": "defPlus",
              "value": 44
            },
            {
              "key": "cpct",
              "value": 6.6
            },
            {
              "key": "cdmg",
              "value": 22.5
            },
            {
              "key": "mastery",
              "value": 23
            }
          ]
        },
        "3": {
          "name": "角斗士的希冀",
          "set": "角斗士的终幕礼",
          "level": 20,
          "main": {
            "key": "atk",
            "value": 46.6
          },
          "attrs": [
            {
              "key": "mastery",
              "value": 44
            },
            {
              "key": "hp",
              "value": 5.3
            },
            {
              "key": "cdmg",
              "value": 26.4
            },
            {
              "key": "atkPlus",
              "value": 16
            }
          ]
        },
        "4": {
          "name": "祈望之心",
          "set": "追忆之注连",
          "level": 20,
          "main": {
            "key": "pyro",
            "value": 46.6
          },
          "attrs": [
            {
              "key": "mastery",
              "value": 40
            },
            {
              "key": "recharge",
              "value": 5.2
            },
            {
              "key": "hpPlus",
              "value": 598
            },
            {
              "key": "cdmg",
              "value": 19.4
            }
          ]
        },
        "5": {
          "name": "无常之面",
          "set": "追忆之注连",
          "level": 20,
          "main": {
            "key": "cdmg",
            "value": 62.2
          },
          "attrs": [
            {
              "key": "atkPlus",
              "value": 45
            },
            {
              "key": "cpct",
              "value": 10.1
            },
            {
              "key": "def",
              "value": 5.1
            },
            {
              "key": "recharge",
              "value": 6.5
            }
          ]
        }
      },
      "dataSource": "enka",
      "_time": 1676766458794
    },
    "10000052": {
      "id": 10000052,
      "name": "雷电将军",
      "elem": "electro",
      "level": 90,
      "promote": 6,
      "fetter": 10,
      "costume": 0,
      "cons": 2,
      "talent": {
        "a": 6,
        "e": 9,
        "q": 10
      },
      "attr": {
        "atk": 1621.2513079303233,
        "atkBase": 945.31616,
        "def": 881.33844,
        "defBase": 789.3054,
        "hp": 19474.172,
        "hpBase": 12907.19,
        "mastery": 37.3,
        "recharge": 265.408,
        "heal": 0,
        "cpct": 40.390003,
        "cdmg": 196.9,
        "dmg": 46.59998999999999,
        "phy": 0
      },
      "weapon": {
        "name": "薙草之稻光",
        "star": 5,
        "level": 90,
        "promote": 6,
        "affix": 1
      },
      "artis": {
        "1": {
          "name": "明威之镡",
          "set": "绝缘之旗印",
          "level": 20,
          "main": {
            "key": "hpPlus",
            "value": 4780
          },
          "attrs": [
            {
              "key": "cdmg",
              "value": 15.5
            },
            {
              "key": "atkPlus",
              "value": 54
            },
            {
              "key": "cpct",
              "value": 11.3
            },
            {
              "key": "def",
              "value": 6.6
            }
          ]
        },
        "2": {
          "name": "切落之羽",
          "set": "绝缘之旗印",
          "level": 20,
          "main": {
            "key": "atkPlus",
            "value": 311
          },
          "attrs": [
            {
              "key": "cpct",
              "value": 10.9
            },
            {
              "key": "mastery",
              "value": 37
            },
            {
              "key": "cdmg",
              "value": 14.8
            },
            {
              "key": "atk",
              "value": 4.1
            }
          ]
        },
        "3": {
          "name": "雷云之笼",
          "set": "绝缘之旗印",
          "level": 20,
          "main": {
            "key": "recharge",
            "value": 51.8
          },
          "attrs": [
            {
              "key": "cdmg",
              "value": 28.8
            },
            {
              "key": "cpct",
              "value": 2.7
            },
            {
              "key": "hp",
              "value": 9.9
            },
            {
              "key": "hpPlus",
              "value": 269
            }
          ]
        },
        "4": {
          "name": "少女片刻的闲暇",
          "set": "被怜爱的少女",
          "level": 20,
          "main": {
            "key": "electro",
            "value": 46.6
          },
          "attrs": [
            {
              "key": "cpct",
              "value": 7
            },
            {
              "key": "def",
              "value": 5.1
            },
            {
              "key": "cdmg",
              "value": 25.7
            },
            {
              "key": "recharge",
              "value": 6.5
            }
          ]
        },
        "5": {
          "name": "华饰之兜",
          "set": "绝缘之旗印",
          "level": 20,
          "main": {
            "key": "cdmg",
            "value": 62.2
          },
          "attrs": [
            {
              "key": "hpPlus",
              "value": 239
            },
            {
              "key": "atkPlus",
              "value": 35
            },
            {
              "key": "atk",
              "value": 25.1
            },
            {
              "key": "cpct",
              "value": 3.5
            }
          ]
        }
      },
      "dataSource": "enka",
      "_time": 1676766458791
    },
    "10000066": {
      "id": 10000066,
      "name": "神里绫人",
      "elem": "hydro",
      "level": 81,
      "promote": 6,
      "fetter": 10,
      "costume": 0,
      "cons": 0,
      "talent": {
        "a": 1,
        "e": 10,
        "q": 9
      },
      "attr": {
        "atk": 1742.9540830343599,
        "atkBase": 789.6564,
        "def": 763.89264,
        "defBase": 719.91266,
        "hp": 20215.049,
        "hpBase": 12847.365,
        "mastery": 37.3,
        "recharge": 109.06,
        "heal": 0,
        "cpct": 52.393997000000006,
        "cdmg": 237.64,
        "dmg": 61.6,
        "phy": 0
      },
      "weapon": {
        "name": "黑剑",
        "star": 4,
        "level": 90,
        "promote": 6,
        "affix": 1
      },
      "artis": {
        "1": {
          "name": "饰金胸花",
          "set": "沉沦之心",
          "level": 20,
          "main": {
            "key": "hpPlus",
            "value": 4780
          },
          "attrs": [
            {
              "key": "atkPlus",
              "value": 33
            },
            {
              "key": "recharge",
              "value": 4.5
            },
            {
              "key": "cdmg",
              "value": 21
            },
            {
              "key": "atk",
              "value": 10.5
            }
          ]
        },
        "2": {
          "name": "追忆之风",
          "set": "沉沦之心",
          "level": 20,
          "main": {
            "key": "atkPlus",
            "value": 311
          },
          "attrs": [
            {
              "key": "atk",
              "value": 4.1
            },
            {
              "key": "cdmg",
              "value": 24.9
            },
            {
              "key": "cpct",
              "value": 2.7
            },
            {
              "key": "hpPlus",
              "value": 837
            }
          ]
        },
        "3": {
          "name": "坚铜罗盘",
          "set": "沉沦之心",
          "level": 20,
          "main": {
            "key": "atk",
            "value": 46.6
          },
          "attrs": [
            {
              "key": "defPlus",
              "value": 21
            },
            {
              "key": "cpct",
              "value": 10.1
            },
            {
              "key": "hpPlus",
              "value": 478
            },
            {
              "key": "cdmg",
              "value": 20.2
            }
          ]
        },
        "4": {
          "name": "结契之刻",
          "set": "辰砂往生录",
          "level": 20,
          "main": {
            "key": "hydro",
            "value": 46.6
          },
          "attrs": [
            {
              "key": "mastery",
              "value": 37
            },
            {
              "key": "cpct",
              "value": 7
            },
            {
              "key": "cdmg",
              "value": 21
            },
            {
              "key": "recharge",
              "value": 4.5
            }
          ]
        },
        "5": {
          "name": "酒渍船帽",
          "set": "沉沦之心",
          "level": 20,
          "main": {
            "key": "cdmg",
            "value": 62.2
          },
          "attrs": [
            {
              "key": "hp",
              "value": 9.9
            },
            {
              "key": "defPlus",
              "value": 23
            },
            {
              "key": "atk",
              "value": 9.3
            },
            {
              "key": "atkPlus",
              "value": 53
            }
          ]
        }
      },
      "dataSource": "enka",
      "_time": 1676766458794
    }
  }
}