{
  "uid": "176087135",
  "name": "",
  "level": "",
  "word": "",
  "face": "",
  "card": "",
  "sign": "",
  "info": false,
  "_profile": 1681485913244,
  "avatars": {
    "10000030": {
      "name": "钟离",
      "id": 10000030,
      "elem": "geo",
      "level": 81,
      "promote": 6,
      "fetter": 10,
      "costume": 0,
      "cons": 0,
      "talent": {
        "a": 4,
        "e": 7,
        "q": 6
      },
      "weapon": {
        "name": "黑缨枪",
        "level": 80,
        "promote": 5,
        "affix": 5
      },
      "artis": {
        "1": {
          "level": 20,
          "star": 5,
          "name": "勋绩之花",
          "mainId": 14001,
          "attrIds": [
            501233,
            501204,
            501243,
            501053,
            501234,
            501052,
            501053,
            501201
          ]
        },
        "2": {
          "level": 17,
          "star": 5,
          "name": "昭武翎羽",
          "mainId": 12001,
          "attrIds": [
            501081,
            501024,
            501202,
            501031,
            501081,
            501032,
            501083
          ]
        },
        "3": {
          "level": 12,
          "star": 5,
          "name": "金铜时晷",
          "mainId": 10004,
          "attrIds": [
            501241,
            501094,
            501034,
            501223,
            501224,
            501033
          ]
        },
        "4": {
          "level": 17,
          "star": 5,
          "name": "盟誓金爵",
          "mainId": 15013,
          "attrIds": [
            501023,
            501234,
            501243,
            501223,
            501231,
            501244,
            501223
          ]
        },
        "5": {
          "level": 20,
          "star": 5,
          "name": "翠绿的猎人之冠",
          "mainId": 13002,
          "attrIds": [
            501232,
            501222,
            501024,
            501083,
            501232,
            501223,
            501221,
            501021
          ]
        }
      },
      "_source": "enka",
      "_time": 1681485913242,
      "_update": 1681485913242,
      "_talent": 1681485913242
    },
    "10000032": {
      "name": "班尼特",
      "id": 10000032,
      "elem": "pyro",
      "level": 80,
      "promote": 6,
      "fetter": 9,
      "costume": 0,
      "cons": 6,
      "talent": {
        "a": 1,
        "e": 1,
        "q": 6
      },
      "weapon": {
        "name": "匣里龙吟",
        "level": 60,
        "promote": 3,
        "affix": 2
      },
      "artis": {
        "1": {
          "level": 8,
          "star": 5,
          "name": "魔女的炎之花",
          "mainId": 14001,
          "attrIds": [
            501061,
            501031,
            501053,
            501233,
            501061
          ]
        },
        "2": {
          "level": 16,
          "star": 4,
          "name": "潜光片羽",
          "mainId": 12001,
          "attrIds": [
            401063,
            401092,
            401234,
            401083,
            401083,
            401232,
            401092
          ]
        },
        "3": {
          "level": 16,
          "star": 4,
          "name": "阳辔之遗",
          "mainId": 10007,
          "attrIds": [
            401202,
            401084,
            401053,
            401242,
            401243,
            401052,
            401081
          ]
        },
        "4": {
          "level": 16,
          "star": 4,
          "name": "战狂的骨杯",
          "mainId": 15004,
          "attrIds": [
            401244,
            401021,
            401092,
            401033,
            401241,
            401242,
            401032
          ]
        },
        "5": {
          "level": 20,
          "star": 5,
          "name": "虺雷之姿",
          "mainId": 13004,
          "attrIds": [
            501094,
            501242,
            501033,
            501053,
            501091,
            501091,
            501093,
            501031
          ]
        }
      },
      "_source": "enka",
      "_time": 1681485913241,
      "_update": 1681485913241,
      "_talent": 1681485913241
    },
    "10000037": {
      "name": "甘雨",
      "id": 10000037,
      "elem": "cryo",
      "level": 90,
      "promote": 6,
      "fetter": 10,
      "costume": 0,
      "cons": 0,
      "talent": {
        "a": 11,
        "e": 15,
        "q": 15
      },
      "weapon": {
        "name": "阿莫斯之弓",
        "level": 90,
        "promote": 6,
        "affix": 5
      },
      "artis": {
        "1": {
          "level": 20,
          "star": 5,
          "name": "乐团的晨光",
          "mainId": 14001,
          "attrIds": [
            501084,
            501243,
            501053,
            501221,
            501221,
            501053,
            501241,
            501223,
            501224
          ]
        },
        "2": {
          "level": 20,
          "star": 5,
          "name": "摧冰而行的执望",
          "mainId": 12001,
          "attrIds": [
            501203,
            501082,
            501233,
            501033,
            501203,
            501033,
            501204,
            501081
          ]
        },
        "3": {
          "level": 20,
          "star": 5,
          "name": "终幕的时计",
          "mainId": 10004,
          "attrIds": [
            501224,
            501082,
            501241,
            501091,
            501224,
            501082,
            501081,
            501091,
            501241
          ]
        },
        "4": {
          "level": 20,
          "star": 5,
          "name": "遍结寒霜的傲骨",
          "mainId": 15010,
          "attrIds": [
            501083,
            501093,
            501032,
            501064,
            501082,
            501094,
            501093,
            501032,
            501083
          ]
        },
        "5": {
          "level": 20,
          "star": 5,
          "name": "酒渍船帽",
          "mainId": 13008,
          "attrIds": [
            501031,
            501054,
            501204,
            501231,
            501231,
            501231,
            501202,
            501051
          ]
        }
      },
      "_source": "enka",
      "_time": 1681485913242,
      "_update": 1681485913242,
      "_talent": 1681485913242
    },
    "10000047": {
      "name": "枫原万叶",
      "id": 10000047,
      "elem": "anemo",
      "level": 80,
      "promote": 6,
      "fetter": 10,
      "costume": 0,
      "cons": 0,
      "talent": {
        "a": 6,
        "e": 6,
        "q": 6
      },
      "weapon": {
        "name": "祭礼剑",
        "level": 70,
        "promote": 4,
        "affix": 3
      },
      "artis": {
        "1": {
          "level": 15,
          "star": 5,
          "name": "野花记忆的绿野",
          "mainId": 14001,
          "attrIds": [
            501223,
            501093,
            501052,
            501231,
            501232,
            501234
          ]
        },
        "2": {
          "level": 20,
          "star": 5,
          "name": "猎人青翠的箭羽",
          "mainId": 12001,
          "attrIds": [
            501063,
            501232,
            501241,
            501021,
            501023,
            501232,
            501023,
            501023
          ]
        },
        "3": {
          "level": 20,
          "star": 5,
          "name": "冰雪故园的终期",
          "mainId": 10008,
          "attrIds": [
            501053,
            501032,
            501091,
            501223,
            501224,
            501054,
            501224,
            501031,
            501033
          ]
        },
        "4": {
          "level": 20,
          "star": 5,
          "name": "翠绿猎人的容器",
          "mainId": 15004,
          "attrIds": [
            501054,
            501222,
            501091,
            501081,
            501091,
            501053,
            501094,
            501053
          ]
        },
        "5": {
          "level": 20,
          "star": 5,
          "name": "翠绿的猎人之冠",
          "mainId": 13007,
          "attrIds": [
            501092,
            501033,
            501024,
            501064,
            501032,
            501061,
            501094,
            501024
          ]
        }
      },
      "_source": "enka",
      "_time": 1681485913243,
      "_update": 1681485913243,
      "_talent": 1681485913243
    },
    "10000049": {
      "name": "宵宫",
      "id": 10000049,
      "elem": "pyro",
      "level": 90,
      "promote": 6,
      "fetter": 10,
      "costume": 0,
      "cons": 0,
      "talent": {
        "a": 10,
        "e": 9,
        "q": 6
      },
      "weapon": {
        "name": "弓藏",
        "level": 90,
        "promote": 6,
        "affix": 3
      },
      "artis": {
        "1": {
          "level": 20,
          "star": 5,
          "name": "魔女的炎之花",
          "mainId": 14001,
          "attrIds": [
            501093,
            501223,
            501204,
            501241,
            501203,
            501223,
            501202,
            501201
          ]
        },
        "2": {
          "level": 20,
          "star": 5,
          "name": "垂玉之叶",
          "mainId": 12001,
          "attrIds": [
            501223,
            501062,
            501021,
            501203,
            501221,
            501023,
            501023,
            501062
          ]
        },
        "3": {
          "level": 20,
          "star": 5,
          "name": "停摆之刻",
          "mainId": 10004,
          "attrIds": [
            501201,
            501221,
            501234,
            501051,
            501053,
            501231,
            501204,
            501054,
            501224
          ]
        },
        "4": {
          "level": 20,
          "star": 5,
          "name": "宗室银瓮",
          "mainId": 15008,
          "attrIds": [
            501052,
            501203,
            501093,
            501021,
            501203,
            501091,
            501093,
            501021
          ]
        },
        "5": {
          "level": 20,
          "star": 5,
          "name": "嗤笑之面",
          "mainId": 13008,
          "attrIds": [
            501064,
            501081,
            501243,
            501053,
            501051,
            501084,
            501243,
            501083
          ]
        }
      },
      "_source": "enka",
      "_time": 1681485913240,
      "_update": 1681485913240,
      "_talent": 1681485913240
    },
    "10000054": {
      "name": "珊瑚宫心海",
      "id": 10000054,
      "elem": "hydro",
      "level": 60,
      "promote": 3,
      "fetter": 9,
      "costume": 0,
      "cons": 0,
      "talent": {
        "a": 1,
        "e": 4,
        "q": 3
      },
      "weapon": {
        "name": "讨龙英杰谭",
        "level": 80,
        "promote": 5,
        "affix": 5
      },
      "artis": {
        "1": {
          "level": 20,
          "star": 5,
          "name": "无垢之花",
          "mainId": 14001,
          "attrIds": [
            501232,
            501082,
            501052,
            501064,
            501062,
            501054,
            501052,
            501233
          ]
        },
        "2": {
          "level": 8,
          "star": 5,
          "name": "琴师的箭羽",
          "mainId": 12001,
          "attrIds": [
            501093,
            501224,
            501023,
            501083,
            501224
          ]
        },
        "3": {
          "level": 13,
          "star": 5,
          "name": "沉金的岁月",
          "mainId": 10002,
          "attrIds": [
            501084,
            501221,
            501051,
            501231,
            501084,
            501081
          ]
        },
        "4": {
          "level": 12,
          "star": 4,
          "name": "流放者之杯",
          "mainId": 15002,
          "attrIds": [
            401092,
            401082,
            401023,
            401051,
            401054,
            401054
          ]
        },
        "5": {
          "level": 13,
          "star": 5,
          "name": "指挥的礼帽",
          "mainId": 13002,
          "attrIds": [
            501083,
            501061,
            501232,
            501221,
            501232,
            501221,
            501223
          ]
        }
      },
      "_source": "enka",
      "_time": 1681485913243,
      "_update": 1681485913243,
      "_talent": 1681485913243
    },
    "10000060": {
      "name": "夜兰",
      "id": 10000060,
      "elem": "hydro",
      "level": 80,
      "promote": 5,
      "fetter": 10,
      "costume": 0,
      "cons": 0,
      "talent": {
        "a": 3,
        "e": 8,
        "q": 8
      },
      "weapon": {
        "name": "绝弦",
        "level": 80,
        "promote": 5,
        "affix": 2
      },
      "artis": {
        "1": {
          "level": 20,
          "star": 5,
          "name": "勋绩之花",
          "mainId": 14001,
          "attrIds": [
            501221,
            501091,
            501233,
            501061,
            501232,
            501094,
            501231,
            501091
          ]
        },
        "2": {
          "level": 14,
          "star": 5,
          "name": "昭武翎羽",
          "mainId": 12001,
          "attrIds": [
            501234,
            501064,
            501083,
            501032,
            501061,
            501034
          ]
        },
        "3": {
          "level": 16,
          "star": 5,
          "name": "雷云之笼",
          "mainId": 10004,
          "attrIds": [
            501031,
            501231,
            501083,
            501051,
            501033,
            501052,
            501031,
            501052
          ]
        },
        "4": {
          "level": 20,
          "star": 5,
          "name": "遍结寒霜的傲骨",
          "mainId": 15004,
          "attrIds": [
            501021,
            501031,
            501094,
            501081,
            501082,
            501092,
            501024,
            501094
          ]
        },
        "5": {
          "level": 16,
          "star": 4,
          "name": "华饰之兜",
          "mainId": 13008,
          "attrIds": [
            401021,
            401083,
            401243,
            401062,
            401244,
            401064
          ]
        }
      },
      "_source": "enka",
      "_time": 1681485913243,
      "_update": 1681485913243,
      "_talent": 1681485913243
    },
    "10000073": {
      "name": "纳西妲",
      "id": 10000073,
      "elem": "dendro",
      "level": 60,
      "promote": 3,
      "fetter": 6,
      "costume": 0,
      "cons": 0,
      "talent": {
        "a": 1,
        "e": 4,
        "q": 4
      },
      "weapon": {
        "name": "千夜浮梦",
        "level": 40,
        "promote": 1,
        "affix": 1
      },
      "artis": {
        "1": {
          "level": 14,
          "star": 5,
          "name": "乐团的晨光",
          "mainId": 14001,
          "attrIds": [
            501221,
            501052,
            501094,
            501242,
            501241,
            501053
          ]
        },
        "2": {
          "level": 20,
          "star": 5,
          "name": "翠蔓的智者",
          "mainId": 12001,
          "attrIds": [
            501084,
            501244,
            501201,
            501063,
            501062,
            501063,
            501062,
            501084
          ]
        },
        "3": {
          "level": 16,
          "star": 5,
          "name": "沉金的岁月",
          "mainId": 10008,
          "attrIds": [
            501033,
            501232,
            501202,
            501061,
            501063,
            501033,
            501233
          ]
        },
        "4": {
          "level": 19,
          "star": 5,
          "name": "吟游者之壶",
          "mainId": 15007,
          "attrIds": [
            501054,
            501222,
            501033,
            501082,
            501083,
            501224,
            501081
          ]
        },
        "5": {
          "level": 17,
          "star": 5,
          "name": "月桂的宝冠",
          "mainId": 13010,
          "attrIds": [
            501052,
            501063,
            501021,
            501233,
            501233,
            501054,
            501231
          ]
        }
      },
      "_source": "enka",
      "_time": 1681485913241,
      "_update": 1681485913241,
      "_talent": 1681485913241
    }
  }
}