{
  "uid": "180451251",
  "name": "",
  "level": "",
  "word": "",
  "face": "",
  "card": "",
  "sign": "",
  "info": false,
  "_profile": 1680621480810,
  "avatars": {
    "10000016": {
      "name": "迪卢克",
      "id": 10000016,
      "elem": "pyro",
      "level": 80,
      "promote": 5,
      "fetter": 5,
      "costume": 0,
      "cons": 2,
      "talent": {
        "a": 1,
        "e": 6,
        "q": 7
      },
      "weapon": {
        "name": "天空之傲",
        "level": 80,
        "promote": 5,
        "affix": 1
      },
      "artis": {
        "1": {
          "name": "角斗士的留恋",
          "level": 20,
          "star": 5,
          "main": {
            "key": "hpPlus",
            "value": 4780
          },
          "attrs": [
            {
              "key": "atk",
              "value": 8.7
            },
            {
              "key": "cdmg",
              "value": 30.3
            },
            {
              "key": "atkPlus",
              "value": 16
            },
            {
              "key": "mastery",
              "value": 40
            }
          ]
        },
        "2": {
          "name": "琴师的箭羽",
          "level": 20,
          "star": 5,
          "main": {
            "key": "atkPlus",
            "value": 311
          },
          "attrs": [
            {
              "key": "cpct",
              "value": 6.2
            },
            {
              "key": "defPlus",
              "value": 21
            },
            {
              "key": "def",
              "value": 12.4
            },
            {
              "key": "cdmg",
              "value": 26.4
            }
          ]
        },
        "3": {
          "name": "终幕的时计",
          "level": 20,
          "star": 5,
          "main": {
            "key": "atk",
            "value": 46.6
          },
          "attrs": [
            {
              "key": "defPlus",
              "value": 65
            },
            {
              "key": "atkPlus",
              "value": 19
            },
            {
              "key": "hpPlus",
              "value": 508
            },
            {
              "key": "cdmg",
              "value": 22.5
            }
          ]
        },
        "4": {
          "name": "翠绿猎人的容器",
          "level": 20,
          "star": 5,
          "main": {
            "key": "pyro",
            "value": 46.6
          },
          "attrs": [
            {
              "key": "cdmg",
              "value": 21.8
            },
            {
              "key": "def",
              "value": 17.5
            },
            {
              "key": "hp",
              "value": 4.1
            },
            {
              "key": "atkPlus",
              "value": 35
            }
          ]
        },
        "5": {
          "name": "角斗士的凯旋",
          "level": 20,
          "star": 5,
          "main": {
            "key": "cdmg",
            "value": 62.2
          },
          "attrs": [
            {
              "key": "atk",
              "value": 15.2
            },
            {
              "key": "cpct",
              "value": 8.9
            },
            {
              "key": "defPlus",
              "value": 46
            },
            {
              "key": "hp",
              "value": 4.7
            }
          ]
        }
      },
      "_source": "enka",
      "_time": 1675315678496,
      "_update": 1677558832591,
      "_talent": 1677558832591
    },
    "10000026": {
      "name": "魈",
      "id": 10000026,
      "elem": "anemo",
      "level": 88,
      "promote": 6,
      "fetter": 10,
      "costume": 0,
      "cons": 0,
      "talent": {
        "a": 9,
        "e": 5,
        "q": 9
      },
      "weapon": {
        "name": "千岩长枪",
        "level": 90,
        "promote": 6,
        "affix": 2
      },
      "artis": {
        "1": {
          "name": "历经风雪的思念",
          "level": 20,
          "star": 5,
          "main": {
            "key": "hpPlus",
            "value": 4780
          },
          "attrs": [
            {
              "key": "atk",
              "value": 4.1
            },
            {
              "key": "cdmg",
              "value": 20.2
            },
            {
              "key": "atkPlus",
              "value": 16
            },
            {
              "key": "cpct",
              "value": 10.5
            }
          ]
        },
        "2": {
          "name": "潜光片羽",
          "level": 20,
          "star": 5,
          "main": {
            "key": "atkPlus",
            "value": 311
          },
          "attrs": [
            {
              "key": "def",
              "value": 6.6
            },
            {
              "key": "cdmg",
              "value": 28.8
            },
            {
              "key": "cpct",
              "value": 3.5
            },
            {
              "key": "recharge",
              "value": 12.3
            }
          ]
        },
        "3": {
          "name": "阳辔之遗",
          "level": 20,
          "star": 5,
          "main": {
            "key": "atk",
            "value": 46.6
          },
          "attrs": [
            {
              "key": "cpct",
              "value": 7.4
            },
            {
              "key": "atkPlus",
              "value": 18
            },
            {
              "key": "mastery",
              "value": 23
            },
            {
              "key": "cdmg",
              "value": 25.6
            }
          ]
        },
        "4": {
          "name": "迷醉长梦的守护",
          "level": 20,
          "star": 5,
          "main": {
            "key": "anemo",
            "value": 46.6
          },
          "attrs": [
            {
              "key": "atkPlus",
              "value": 18
            },
            {
              "key": "hp",
              "value": 10.5
            },
            {
              "key": "cdmg",
              "value": 7
            },
            {
              "key": "cpct",
              "value": 14
            }
          ]
        },
        "5": {
          "name": "流沙贵嗣的遗宝",
          "level": 20,
          "star": 5,
          "main": {
            "key": "cdmg",
            "value": 62.2
          },
          "attrs": [
            {
              "key": "mastery",
              "value": 42
            },
            {
              "key": "atk",
              "value": 5.8
            },
            {
              "key": "cpct",
              "value": 12.1
            },
            {
              "key": "defPlus",
              "value": 23
            }
          ]
        }
      },
      "_source": "enka",
      "_time": 1675315678495,
      "_update": 1677558832592,
      "_talent": 1677558832592
    },
    "10000030": {
      "name": "钟离",
      "id": 10000030,
      "elem": "geo",
      "level": 88,
      "promote": 6,
      "fetter": 10,
      "costume": 0,
      "cons": 0,
      "talent": {
        "a": 4,
        "e": 7,
        "q": 4
      },
      "weapon": {
        "name": "黑缨枪",
        "level": 80,
        "promote": 5,
        "affix": 5
      },
      "artis": {
        "1": {
          "name": "勋绩之花",
          "level": 20,
          "star": 5,
          "mainId": 14001,
          "attrIds": [
            501034,
            501064,
            501241,
            501084,
            501032,
            501034,
            501061,
            501063,
            501061
          ]
        },
        "2": {
          "name": "昭武翎羽",
          "level": 20,
          "star": 5,
          "mainId": 12001,
          "attrIds": [
            501032,
            501063,
            501022,
            501081,
            501032,
            501061,
            501034,
            501081
          ]
        },
        "3": {
          "name": "金铜时晷",
          "level": 20,
          "star": 5,
          "mainId": 10002,
          "attrIds": [
            501053,
            501061,
            501092,
            501023,
            501093,
            501063,
            501061,
            501091
          ]
        },
        "4": {
          "name": "盟誓金爵",
          "level": 20,
          "star": 5,
          "mainId": 15002,
          "attrIds": [
            501081,
            501222,
            501232,
            501023,
            501222,
            501224,
            501022,
            501022
          ]
        },
        "5": {
          "name": "将帅兜鍪",
          "level": 20,
          "star": 5,
          "mainId": 13002,
          "attrIds": [
            501022,
            501203,
            501083,
            501094,
            501024,
            501204,
            501081,
            501202
          ]
        }
      },
      "_source": "mgg",
      "_time": 1680621480810,
      "_update": 1680621480810,
      "_talent": 1680621480810
    },
    "10000037": {
      "name": "甘雨",
      "id": 10000037,
      "elem": "cryo",
      "level": 90,
      "promote": 6,
      "fetter": 10,
      "costume": 0,
      "cons": 0,
      "talent": {
        "a": 10,
        "e": 6,
        "q": 9
      },
      "weapon": {
        "name": "若水",
        "level": 90,
        "promote": 6,
        "affix": 1
      },
      "artis": {
        "1": {
          "name": "乐团的晨光",
          "level": 20,
          "star": 5,
          "mainId": 14001,
          "attrIds": [
            501031,
            501221,
            501201,
            501242,
            501223,
            501242,
            501224,
            501204,
            501241
          ]
        },
        "2": {
          "name": "琴师的箭羽",
          "level": 20,
          "star": 5,
          "mainId": 12001,
          "attrIds": [
            501201,
            501083,
            501094,
            501222,
            501224,
            501203,
            501223,
            501091,
            501221
          ]
        },
        "3": {
          "name": "终幕的时计",
          "level": 20,
          "star": 5,
          "mainId": 10004,
          "attrIds": [
            501202,
            501021,
            501081,
            501224,
            501224,
            501224,
            501201,
            501081
          ]
        },
        "4": {
          "name": "降雷的凶兆",
          "level": 20,
          "star": 5,
          "mainId": 15010,
          "attrIds": [
            501054,
            501223,
            501092,
            501203,
            501203,
            501224,
            501203,
            501093,
            501201
          ]
        },
        "5": {
          "name": "指挥的礼帽",
          "level": 20,
          "star": 5,
          "mainId": 13008,
          "attrIds": [
            501022,
            501243,
            501233,
            501204,
            501242,
            501242,
            501242,
            501241
          ]
        }
      },
      "_source": "mgg",
      "_time": 1680621480809,
      "_update": 1680621480809,
      "_talent": 1680621480809
    },
    "10000042": {
      "name": "刻晴",
      "id": 10000042,
      "elem": "electro",
      "level": 90,
      "promote": 6,
      "fetter": 10,
      "costume": 204201,
      "cons": 0,
      "talent": {
        "a": 10,
        "e": 9,
        "q": 10
      },
      "weapon": {
        "name": "雾切之回光",
        "level": 90,
        "promote": 6,
        "affix": 1
      },
      "artis": {
        "1": {
          "name": "雷鸟的怜悯",
          "level": 20,
          "star": 5,
          "mainId": 14001,
          "attrIds": [
            501031,
            501204,
            501241,
            501222,
            501243,
            501222,
            501223,
            501222
          ]
        },
        "2": {
          "name": "雷灾的孑遗",
          "level": 20,
          "star": 5,
          "mainId": 12001,
          "attrIds": [
            501032,
            501223,
            501094,
            501064,
            501223,
            501224,
            501224,
            501224,
            501033
          ]
        },
        "3": {
          "name": "坚铜罗盘",
          "level": 20,
          "star": 5,
          "mainId": 10004,
          "attrIds": [
            501244,
            501203,
            501223,
            501024,
            501244,
            501223,
            501242,
            501203
          ]
        },
        "4": {
          "name": "吟游者之壶",
          "level": 20,
          "star": 5,
          "mainId": 15009,
          "attrIds": [
            501021,
            501061,
            501241,
            501221,
            501222,
            501063,
            501224,
            501243
          ]
        },
        "5": {
          "name": "指挥的礼帽",
          "level": 20,
          "star": 5,
          "mainId": 13007,
          "attrIds": [
            501064,
            501051,
            501221,
            501083,
            501223,
            501224,
            501222,
            501224
          ]
        }
      },
      "_source": "mgg",
      "_time": 1680621480808,
      "_update": 1680621480808,
      "_talent": 1680621480808
    },
    "10000054": {
      "name": "珊瑚宫心海",
      "id": 10000054,
      "elem": "hydro",
      "level": 90,
      "promote": 6,
      "fetter": 10,
      "costume": 0,
      "cons": 0,
      "talent": {
        "a": 4,
        "e": 10,
        "q": 7
      },
      "weapon": {
        "name": "不灭月华",
        "level": 90,
        "promote": 6,
        "affix": 1
      },
      "artis": {
        "1": {
          "name": "海染之花",
          "level": 20,
          "star": 5,
          "mainId": 14001,
          "attrIds": [
            501231,
            501242,
            501034,
            501084,
            501234,
            501032,
            501234,
            501083,
            501244
          ]
        },
        "2": {
          "name": "渊宫之羽",
          "level": 20,
          "star": 5,
          "mainId": 12001,
          "attrIds": [
            501024,
            501031,
            501241,
            501224,
            501032,
            501244,
            501242,
            501024
          ]
        },
        "3": {
          "name": "离别之贝",
          "level": 20,
          "star": 5,
          "mainId": 10002,
          "attrIds": [
            501093,
            501054,
            501022,
            501241,
            501053,
            501053,
            501053,
            501053,
            501053
          ]
        },
        "4": {
          "name": "真珠之笼",
          "level": 20,
          "star": 5,
          "mainId": 15002,
          "attrIds": [
            501244,
            501061,
            501201,
            501053,
            501053,
            501062,
            501053,
            501204,
            501202
          ]
        },
        "5": {
          "name": "无常之面",
          "level": 20,
          "star": 5,
          "mainId": 13009,
          "attrIds": [
            501244,
            501084,
            501034,
            501022,
            501031,
            501241,
            501023,
            501033
          ]
        }
      },
      "_source": "mgg",
      "_time": 1680621480809,
      "_update": 1680621480809,
      "_talent": 1680621480809
    },
    "10000060": {
      "name": "夜兰",
      "id": 10000060,
      "elem": "hydro",
      "level": 90,
      "promote": 6,
      "fetter": 7,
      "costume": 0,
      "cons": 0,
      "talent": {
        "a": 6,
        "e": 9,
        "q": 10
      },
      "weapon": {
        "name": "若水",
        "level": 90,
        "promote": 6,
        "affix": 1
      },
      "artis": {
        "1": {
          "name": "明威之镡",
          "level": 20,
          "star": 5,
          "mainId": 14001,
          "attrIds": [
            501202,
            501224,
            501054,
            501234,
            501232,
            501233,
            501234,
            501233
          ]
        },
        "2": {
          "name": "切落之羽",
          "level": 20,
          "star": 5,
          "mainId": 12001,
          "attrIds": [
            501203,
            501032,
            501224,
            501231,
            501223,
            501204,
            501033,
            501033,
            501231
          ]
        },
        "3": {
          "name": "雷霆的时计",
          "level": 20,
          "star": 5,
          "mainId": 10002,
          "attrIds": [
            501203,
            501224,
            501051,
            501023,
            501224,
            501203,
            501021,
            501223
          ]
        },
        "4": {
          "name": "绯花之壶",
          "level": 20,
          "star": 5,
          "mainId": 15011,
          "attrIds": [
            501242,
            501022,
            501222,
            501031,
            501222,
            501242,
            501242,
            501033
          ]
        },
        "5": {
          "name": "华饰之兜",
          "level": 20,
          "star": 5,
          "mainId": 13008,
          "attrIds": [
            501051,
            501032,
            501024,
            501203,
            501202,
            501034,
            501202,
            501204
          ]
        }
      },
      "_source": "mgg",
      "_time": 1680621480809,
      "_update": 1680621480809,
      "_talent": 1680621480809
    },
    "10000063": {
      "name": "申鹤",
      "id": 10000063,
      "elem": "cryo",
      "level": 89,
      "promote": 6,
      "fetter": 2,
      "costume": 0,
      "cons": 0,
      "talent": {
        "a": 2,
        "e": 9,
        "q": 4
      },
      "weapon": {
        "name": "息灾",
        "level": 90,
        "promote": 6,
        "affix": 1
      },
      "artis": {
        "1": {
          "name": "角斗士的留恋",
          "level": 20,
          "star": 5,
          "mainId": 14001,
          "attrIds": [
            501061,
            501224,
            501052,
            501242,
            501062,
            501224,
            501224,
            501243,
            501223
          ]
        },
        "2": {
          "name": "潜光片羽",
          "level": 20,
          "star": 5,
          "mainId": 12001,
          "attrIds": [
            501093,
            501224,
            501203,
            501233,
            501221,
            501234,
            501224,
            501224
          ]
        },
        "3": {
          "name": "阳辔之遗",
          "level": 20,
          "star": 5,
          "mainId": 10004,
          "attrIds": [
            501204,
            501053,
            501244,
            501221,
            501224,
            501221,
            501203,
            501223
          ]
        },
        "4": {
          "name": "绯花之壶",
          "level": 20,
          "star": 5,
          "mainId": 15004,
          "attrIds": [
            501224,
            501051,
            501084,
            501202,
            501082,
            501223,
            501222,
            501052,
            501202
          ]
        },
        "5": {
          "name": "角斗士的凯旋",
          "level": 20,
          "star": 5,
          "mainId": 13004,
          "attrIds": [
            501221,
            501052,
            501202,
            501242,
            501053,
            501241,
            501054,
            501241
          ]
        }
      },
      "_source": "mgg",
      "_time": 1680621480808,
      "_update": 1680621480808,
      "_talent": 1680621480808
    },
    "10000066": {
      "name": "神里绫人",
      "id": 10000066,
      "elem": "hydro",
      "level": 88,
      "promote": 6,
      "fetter": 10,
      "costume": 0,
      "cons": 0,
      "talent": {
        "a": 6,
        "e": 9,
        "q": 9
      },
      "weapon": {
        "name": "磐岩结绿",
        "level": 90,
        "promote": 6,
        "affix": 1
      },
      "artis": {
        "1": {
          "name": "角斗士的留恋",
          "level": 20,
          "star": 5,
          "mainId": 14001,
          "attrIds": [
            501221,
            501084,
            501232,
            501204,
            501232,
            501223,
            501201,
            501224,
            501223
          ]
        },
        "2": {
          "name": "角斗士的归宿",
          "level": 20,
          "star": 5,
          "mainId": 12001,
          "attrIds": [
            501061,
            501084,
            501244,
            501222,
            501224,
            501222,
            501221,
            501224,
            501061
          ]
        },
        "3": {
          "name": "角斗士的希冀",
          "level": 20,
          "star": 5,
          "mainId": 10004,
          "attrIds": [
            501031,
            501222,
            501082,
            501091,
            501224,
            501094,
            501083,
            501222
          ]
        },
        "4": {
          "name": "祈望之心",
          "level": 20,
          "star": 5,
          "mainId": 15011,
          "attrIds": [
            501224,
            501081,
            501022,
            501031,
            501224,
            501024,
            501032,
            501033
          ]
        },
        "5": {
          "name": "角斗士的凯旋",
          "level": 20,
          "star": 5,
          "mainId": 13008,
          "attrIds": [
            501202,
            501034,
            501232,
            501062,
            501201,
            501063,
            501061,
            501202
          ]
        }
      },
      "_source": "mgg",
      "_time": 1680621480810,
      "_update": 1680621480810,
      "_talent": 1680621480810
    },
    "10000070": {
      "name": "妮露",
      "id": 10000070,
      "elem": "hydro",
      "level": 90,
      "promote": 6,
      "fetter": 10,
      "costume": 0,
      "cons": 0,
      "talent": {
        "a": 4,
        "e": 10,
        "q": 10
      },
      "weapon": {
        "name": "圣显之钥",
        "level": 90,
        "promote": 6,
        "affix": 1
      },
      "artis": {
        "1": {
          "name": "月女的华彩",
          "level": 20,
          "star": 5,
          "mainId": 14001,
          "attrIds": [
            501092,
            501222,
            501034,
            501243,
            501031,
            501032,
            501094,
            501034
          ]
        },
        "2": {
          "name": "谢落的筵席",
          "level": 20,
          "star": 5,
          "mainId": 12001,
          "attrIds": [
            501201,
            501033,
            501061,
            501224,
            501222,
            501224,
            501202,
            501204
          ]
        },
        "3": {
          "name": "凝结的时刻",
          "level": 20,
          "star": 5,
          "mainId": 10002,
          "attrIds": [
            501241,
            501024,
            501204,
            501232,
            501234,
            501244,
            501202,
            501021,
            501202
          ]
        },
        "4": {
          "name": "绯花之壶",
          "level": 20,
          "star": 5,
          "mainId": 15002,
          "attrIds": [
            501204,
            501223,
            501023,
            501052,
            501204,
            501021,
            501023,
            501223
          ]
        },
        "5": {
          "name": "紫晶的花冠",
          "level": 20,
          "star": 5,
          "mainId": 13002,
          "attrIds": [
            501081,
            501201,
            501223,
            501053,
            501203,
            501202,
            501053,
            501221,
            501081
          ]
        }
      },
      "_source": "mgg",
      "_time": 1680621480808,
      "_update": 1680621480808,
      "_talent": 1680621480808
    }
  }
}