{
  "uid": "182598641",
  "name": "",
  "level": "",
  "word": "",
  "face": "",
  "card": "",
  "sign": "",
  "info": false,
  "_profile": 1685965672614,
  "avatars": {
    "10000022": {
      "name": "温迪",
      "id": 10000022,
      "elem": "anemo",
      "level": 80,
      "promote": 5,
      "fetter": 9,
      "costume": 0,
      "cons": 0,
      "talent": {
        "a": 2,
        "e": 5,
        "q": 8
      },
      "weapon": {
        "name": "绝弦",
        "level": 80,
        "promote": 5,
        "affix": 4
      },
      "artis": {
        "1": {
          "level": 20,
          "star": 5,
          "name": "野花记忆的绿野",
          "mainId": 14001,
          "attrIds": [
            501202,
            501061,
            501234,
            501221,
            501202,
            501064,
            501234,
            501224
          ]
        },
        "2": {
          "level": 20,
          "star": 5,
          "name": "琴师的箭羽",
          "mainId": 12001,
          "attrIds": [
            501202,
            501061,
            501224,
            501234,
            501234,
            501231,
            501224,
            501201
          ]
        },
        "3": {
          "level": 20,
          "star": 5,
          "name": "翠绿猎人的笃定",
          "mainId": 10007,
          "attrIds": [
            501204,
            501051,
            501221,
            501242,
            501241,
            501222,
            501054,
            501224
          ]
        },
        "4": {
          "level": 20,
          "star": 5,
          "name": "翠绿猎人的容器",
          "mainId": 15004,
          "attrIds": [
            501204,
            501221,
            501243,
            501033,
            501243,
            501202,
            501201,
            501222
          ]
        },
        "5": {
          "level": 20,
          "star": 5,
          "name": "翠绿的猎人之冠",
          "mainId": 13008,
          "attrIds": [
            501051,
            501204,
            501084,
            501021,
            501052,
            501083,
            501204,
            501082,
            501084
          ]
        }
      },
      "_source": "enka",
      "_time": 1685965672613,
      "_update": 1685965672613,
      "_talent": 1685965672613
    },
    "10000026": {
      "name": "魈",
      "id": 10000026,
      "elem": "anemo",
      "level": 90,
      "promote": 6,
      "fetter": 10,
      "costume": 0,
      "cons": 0,
      "talent": {
        "a": 10,
        "e": 10,
        "q": 10
      },
      "weapon": {
        "name": "和璞鸢",
        "level": 90,
        "promote": 6,
        "affix": 1
      },
      "artis": {
        "1": {
          "level": 20,
          "star": 5,
          "name": "羁缠之花",
          "mainId": 14001,
          "attrIds": [
            501093,
            501224,
            501083,
            501204,
            501223,
            501221,
            501221,
            501093,
            501092
          ]
        },
        "2": {
          "level": 20,
          "star": 5,
          "name": "垂玉之叶",
          "mainId": 12001,
          "attrIds": [
            501233,
            501084,
            501203,
            501222,
            501221,
            501224,
            501223,
            501223
          ]
        },
        "3": {
          "level": 20,
          "star": 5,
          "name": "阳辔之遗",
          "mainId": 10004,
          "attrIds": [
            501203,
            501232,
            501034,
            501221,
            501223,
            501201,
            501033,
            501202,
            501202
          ]
        },
        "4": {
          "level": 20,
          "star": 5,
          "name": "涌泉之盏",
          "mainId": 15012,
          "attrIds": [
            501231,
            501092,
            501031,
            501204,
            501034,
            501232,
            501203,
            501202,
            501202
          ]
        },
        "5": {
          "level": 20,
          "star": 5,
          "name": "无常之面",
          "mainId": 13008,
          "attrIds": [
            501233,
            501054,
            501201,
            501061,
            501061,
            501062,
            501064,
            501064
          ]
        }
      },
      "_source": "enka",
      "_time": 1685965672612,
      "_update": 1685965672612,
      "_talent": 1685965672612
    },
    "10000030": {
      "name": "钟离",
      "id": 10000030,
      "elem": "geo",
      "level": 90,
      "promote": 6,
      "fetter": 10,
      "costume": 0,
      "cons": 1,
      "talent": {
        "a": 4,
        "e": 9,
        "q": 7
      },
      "weapon": {
        "name": "黑缨枪",
        "level": 80,
        "promote": 5,
        "affix": 5
      },
      "artis": {
        "1": {
          "level": 20,
          "star": 5,
          "name": "勋绩之花",
          "mainId": 14001,
          "attrIds": [
            501244,
            501081,
            501234,
            501203,
            501241,
            501232,
            501242,
            501243
          ]
        },
        "2": {
          "level": 20,
          "star": 5,
          "name": "昭武翎羽",
          "mainId": 12001,
          "attrIds": [
            501032,
            501234,
            501024,
            501084,
            501031,
            501022,
            501023,
            501034
          ]
        },
        "3": {
          "level": 20,
          "star": 5,
          "name": "金铜时晷",
          "mainId": 10002,
          "attrIds": [
            501204,
            501243,
            501054,
            501234,
            501051,
            501204,
            501054,
            501231
          ]
        },
        "4": {
          "level": 20,
          "star": 5,
          "name": "绯花之壶",
          "mainId": 15002,
          "attrIds": [
            501204,
            501081,
            501223,
            501064,
            501204,
            501203,
            501062,
            501203
          ]
        },
        "5": {
          "level": 20,
          "star": 5,
          "name": "将帅兜鍪",
          "mainId": 13002,
          "attrIds": [
            501221,
            501023,
            501052,
            501231,
            501223,
            501221,
            501234,
            501053
          ]
        }
      },
      "_source": "enka",
      "_time": 1685965672613,
      "_update": 1685965672613,
      "_talent": 1685965672613
    },
    "10000032": {
      "name": "班尼特",
      "id": 10000032,
      "elem": "pyro",
      "level": 90,
      "promote": 6,
      "fetter": 10,
      "costume": 0,
      "cons": 6,
      "talent": {
        "a": 1,
        "e": 4,
        "q": 10
      },
      "weapon": {
        "name": "天空之刃",
        "level": 90,
        "promote": 6,
        "affix": 1
      },
      "artis": {
        "1": {
          "level": 20,
          "star": 5,
          "name": "宗室之花",
          "main": {
            "key": "hpPlus",
            "value": 4780
          },
          "attrs": [
            {
              "key": "mastery",
              "value": 23
            },
            {
              "key": "atk",
              "value": 9.9
            },
            {
              "key": "recharge",
              "value": 20.1
            },
            {
              "key": "hp",
              "value": 5.8
            }
          ]
        },
        "2": {
          "level": 20,
          "star": 5,
          "name": "宗室之翎",
          "main": {
            "key": "atkPlus",
            "value": 311
          },
          "attrs": [
            {
              "key": "recharge",
              "value": 9.1
            },
            {
              "key": "hpPlus",
              "value": 837
            },
            {
              "key": "defPlus",
              "value": 37
            },
            {
              "key": "mastery",
              "value": 23
            }
          ]
        },
        "3": {
          "level": 20,
          "star": 5,
          "name": "宗室时计",
          "main": {
            "key": "recharge",
            "value": 51.8
          },
          "attrs": [
            {
              "key": "atkPlus",
              "value": 18
            },
            {
              "key": "cdmg",
              "value": 21
            },
            {
              "key": "hpPlus",
              "value": 209
            },
            {
              "key": "defPlus",
              "value": 51
            }
          ]
        },
        "4": {
          "level": 20,
          "star": 5,
          "name": "宗室银瓮",
          "main": {
            "key": "hp",
            "value": 46.6
          },
          "attrs": [
            {
              "key": "cdmg",
              "value": 7
            },
            {
              "key": "defPlus",
              "value": 51
            },
            {
              "key": "hpPlus",
              "value": 568
            },
            {
              "key": "recharge",
              "value": 11
            }
          ]
        },
        "5": {
          "level": 20,
          "star": 5,
          "name": "角斗士的凯旋",
          "main": {
            "key": "heal",
            "value": 35.9
          },
          "attrs": [
            {
              "key": "def",
              "value": 5.1
            },
            {
              "key": "cdmg",
              "value": 14
            },
            {
              "key": "recharge",
              "value": 16.8
            },
            {
              "key": "atk",
              "value": 13.4
            }
          ]
        }
      },
      "_source": "enka",
      "_time": 1675393565463,
      "_update": 1677557576198,
      "_talent": 1677557576198
    },
    "10000037": {
      "name": "甘雨",
      "id": 10000037,
      "elem": "cryo",
      "level": 90,
      "promote": 6,
      "fetter": 8,
      "costume": 0,
      "cons": 0,
      "talent": {
        "a": 7,
        "e": 2,
        "q": 2
      },
      "weapon": {
        "name": "阿莫斯之弓",
        "level": 90,
        "promote": 6,
        "affix": 1
      },
      "artis": {
        "1": {
          "level": 20,
          "star": 5,
          "name": "魔女的炎之花",
          "mainId": 14001,
          "attrIds": [
            501033,
            501094,
            501204,
            501221,
            501201,
            501094,
            501203,
            501033
          ]
        },
        "2": {
          "level": 20,
          "star": 5,
          "name": "琴师的箭羽",
          "mainId": 12001,
          "attrIds": [
            501201,
            501232,
            501242,
            501222,
            501202,
            501204,
            501202,
            501223,
            501203
          ]
        },
        "3": {
          "level": 20,
          "star": 5,
          "name": "终幕的时计",
          "mainId": 10004,
          "attrIds": [
            501233,
            501221,
            501203,
            501021,
            501223,
            501231,
            501021,
            501023
          ]
        },
        "4": {
          "level": 20,
          "star": 5,
          "name": "吟游者之壶",
          "mainId": 15010,
          "attrIds": [
            501053,
            501234,
            501202,
            501022,
            501052,
            501203,
            501234,
            501052
          ]
        },
        "5": {
          "level": 20,
          "star": 5,
          "name": "指挥的礼帽",
          "mainId": 13008,
          "attrIds": [
            501051,
            501061,
            501023,
            501084,
            501021,
            501054,
            501052,
            501064,
            501024
          ]
        }
      },
      "_source": "mgg",
      "_time": 1680016182412,
      "_update": 1680016182412,
      "_talent": 1680016182412
    },
    "10000047": {
      "name": "枫原万叶",
      "id": 10000047,
      "elem": "anemo",
      "level": 90,
      "promote": 6,
      "fetter": 10,
      "costume": 0,
      "cons": 0,
      "talent": {
        "a": 1,
        "e": 7,
        "q": 8
      },
      "weapon": {
        "name": "铁蜂刺",
        "level": 90,
        "promote": 6,
        "affix": 5
      },
      "artis": {
        "1": {
          "level": 20,
          "star": 5,
          "name": "野花记忆的绿野",
          "mainId": 14001,
          "attrIds": [
            501224,
            501062,
            501201,
            501034,
            501222,
            501204,
            501032,
            501031,
            501033
          ]
        },
        "2": {
          "level": 20,
          "star": 5,
          "name": "猎人青翠的箭羽",
          "mainId": 12001,
          "attrIds": [
            501244,
            501062,
            501232,
            501032,
            501234,
            501034,
            501063,
            501063
          ]
        },
        "3": {
          "level": 20,
          "star": 5,
          "name": "翠绿猎人的笃定",
          "mainId": 10008,
          "attrIds": [
            501031,
            501084,
            501063,
            501022,
            501061,
            501063,
            501081,
            501024
          ]
        },
        "4": {
          "level": 20,
          "star": 5,
          "name": "吟游者之壶",
          "mainId": 15012,
          "attrIds": [
            501244,
            501083,
            501091,
            501062,
            501244,
            501082,
            501091,
            501241,
            501083
          ]
        },
        "5": {
          "level": 20,
          "star": 5,
          "name": "翠绿的猎人之冠",
          "mainId": 13010,
          "attrIds": [
            501034,
            501021,
            501203,
            501082,
            501083,
            501033,
            501083,
            501022
          ]
        }
      },
      "_source": "enka",
      "_time": 1685965672612,
      "_update": 1685965672612,
      "_talent": 1685965672612
    },
    "10000052": {
      "name": "雷电将军",
      "id": 10000052,
      "elem": "electro",
      "level": 90,
      "promote": 6,
      "fetter": 10,
      "costume": 0,
      "cons": 0,
      "talent": {
        "a": 6,
        "e": 7,
        "q": 10
      },
      "weapon": {
        "name": "「渔获」",
        "level": 90,
        "promote": 6,
        "affix": 1
      },
      "artis": {
        "1": {
          "level": 20,
          "star": 5,
          "name": "明威之镡",
          "mainId": 14001,
          "attrIds": [
            501203,
            501233,
            501224,
            501244,
            501221,
            501201,
            501231,
            501243
          ]
        },
        "2": {
          "level": 20,
          "star": 5,
          "name": "切落之羽",
          "mainId": 12001,
          "attrIds": [
            501201,
            501232,
            501024,
            501083,
            501082,
            501232,
            501232,
            501083,
            501024
          ]
        },
        "3": {
          "level": 20,
          "star": 5,
          "name": "雷云之笼",
          "mainId": 10004,
          "attrIds": [
            501083,
            501203,
            501223,
            501242,
            501202,
            501221,
            501243,
            501223
          ]
        },
        "4": {
          "level": 20,
          "star": 5,
          "name": "吟游者之壶",
          "mainId": 15009,
          "attrIds": [
            501032,
            501223,
            501244,
            501202,
            501204,
            501223,
            501243,
            501243
          ]
        },
        "5": {
          "level": 20,
          "star": 5,
          "name": "华饰之兜",
          "mainId": 13008,
          "attrIds": [
            501203,
            501053,
            501034,
            501023,
            501023,
            501023,
            501021,
            501204
          ]
        }
      },
      "_source": "enka",
      "_time": 1685965672613,
      "_update": 1685965672613,
      "_talent": 1685965672613
    },
    "10000059": {
      "name": "鹿野院平藏",
      "id": 10000059,
      "elem": "anemo",
      "level": 48,
      "promote": 2,
      "fetter": 1,
      "costume": 0,
      "cons": 1,
      "talent": {
        "a": 2,
        "e": 2,
        "q": 2
      },
      "weapon": {
        "name": "昭心",
        "level": 11,
        "promote": 0,
        "affix": 2
      },
      "artis": {},
      "_source": "enka",
      "_time": 1675474256808,
      "_update": 1677557576200,
      "_talent": 1677557576200
    },
    "10000060": {
      "name": "夜兰",
      "id": 10000060,
      "elem": "hydro",
      "level": 80,
      "promote": 5,
      "fetter": 4,
      "costume": 0,
      "cons": 0,
      "talent": {
        "a": 1,
        "e": 8,
        "q": 8
      },
      "weapon": {
        "name": "西风猎弓",
        "level": 90,
        "promote": 6,
        "affix": 3
      },
      "artis": {
        "1": {
          "level": 20,
          "star": 5,
          "name": "角斗士的留恋",
          "mainId": 14001,
          "attrIds": [
            501053,
            501224,
            501232,
            501203,
            501054,
            501203,
            501203,
            501201,
            501231
          ]
        },
        "2": {
          "level": 20,
          "star": 5,
          "name": "潜光片羽",
          "mainId": 12001,
          "attrIds": [
            501061,
            501244,
            501224,
            501031,
            501222,
            501061,
            501241,
            501062
          ]
        },
        "3": {
          "level": 20,
          "star": 5,
          "name": "坚铜罗盘",
          "mainId": 10004,
          "attrIds": [
            501034,
            501221,
            501082,
            501244,
            501221,
            501034,
            501221,
            501224,
            501244
          ]
        },
        "4": {
          "level": 20,
          "star": 5,
          "name": "角斗士的酣醉",
          "mainId": 15011,
          "attrIds": [
            501081,
            501223,
            501203,
            501053,
            501203,
            501081,
            501053,
            501081
          ]
        },
        "5": {
          "level": 20,
          "star": 5,
          "name": "虺雷之姿",
          "mainId": 13008,
          "attrIds": [
            501203,
            501233,
            501063,
            501084,
            501063,
            501062,
            501081,
            501203,
            501083
          ]
        }
      },
      "_source": "enka",
      "_time": 1677907476100,
      "_update": 1677907476100,
      "_talent": 1677907476100
    },
    "10000063": {
      "name": "申鹤",
      "id": 10000063,
      "elem": "cryo",
      "level": 70,
      "promote": 4,
      "fetter": 5,
      "costume": 0,
      "cons": 0,
      "talent": {
        "a": 1,
        "e": 6,
        "q": 4
      },
      "weapon": {
        "name": "息灾",
        "level": 90,
        "promote": 6,
        "affix": 1
      },
      "artis": {
        "1": {
          "level": 20,
          "star": 5,
          "name": "生灵之华",
          "mainId": 14001,
          "attrIds": [
            501232,
            501053,
            501222,
            501242,
            501242,
            501221,
            501232,
            501234
          ]
        },
        "2": {
          "level": 20,
          "star": 5,
          "name": "垂玉之叶",
          "mainId": 12001,
          "attrIds": [
            501022,
            501062,
            501093,
            501204,
            501204,
            501201,
            501064,
            501023,
            501092
          ]
        },
        "3": {
          "level": 20,
          "star": 5,
          "name": "祝祀之凭",
          "mainId": 10004,
          "attrIds": [
            501224,
            501033,
            501092,
            501024,
            501093,
            501021,
            501223,
            501033
          ]
        },
        "4": {
          "level": 20,
          "star": 5,
          "name": "结契之刻",
          "mainId": 15004,
          "attrIds": [
            501224,
            501233,
            501243,
            501203,
            501233,
            501244,
            501243,
            501243
          ]
        },
        "5": {
          "level": 20,
          "star": 5,
          "name": "浮溯之珏",
          "mainId": 13004,
          "attrIds": [
            501084,
            501224,
            501234,
            501202,
            501202,
            501231,
            501233,
            501224
          ]
        }
      },
      "_source": "enka",
      "_time": 1685965672614,
      "_update": 1685965672614,
      "_talent": 1685965672614
    },
    "10000066": {
      "name": "神里绫人",
      "id": 10000066,
      "elem": "hydro",
      "level": 90,
      "promote": 6,
      "fetter": 10,
      "costume": 0,
      "cons": 0,
      "talent": {
        "a": 1,
        "e": 10,
        "q": 7
      },
      "weapon": {
        "name": "黑剑",
        "level": 90,
        "promote": 6,
        "affix": 1
      },
      "artis": {
        "1": {
          "level": 20,
          "star": 5,
          "name": "角斗士的留恋",
          "mainId": 14001,
          "attrIds": [
            501224,
            501203,
            501232,
            501054,
            501221,
            501201,
            501202,
            501054,
            501201
          ]
        },
        "2": {
          "level": 20,
          "star": 5,
          "name": "角斗士的归宿",
          "mainId": 12001,
          "attrIds": [
            501202,
            501223,
            501234,
            501091,
            501233,
            501224,
            501201,
            501203
          ]
        },
        "3": {
          "level": 20,
          "star": 5,
          "name": "角斗士的希冀",
          "mainId": 10004,
          "attrIds": [
            501224,
            501244,
            501093,
            501083,
            501084,
            501242,
            501223,
            501244,
            501093
          ]
        },
        "4": {
          "level": 20,
          "star": 5,
          "name": "吟游者之壶",
          "mainId": 15011,
          "attrIds": [
            501051,
            501201,
            501092,
            501223,
            501224,
            501203,
            501203,
            501221,
            501223
          ]
        },
        "5": {
          "level": 20,
          "star": 5,
          "name": "角斗士的凯旋",
          "mainId": 13008,
          "attrIds": [
            501201,
            501033,
            501024,
            501093,
            501203,
            501093,
            501091,
            501201
          ]
        }
      },
      "_source": "enka",
      "_time": 1685965672614,
      "_update": 1685965672614,
      "_talent": 1685965672614
    },
    "10000075": {
      "name": "流浪者",
      "id": 10000075,
      "elem": "anemo",
      "level": 90,
      "promote": 6,
      "fetter": 10,
      "costume": 0,
      "cons": 0,
      "talent": {
        "a": 8,
        "e": 10,
        "q": 8
      },
      "weapon": {
        "name": "流浪乐章",
        "level": 90,
        "promote": 6,
        "affix": 5
      },
      "artis": {
        "1": {
          "level": 20,
          "star": 5,
          "name": "魂香之花",
          "mainId": 14001,
          "attrIds": [
            501054,
            501204,
            501062,
            501223,
            501224,
            501204,
            501203,
            501203,
            501224
          ]
        },
        "2": {
          "level": 20,
          "star": 5,
          "name": "潜光片羽",
          "mainId": 12001,
          "attrIds": [
            501092,
            501222,
            501241,
            501203,
            501224,
            501202,
            501222,
            501204
          ]
        },
        "3": {
          "level": 20,
          "star": 5,
          "name": "阳辔之遗",
          "mainId": 10004,
          "attrIds": [
            501053,
            501222,
            501021,
            501091,
            501224,
            501091,
            501223,
            501052,
            501023
          ]
        },
        "4": {
          "level": 20,
          "star": 5,
          "name": "迷醉长梦的守护",
          "mainId": 15012,
          "attrIds": [
            501223,
            501081,
            501033,
            501062,
            501224,
            501031,
            501082,
            501084,
            501031
          ]
        },
        "5": {
          "level": 20,
          "star": 5,
          "name": "流沙贵嗣的遗宝",
          "mainId": 13007,
          "attrIds": [
            501051,
            501062,
            501221,
            501034,
            501222,
            501224,
            501064,
            501064,
            501051
          ]
        }
      },
      "_source": "enka",
      "_time": 1685965672612,
      "_update": 1685965672612,
      "_talent": 1685965672612
    },
    "10000078": {
      "name": "艾尔海森",
      "id": 10000078,
      "elem": "dendro",
      "level": 80,
      "promote": 5,
      "fetter": 9,
      "costume": 0,
      "cons": 0,
      "talent": {
        "a": 4,
        "e": 5,
        "q": 4
      },
      "weapon": {
        "name": "黎明神剑",
        "level": 80,
        "promote": 5,
        "affix": 5
      },
      "artis": {
        "1": {
          "level": 20,
          "star": 5,
          "name": "迷宫的游人",
          "mainId": 14001,
          "attrIds": [
            501221,
            501051,
            501204,
            501242,
            501223,
            501244,
            501052,
            501204
          ]
        },
        "2": {
          "level": 20,
          "star": 5,
          "name": "琴师的箭羽",
          "mainId": 12001,
          "attrIds": [
            501244,
            501233,
            501204,
            501223,
            501242,
            501222,
            501223,
            501223,
            501232
          ]
        },
        "3": {
          "level": 20,
          "star": 5,
          "name": "角斗士的希冀",
          "mainId": 10008,
          "attrIds": [
            501203,
            501054,
            501222,
            501032,
            501203,
            501034,
            501033,
            501203,
            501222
          ]
        },
        "4": {
          "level": 20,
          "star": 5,
          "name": "吟游者之壶",
          "mainId": 15014,
          "attrIds": [
            501233,
            501222,
            501022,
            501053,
            501231,
            501224,
            501051,
            501223
          ]
        },
        "5": {
          "level": 20,
          "star": 5,
          "name": "浮溯之珏",
          "mainId": 13007,
          "attrIds": [
            501081,
            501051,
            501231,
            501223,
            501231,
            501054,
            501224,
            501223
          ]
        }
      },
      "_source": "mgg",
      "_time": 1682004426515,
      "_update": 1682004426515,
      "_talent": 1682004426515
    }
  }
}