{
  "uid": "191353910",
  "name": "",
  "level": "",
  "word": "",
  "face": "",
  "card": "",
  "sign": "",
  "info": false,
  "_profile": 1679132597051,
  "avatars": {
    "10000002": {
      "name": "神里绫华",
      "id": 10000002,
      "elem": "cryo",
      "level": 90,
      "promote": 6,
      "fetter": 10,
      "costume": 200201,
      "cons": 0,
      "talent": {
        "a": 10,
        "e": 10,
        "q": 10
      },
      "weapon": {
        "name": "雾切之回光",
        "level": 90,
        "promote": 6,
        "affix": 1
      },
      "artis": {
        "1": {
          "name": "历经风雪的思念",
          "level": 20,
          "star": 5,
          "mainId": 14001,
          "attrIds": [
            501224,
            501062,
            501203,
            501231,
            501064,
            501201,
            501221,
            501203,
            501224
          ]
        },
        "2": {
          "name": "摧冰而行的执望",
          "level": 20,
          "star": 5,
          "mainId": 12001,
          "attrIds": [
            501022,
            501224,
            501082,
            501202,
            501222,
            501224,
            501201,
            501204
          ]
        },
        "3": {
          "name": "角斗士的希冀",
          "level": 20,
          "star": 5,
          "mainId": 10004,
          "attrIds": [
            501081,
            501221,
            501204,
            501233,
            501224,
            501083,
            501201,
            501203,
            501231
          ]
        },
        "4": {
          "name": "遍结寒霜的傲骨",
          "level": 20,
          "star": 5,
          "mainId": 15010,
          "attrIds": [
            501223,
            501084,
            501062,
            501053,
            501054,
            501224,
            501051,
            501064
          ]
        },
        "5": {
          "name": "破冰踏雪的回音",
          "level": 20,
          "star": 5,
          "mainId": 13008,
          "attrIds": [
            501061,
            501034,
            501052,
            501203,
            501061,
            501063,
            501034,
            501054
          ]
        }
      },
      "_source": "mgg",
      "_time": 1679132597050,
      "_update": 1679132597050,
      "_talent": 1679132597050
    },
    "10000025": {
      "name": "行秋",
      "id": 10000025,
      "elem": "hydro",
      "level": 80,
      "promote": 5,
      "fetter": 10,
      "costume": 0,
      "cons": 6,
      "talent": {
        "a": 1,
        "e": 7,
        "q": 8
      },
      "weapon": {
        "name": "祭礼剑",
        "level": 80,
        "promote": 5,
        "affix": 4
      },
      "artis": {
        "1": {
          "name": "饰金胸花",
          "level": 20,
          "star": 5,
          "mainId": 14001,
          "attrIds": [
            501233,
            501224,
            501094,
            501204,
            501223,
            501233,
            501224,
            501223
          ]
        },
        "2": {
          "name": "追忆之风",
          "level": 20,
          "star": 5,
          "mainId": 12001,
          "attrIds": [
            501083,
            501221,
            501241,
            501203,
            501204,
            501223,
            501202,
            501224,
            501222
          ]
        },
        "3": {
          "name": "终幕的时计",
          "level": 20,
          "star": 5,
          "mainId": 10004,
          "attrIds": [
            501242,
            501232,
            501224,
            501204,
            501233,
            501203,
            501243,
            501201
          ]
        },
        "4": {
          "name": "迷误者之灯",
          "level": 20,
          "star": 5,
          "mainId": 15011,
          "attrIds": [
            501233,
            501203,
            501051,
            501222,
            501052,
            501202,
            501054,
            501054
          ]
        },
        "5": {
          "name": "指挥的礼帽",
          "level": 20,
          "star": 5,
          "mainId": 13007,
          "attrIds": [
            501231,
            501222,
            501023,
            501054,
            501224,
            501024,
            501221,
            501051
          ]
        }
      },
      "_source": "enka",
      "_time": 1677851921091,
      "_update": 1677851921091,
      "_talent": 1677851921091
    },
    "10000030": {
      "name": "钟离",
      "id": 10000030,
      "elem": "geo",
      "level": 90,
      "promote": 6,
      "fetter": 10,
      "costume": 0,
      "cons": 0,
      "talent": {
        "a": 1,
        "e": 8,
        "q": 6
      },
      "weapon": {
        "name": "黑缨枪",
        "level": 80,
        "promote": 5,
        "affix": 5
      },
      "artis": {
        "1": {
          "name": "勋绩之花",
          "level": 20,
          "star": 5,
          "mainId": 14001,
          "attrIds": [
            501231,
            501063,
            501091,
            501201,
            501202,
            501063,
            501062,
            501232
          ]
        },
        "2": {
          "name": "昭武翎羽",
          "level": 20,
          "star": 5,
          "mainId": 12001,
          "attrIds": [
            501032,
            501231,
            501082,
            501022,
            501233,
            501081,
            501034,
            501031,
            501031
          ]
        },
        "3": {
          "name": "金铜时晷",
          "level": 20,
          "star": 5,
          "mainId": 10002,
          "attrIds": [
            501061,
            501021,
            501084,
            501091,
            501094,
            501023,
            501083,
            501094,
            501083
          ]
        },
        "4": {
          "name": "盟誓金爵",
          "level": 20,
          "star": 5,
          "mainId": 15002,
          "attrIds": [
            501243,
            501054,
            501021,
            501201,
            501242,
            501241,
            501022,
            501021
          ]
        },
        "5": {
          "name": "华饰之兜",
          "level": 20,
          "star": 5,
          "mainId": 13002,
          "attrIds": [
            501204,
            501082,
            501023,
            501231,
            501201,
            501021,
            501081,
            501021,
            501084
          ]
        }
      },
      "_source": "enka",
      "_time": 1677851921090,
      "_update": 1677851921090,
      "_talent": 1677851921090
    },
    "10000033": {
      "name": "达达利亚",
      "id": 10000033,
      "elem": "hydro",
      "level": 86,
      "promote": 6,
      "fetter": 8,
      "costume": 0,
      "cons": 0,
      "talent": {
        "a": 1,
        "e": 7,
        "q": 9
      },
      "weapon": {
        "name": "苍翠猎弓",
        "level": 90,
        "promote": 6,
        "affix": 1
      },
      "artis": {
        "1": {
          "name": "历经风雪的思念",
          "level": 20,
          "star": 5,
          "main": {
            "key": "hpPlus",
            "value": 4780
          },
          "attrs": [
            {
              "key": "cdmg",
              "value": 21
            },
            {
              "key": "atk",
              "value": 10.5
            },
            {
              "key": "cpct",
              "value": 9.7
            },
            {
              "key": "recharge",
              "value": 4.5
            }
          ]
        },
        "2": {
          "name": "追忆之风",
          "level": 20,
          "star": 5,
          "main": {
            "key": "atkPlus",
            "value": 311
          },
          "attrs": [
            {
              "key": "defPlus",
              "value": 21
            },
            {
              "key": "cdmg",
              "value": 26.4
            },
            {
              "key": "mastery",
              "value": 16
            },
            {
              "key": "cpct",
              "value": 10.5
            }
          ]
        },
        "3": {
          "name": "坚铜罗盘",
          "level": 20,
          "star": 5,
          "main": {
            "key": "atk",
            "value": 46.6
          },
          "attrs": [
            {
              "key": "hpPlus",
              "value": 239
            },
            {
              "key": "recharge",
              "value": 4.5
            },
            {
              "key": "atkPlus",
              "value": 29
            },
            {
              "key": "cdmg",
              "value": 31.1
            }
          ]
        },
        "4": {
          "name": "绯花之壶",
          "level": 20,
          "star": 5,
          "main": {
            "key": "hydro",
            "value": 46.6
          },
          "attrs": [
            {
              "key": "cpct",
              "value": 9.7
            },
            {
              "key": "atk",
              "value": 9.9
            },
            {
              "key": "cdmg",
              "value": 17.1
            },
            {
              "key": "recharge",
              "value": 5.8
            }
          ]
        },
        "5": {
          "name": "指挥的礼帽",
          "level": 20,
          "star": 5,
          "main": {
            "key": "cpct",
            "value": 31.1
          },
          "attrs": [
            {
              "key": "recharge",
              "value": 4.5
            },
            {
              "key": "cdmg",
              "value": 19.4
            },
            {
              "key": "hpPlus",
              "value": 568
            },
            {
              "key": "atkPlus",
              "value": 33
            }
          ]
        }
      },
      "_source": "enka",
      "_time": 1675507071388,
      "_update": 1677851916792,
      "_talent": 1677851916792
    },
    "10000046": {
      "name": "胡桃",
      "id": 10000046,
      "elem": "pyro",
      "level": 90,
      "promote": 6,
      "fetter": 9,
      "costume": 0,
      "cons": 1,
      "talent": {
        "a": 10,
        "e": 10,
        "q": 9
      },
      "weapon": {
        "name": "护摩之杖",
        "level": 90,
        "promote": 6,
        "affix": 1
      },
      "artis": {
        "1": {
          "name": "魔女的炎之花",
          "level": 20,
          "star": 5,
          "mainId": 14001,
          "attrIds": [
            501204,
            501053,
            501224,
            501242,
            501221,
            501203,
            501221,
            501203
          ]
        },
        "2": {
          "name": "魔女常燃之羽",
          "level": 20,
          "star": 5,
          "mainId": 12001,
          "attrIds": [
            501242,
            501033,
            501204,
            501223,
            501033,
            501203,
            501244,
            501222
          ]
        },
        "3": {
          "name": "魔女破灭之时",
          "level": 20,
          "star": 5,
          "mainId": 10002,
          "attrIds": [
            501051,
            501222,
            501203,
            501081,
            501202,
            501203,
            501053,
            501223
          ]
        },
        "4": {
          "name": "吟游者之壶",
          "level": 20,
          "star": 5,
          "mainId": 15008,
          "attrIds": [
            501222,
            501022,
            501064,
            501244,
            501224,
            501244,
            501222,
            501222,
            501243
          ]
        },
        "5": {
          "name": "焦灼的魔女帽",
          "level": 20,
          "star": 5,
          "mainId": 13007,
          "attrIds": [
            501081,
            501021,
            501244,
            501054,
            501243,
            501082,
            501054,
            501244
          ]
        }
      },
      "_source": "mgg",
      "_time": 1679132597050,
      "_update": 1679132597050,
      "_talent": 1679132597050
    },
    "10000060": {
      "name": "夜兰",
      "id": 10000060,
      "elem": "hydro",
      "level": 90,
      "promote": 6,
      "fetter": 10,
      "costume": 0,
      "cons": 0,
      "talent": {
        "a": 1,
        "e": 8,
        "q": 8
      },
      "weapon": {
        "name": "西风猎弓",
        "level": 80,
        "promote": 5,
        "affix": 2
      },
      "artis": {
        "1": {
          "name": "明威之镡",
          "level": 20,
          "star": 5,
          "mainId": 14001,
          "attrIds": [
            501032,
            501202,
            501221,
            501094,
            501222,
            501091,
            501203,
            501204
          ]
        },
        "2": {
          "name": "切落之羽",
          "level": 20,
          "star": 5,
          "mainId": 12001,
          "attrIds": [
            501222,
            501082,
            501032,
            501203,
            501203,
            501033,
            501083,
            501204,
            501223
          ]
        },
        "3": {
          "name": "雷云之笼",
          "level": 20,
          "star": 5,
          "mainId": 10002,
          "attrIds": [
            501222,
            501053,
            501023,
            501061,
            501064,
            501062,
            501024,
            501021
          ]
        },
        "4": {
          "name": "绯花之壶",
          "level": 20,
          "star": 5,
          "mainId": 15011,
          "attrIds": [
            501203,
            501062,
            501221,
            501233,
            501222,
            501202,
            501202,
            501221,
            501063
          ]
        },
        "5": {
          "name": "角斗士的凯旋",
          "level": 20,
          "star": 5,
          "mainId": 13008,
          "attrIds": [
            501032,
            501022,
            501052,
            501202,
            501034,
            501031,
            501034,
            501203
          ]
        }
      },
      "_source": "enka",
      "_time": 1677851921089,
      "_update": 1677851921089,
      "_talent": 1677851921089
    },
    "10000073": {
      "name": "纳西妲",
      "id": 10000073,
      "elem": "dendro",
      "level": 90,
      "promote": 6,
      "fetter": 10,
      "costume": 0,
      "cons": 0,
      "talent": {
        "a": 1,
        "e": 8,
        "q": 8
      },
      "weapon": {
        "name": "千夜浮梦",
        "level": 90,
        "promote": 6,
        "affix": 1
      },
      "artis": {
        "1": {
          "name": "迷宫的游人",
          "level": 20,
          "star": 5,
          "main": {
            "key": "hpPlus",
            "value": 4780
          },
          "attrs": [
            {
              "key": "mastery",
              "value": 42
            },
            {
              "key": "cpct",
              "value": 10.5
            },
            {
              "key": "hp",
              "value": 8.2
            },
            {
              "key": "atk",
              "value": 4.1
            }
          ]
        },
        "2": {
          "name": "翠蔓的智者",
          "level": 20,
          "star": 5,
          "main": {
            "key": "atkPlus",
            "value": 311
          },
          "attrs": [
            {
              "key": "hp",
              "value": 11.1
            },
            {
              "key": "atk",
              "value": 16.3
            },
            {
              "key": "cpct",
              "value": 6.2
            },
            {
              "key": "hpPlus",
              "value": 538
            }
          ]
        },
        "3": {
          "name": "贤智的定期",
          "level": 20,
          "star": 5,
          "main": {
            "key": "mastery",
            "value": 187
          },
          "attrs": [
            {
              "key": "hp",
              "value": 10.5
            },
            {
              "key": "recharge",
              "value": 6.5
            },
            {
              "key": "atk",
              "value": 16.3
            },
            {
              "key": "cdmg",
              "value": 11.7
            }
          ]
        },
        "4": {
          "name": "吟游者之壶",
          "level": 20,
          "star": 5,
          "main": {
            "key": "dendro",
            "value": 46.6
          },
          "attrs": [
            {
              "key": "recharge",
              "value": 11.7
            },
            {
              "key": "atkPlus",
              "value": 18
            },
            {
              "key": "mastery",
              "value": 58
            },
            {
              "key": "atk",
              "value": 10.5
            }
          ]
        },
        "5": {
          "name": "月桂的宝冠",
          "level": 20,
          "star": 5,
          "main": {
            "key": "mastery",
            "value": 187
          },
          "attrs": [
            {
              "key": "atk",
              "value": 14.6
            },
            {
              "key": "recharge",
              "value": 16.8
            },
            {
              "key": "atkPlus",
              "value": 14
            },
            {
              "key": "defPlus",
              "value": 21
            }
          ]
        }
      },
      "_source": "enka",
      "_time": 1675505252994,
      "_update": 1677851916792,
      "_talent": 1677851916792
    }
  }
}