{"uid":"194387542","chars":{"10000002":{"id":10000002,"name":"神里绫华","elem":"cryo","level":90,"promote":6,"fetter":10,"costume":0,"cons":0,"talent":{"a":8,"e":9,"q":10},"attr":{"atk":2258.1099526970647,"atkBase":796.3882446289062,"def":852.7783813476562,"defBase":783.9254760742188,"hp":19030.2734375,"hpBase":12858.20703125,"mastery":41.959999084472656,"recharge":130.44999837875366,"heal":0,"cpct":24.050000309944153,"cdmg":242.30000972747803,"dmg":61.59999966621399,"phy":0},"weapon":{"name":"天目影打刀","star":4,"level":90,"promote":6,"affix":2},"artis":{"1":{"name":"历经风雪的思念","set":"冰风迷途的勇士","level":20,"main":{"key":"hpPlus","value":4780},"attrs":[{"key":"def","value":5.8},{"key":"cpct","value":6.6},{"key":"mastery","value":23},{"key":"cdmg","value":26.4}]},"2":{"name":"摧冰而行的执望","set":"冰风迷途的勇士","level":20,"main":{"key":"atkPlus","value":311},"attrs":[{"key":"cdmg","value":24.9},{"key":"recharge","value":18.1},{"key":"hpPlus","value":269},{"key":"atk","value":4.7}]},"3":{"name":"冰雪故园的终期","set":"冰风迷途的勇士","level":20,"main":{"key":"atk","value":46.6},"attrs":[{"key":"cdmg","value":34.2},{"key":"recharge","value":12.3},{"key":"defPlus","value":23},{"key":"hp","value":5.3}]},"4":{"name":"迷误者之灯","set":"深林的记忆","level":20,"main":{"key":"cryo","value":46.6},"attrs":[{"key":"cdmg","value":6.2},{"key":"atk","value":8.7},{"key":"hpPlus","value":448},{"key":"cpct","value":9.7}]},"5":{"name":"破冰踏雪的回音","set":"冰风迷途的勇士","level":20,"main":{"key":"cdmg","value":62.2},"attrs":[{"key":"cpct","value":2.7},{"key":"mastery","value":19},{"key":"atk","value":24.5},{"key":"atkPlus","value":39}]}},"dataSource":"enka","_time":1675502488297},"10000037":{"id":10000037,"name":"甘雨","elem":"cryo","level":90,"promote":6,"fetter":10,"costume":0,"cons":0,"talent":{"a":10,"e":6,"q":6},"attr":{"atk":2823.5478289860475,"atkBase":942.9243774414062,"def":713.187255859375,"defBase":630.214599609375,"hp":15731.712890625,"hpBase":9796.7294921875,"mastery":121.95999908447266,"recharge":100,"heal":0,"cpct":57.49000310897827,"cdmg":213.5200023651123,"dmg":0,"phy":0},"weapon":{"name":"阿莫斯之弓","star":5,"level":90,"promote":6,"affix":1},"artis":{"1":{"name":"乐团的晨光","set":"流浪大地的乐团","level":20,"main":{"key":"hpPlus","value":4780},"attrs":[{"key":"mastery","value":21},{"key":"cpct","value":7.8},{"key":"cdmg","value":22.5},{"key":"atkPlus","value":35}]},"2":{"name":"琴师的箭羽","set":"流浪大地的乐团","level":20,"main":{"key":"atkPlus","value":311},"attrs":[{"key":"cpct","value":6.2},{"key":"hp","value":4.1},{"key":"atk","value":14.6},{"key":"cdmg","value":14}]},"3":{"name":"终幕的时计","set":"流浪大地的乐团","level":20,"main":{"key":"atk","value":46.6},"attrs":[{"key":"cdmg","value":7},{"key":"atkPlus","value":35},{"key":"cpct","value":16.7},{"key":"mastery","value":21}]},"4":{"name":"吟游者之壶","set":"流浪大地的乐团","level":20,"main":{"key":"atk","value":46.6},"attrs":[{"key":"atkPlus","value":16},{"key":"cpct","value":9.7},{"key":"def","value":7.3},{"key":"cdmg","value":19.4}]},"5":{"name":"指挥的礼帽","set":"流浪大地的乐团","level":20,"main":{"key":"cdmg","value":62.2},"attrs":[{"key":"hp","value":4.7},{"key":"hpPlus","value":299},{"key":"cpct","value":12.1},{"key":"defPlus","value":37}]}},"dataSource":"enka","_time":1675502488296},"10000042":{"id":10000042,"name":"刻晴","elem":"electro","level":90,"promote":6,"fetter":10,"costume":0,"cons":2,"talent":{"a":8,"e":10,"q":10},"attr":{"atk":1893.3827234090932,"atkBase":930.9654541015625,"def":857.1565551757812,"defBase":799.2965698242188,"hp":21625.376953125,"hpBase":13103.125,"mastery":132.8800048828125,"recharge":120.0700044631958,"heal":0,"cpct":95.22680044174194,"cdmg":146.6800093650818,"dmg":61.60000014305115,"phy":0},"weapon":{"name":"波乱月白经津","star":5,"level":90,"promote":6,"affix":1},"artis":{"1":{"name":"雷鸟的怜悯","set":"如雷的盛怒","level":20,"main":{"key":"hpPlus","value":4780},"attrs":[{"key":"atk","value":4.1},{"key":"mastery","value":61},{"key":"cdmg","value":11.7},{"key":"cpct","value":8.9}]},"2":{"name":"雷灾的孑遗","set":"如雷的盛怒","level":20,"main":{"key":"atkPlus","value":311},"attrs":[{"key":"atk","value":15.7},{"key":"cdmg","value":21},{"key":"hp","value":8.7},{"key":"recharge","value":5.2}]},"3":{"name":"雷霆的时计","set":"如雷的盛怒","level":20,"main":{"key":"atk","value":46.6},"attrs":[{"key":"mastery","value":37},{"key":"hp","value":4.1},{"key":"recharge","value":14.9},{"key":"cpct","value":10.1}]},"4":{"name":"祈望之心","set":"追忆之注连","level":20,"main":{"key":"electro","value":46.6},"attrs":[{"key":"defPlus","value":16},{"key":"cpct","value":7},{"key":"cdmg","value":13.2},{"key":"hp","value":15.7}]},"5":{"name":"唤雷的头冠","set":"如雷的盛怒","level":20,"main":{"key":"cpct","value":31.1},"attrs":[{"key":"mastery","value":35},{"key":"cdmg","value":12.4},{"key":"defPlus","value":42},{"key":"atkPlus","value":33}]}},"dataSource":"enka","_time":1675502488295},"10000046":{"id":10000046,"name":"胡桃","elem":"pyro","level":90,"promote":6,"fetter":10,"costume":0,"cons":1,"talent":{"a":10,"e":10,"q":10},"attr":{"atk":1390.1862854636056,"atkBase":714.509033203125,"def":979.3734741210938,"defBase":876.1519775390625,"hp":28395.671875,"hpBase":15552.306640625,"mastery":247.11000061035156,"recharge":100,"heal":0,"cpct":62.14998960494995,"cdmg":214.39359188079834,"dmg":61.59999966621399,"phy":0},"weapon":{"name":"护摩之杖","star":5,"level":90,"promote":6,"affix":1},"artis":{"1":{"name":"魔女的炎之花","set":"炽烈的炎之魔女","level":20,"main":{"key":"hpPlus","value":4780},"attrs":[{"key":"mastery","value":61},{"key":"atkPlus","value":19},{"key":"cdmg","value":13.2},{"key":"atk","value":8.2}]},"2":{"name":"魔女常燃之羽","set":"炽烈的炎之魔女","level":20,"main":{"key":"atkPlus","value":311},"attrs":[{"key":"cpct","value":10.5},{"key":"hp","value":8.7},{"key":"atk","value":10.5},{"key":"cdmg","value":14}]},"3":{"name":"冰雪故园的终期","set":"冰风迷途的勇士","level":20,"main":{"key":"mastery","value":187},"attrs":[{"key":"cdmg","value":11.7},{"key":"cpct","value":15.6},{"key":"def","value":7.3},{"key":"hp","value":4.7}]},"4":{"name":"魔女的心之火","set":"炽烈的炎之魔女","level":20,"main":{"key":"pyro","value":46.6},"attrs":[{"key":"atk","value":9.9},{"key":"atkPlus","value":31},{"key":"hpPlus","value":239},{"key":"hp","value":16.9}]},"5":{"name":"焦灼的魔女帽","set":"炽烈的炎之魔女","level":20,"main":{"key":"cpct","value":31.1},"attrs":[{"key":"cdmg","value":21},{"key":"atk","value":10.5},{"key":"defPlus","value":39},{"key":"atkPlus","value":35}]}},"dataSource":"enka","_time":1675502488290},"10000047":{"id":10000047,"name":"枫原万叶","elem":"anemo","level":90,"promote":6,"fetter":10,"costume":0,"cons":0,"talent":{"a":4,"e":9,"q":9},"attr":{"atk":1077.6963470200208,"atkBase":684.24072265625,"def":991.1542358398438,"defBase":806.9820556640625,"hp":21643.93359375,"hpBase":13348.04296875,"mastery":936.8760375976562,"recharge":145.38754224777222,"heal":0,"cpct":34.54999923706055,"cdmg":70.20999789237976,"dmg":15.000000596046448,"phy":0},"weapon":{"name":"西福斯的月光","star":4,"level":70,"promote":4,"affix":1},"artis":{"1":{"name":"野花记忆的绿野","set":"翠绿之影","level":20,"main":{"key":"hpPlus","value":4780},"attrs":[{"key":"cpct","value":7},{"key":"mastery","value":56},{"key":"defPlus","value":60},{"key":"recharge","value":5.2}]},"2":{"name":"猎人青翠的箭羽","set":"翠绿之影","level":20,"main":{"key":"atkPlus","value":311},"attrs":[{"key":"cpct","value":9.7},{"key":"hpPlus","value":478},{"key":"mastery","value":70},{"key":"def","value":5.1}]},"3":{"name":"翠绿猎人的笃定","set":"翠绿之影","level":20,"main":{"key":"mastery","value":187},"attrs":[{"key":"hpPlus","value":508},{"key":"cpct","value":12.8},{"key":"def","value":5.1},{"key":"atkPlus","value":16}]},"4":{"name":"祈望之心","set":"追忆之注连","level":20,"main":{"key":"mastery","value":187},"attrs":[{"key":"hpPlus","value":777},{"key":"cdmg","value":20.2},{"key":"recharge","value":6.5},{"key":"atk","value":4.7}]},"5":{"name":"翠绿的猎人之冠","set":"翠绿之影","level":20,"main":{"key":"mastery","value":187},"attrs":[{"key":"hp","value":9.3},{"key":"defPlus","value":42},{"key":"hpPlus","value":508},{"key":"atkPlus","value":35}]}},"dataSource":"enka","_time":1675502488296},"10000052":{"id":10000052,"name":"雷电将军","elem":"electro","level":90,"promote":6,"fetter":10,"costume":0,"cons":0,"talent":{"a":7,"e":9,"q":10},"attr":{"atk":1223.9874877929688,"atkBase":846.8474731445312,"def":903.5838623046875,"defBase":789.305419921875,"hp":19042.4453125,"hpBase":12907.1904296875,"mastery":79.25999450683594,"recharge":267.2300100326538,"heal":0,"cpct":55.15999794006348,"cdmg":184.4599962234497,"dmg":46.5999960899353,"phy":0},"weapon":{"name":"「渔获」","star":4,"level":90,"promote":6,"affix":5},"artis":{"1":{"name":"明威之镡","set":"绝缘之旗印","level":20,"main":{"key":"hpPlus","value":4780},"attrs":[{"key":"cpct","value":13.6},{"key":"atkPlus","value":19},{"key":"cdmg","value":19.4},{"key":"defPlus","value":19}]},"2":{"name":"切落之羽","set":"绝缘之旗印","level":20,"main":{"key":"atkPlus","value":311},"attrs":[{"key":"hp","value":10.5},{"key":"recharge","value":11},{"key":"cdmg","value":11.7},{"key":"cpct","value":9.3}]},"3":{"name":"雷云之笼","set":"绝缘之旗印","level":20,"main":{"key":"recharge","value":51.8},"attrs":[{"key":"atkPlus","value":29},{"key":"mastery","value":21},{"key":"cpct","value":7},{"key":"cdmg","value":19.4}]},"4":{"name":"沉波之盏","set":"沉沦之心","level":20,"main":{"key":"electro","value":46.6},"attrs":[{"key":"defPlus","value":44},{"key":"cdmg","value":21.8},{"key":"cpct","value":10.1},{"key":"atkPlus","value":18}]},"5":{"name":"华饰之兜","set":"绝缘之旗印","level":20,"main":{"key":"cdmg","value":62.2},"attrs":[{"key":"mastery","value":58},{"key":"cpct","value":10.1},{"key":"def","value":6.6},{"key":"recharge","value":6.5}]}},"dataSource":"enka","_time":1675502488290},"10000058":{"id":10000058,"name":"八重神子","elem":"electro","level":79,"promote":5,"fetter":8,"costume":0,"cons":0,"talent":{"a":1,"e":8,"q":8},"attr":{"atk":1776.6440814441157,"atkBase":754.259033203125,"def":676.6959838867188,"defBase":497.7929382324219,"hp":14656.720703125,"hpBase":9078.560546875,"mastery":44.28999710083008,"recharge":122.67000675201416,"heal":0,"cpct":82.42919445037842,"cdmg":188.35999965667725,"dmg":46.59999907016754,"phy":0},"weapon":{"name":"四风原典","star":5,"level":70,"promote":4,"affix":2},"artis":{"1":{"name":"平雷之心","set":"平息鸣雷的尊者","level":20,"main":{"key":"hpPlus","value":4780},"attrs":[{"key":"cpct","value":6.6},{"key":"hp","value":5.8},{"key":"defPlus","value":16},{"key":"cdmg","value":32.6}]},"2":{"name":"思忆之矢","set":"追忆之注连","level":20,"main":{"key":"atkPlus","value":311},"attrs":[{"key":"cdmg","value":18.7},{"key":"hpPlus","value":269},{"key":"cpct","value":5.8},{"key":"defPlus","value":39}]},"3":{"name":"祝祀之凭","set":"来歆余响","level":20,"main":{"key":"atk","value":46.6},"attrs":[{"key":"cdmg","value":14},{"key":"atkPlus","value":14},{"key":"cpct","value":8.2},{"key":"mastery","value":44}]},"4":{"name":"祈望之心","set":"追忆之注连","level":20,"main":{"key":"electro","value":46.6},"attrs":[{"key":"cdmg","value":10.9},{"key":"recharge","value":16.2},{"key":"cpct","value":7.8},{"key":"def","value":7.3}]},"5":{"name":"浮溯之珏","set":"来歆余响","level":20,"main":{"key":"cdmg","value":62.2},"attrs":[{"key":"def","value":17.5},{"key":"cpct","value":7.4},{"key":"recharge","value":6.5},{"key":"atk","value":9.9}]}},"dataSource":"enka","_time":1675502488300},"10000060":{"id":10000060,"name":"夜兰","elem":"hydro","level":90,"promote":6,"fetter":10,"costume":0,"cons":0,"talent":{"a":4,"e":8,"q":9},"attr":{"atk":1133.322028458817,"atkBase":590.6148681640625,"def":547.9793090820312,"defBase":547.9793090820312,"hp":33283.453125,"hpBase":14450.17578125,"mastery":0,"recharge":170.4798698425293,"heal":0,"cpct":43.63999962806702,"cdmg":193.7899947166443,"dmg":61.59999966621399,"phy":0},"weapon":{"name":"西风猎弓","star":4,"level":70,"promote":4,"affix":5},"artis":{"1":{"name":"明威之镡","set":"绝缘之旗印","level":20,"main":{"key":"hpPlus","value":4780},"attrs":[{"key":"cdmg","value":24.1},{"key":"atkPlus","value":19},{"key":"cpct","value":3.1},{"key":"hp","value":10.5}]},"2":{"name":"追忆之风","set":"沉沦之心","level":20,"main":{"key":"atkPlus","value":311},"attrs":[{"key":"cpct","value":6.6},{"key":"hpPlus","value":508},{"key":"cdmg","value":21.8},{"key":"atk","value":9.9}]},"3":{"name":"雷云之笼","set":"绝缘之旗印","level":20,"main":{"key":"hp","value":46.6},"attrs":[{"key":"hpPlus","value":747},{"key":"atkPlus","value":16},{"key":"cpct","value":5.8},{"key":"cdmg","value":13.2}]},"4":{"name":"沉波之盏","set":"沉沦之心","level":20,"main":{"key":"hydro","value":46.6},"attrs":[{"key":"atkPlus","value":35},{"key":"atk","value":4.7},{"key":"hp","value":10.5},{"key":"cdmg","value":22.5}]},"5":{"name":"浮溯之珏","set":"来歆余响","level":20,"main":{"key":"cdmg","value":62.2},"attrs":[{"key":"hp","value":21},{"key":"cpct","value":3.9},{"key":"atk","value":10.5},{"key":"atkPlus","value":14}]}},"dataSource":"enka","_time":1675502488297}}}