{"uid":"194565238","chars":{"10000003":{"id":10000003,"name":"琴","elem":"anemo","level":70,"promote":4,"fetter":4,"costume":0,"cons":2,"talent":{"a":1,"e":1,"q":1},"attr":{"atk":2284.777401098021,"atkBase":637.3587646484375,"def":822.21337890625,"defBase":588.0202026367188,"hp":18284.71484375,"hpBase":11243.2080078125,"mastery":0,"recharge":130.430006980896,"heal":46.97999954223633,"cpct":25.220000743865967,"cdmg":95.8400011062622,"dmg":0,"phy":0},"weapon":{"name":"天目影打刀","star":4,"level":90,"promote":6,"affix":2},"artis":{"1":{"name":"历经风雪的思念","set":"冰风迷途的勇士","level":20,"main":{"key":"hpPlus","value":4780},"attrs":[{"key":"cdmg","value":10.9},{"key":"atk","value":11.1},{"key":"atkPlus","value":33},{"key":"recharge","value":14.9}]},"2":{"name":"角斗士的归宿","set":"角斗士的终幕礼","level":20,"main":{"key":"atkPlus","value":311},"attrs":[{"key":"recharge","value":6.5},{"key":"cdmg","value":7.8},{"key":"atk","value":14.6},{"key":"cpct","value":12.4}]},"3":{"name":"角斗士的希冀","set":"角斗士的终幕礼","level":20,"main":{"key":"atk","value":46.6},"attrs":[{"key":"atkPlus","value":45},{"key":"hp","value":11.1},{"key":"cdmg","value":13.2},{"key":"hpPlus","value":508}]},"4":{"name":"绯花之壶","set":"绝缘之旗印","level":20,"main":{"key":"atk","value":46.6},"attrs":[{"key":"def","value":20.4},{"key":"hpPlus","value":508},{"key":"defPlus","value":37},{"key":"cpct","value":7.8}]},"5":{"name":"少女易逝的芳颜","set":"被怜爱的少女","level":20,"main":{"key":"heal","value":35.9},"attrs":[{"key":"atkPlus","value":35},{"key":"def","value":13.1},{"key":"recharge","value":9.1},{"key":"cdmg","value":14}]}},"dataSource":"enka","_time":1675584374455},"10000022":{"id":10000022,"name":"温迪","elem":"anemo","level":90,"promote":6,"fetter":8,"costume":0,"cons":0,"talent":{"a":6,"e":6,"q":8},"attr":{"atk":1256.2504375077115,"atkBase":795.3287353515625,"def":798.5303955078125,"defBase":668.642333984375,"hp":16267.4931640625,"hpBase":10531.4833984375,"mastery":272.75,"recharge":143.65999698638916,"heal":0,"cpct":23.659999668598175,"cdmg":133.94999504089355,"dmg":0,"phy":0},"weapon":{"name":"阿莫斯之弓","star":5,"level":80,"promote":5,"affix":2},"artis":{"1":{"name":"众王之都的开端","set":"沙上楼阁史话","level":20,"main":{"key":"hpPlus","value":4780},"attrs":[{"key":"cdmg","value":14.8},{"key":"atk","value":10.5},{"key":"atkPlus","value":18},{"key":"mastery","value":86}]},"3":{"name":"翠绿猎人的笃定","set":"翠绿之影","level":20,"main":{"key":"mastery","value":187},"attrs":[{"key":"cpct","value":9.7},{"key":"cdmg","value":7},{"key":"defPlus","value":32},{"key":"hpPlus","value":478}]},"5":{"name":"角斗士的凯旋","set":"角斗士的终幕礼","level":20,"main":{"key":"cdmg","value":62.2},"attrs":[{"key":"recharge","value":11.7},{"key":"hpPlus","value":478},{"key":"def","value":14.6},{"key":"cpct","value":8.9}]}},"dataSource":"enka","_time":1675584374449},"10000026":{"id":10000026,"name":"魈","elem":"anemo","level":81,"promote":6,"fetter":2,"costume":0,"cons":0,"talent":{"a":9,"e":1,"q":6},"attr":{"atk":2046.812888967237,"atkBase":714.7583618164062,"def":815.839111328125,"defBase":748.7091064453125,"hp":18927.046875,"hpBase":11929.6962890625,"mastery":0,"recharge":105.83000183105469,"heal":0,"cpct":63.4600043296814,"cdmg":178.2500147819519,"dmg":61.59999966621399,"phy":0},"weapon":{"name":"风信之锋","star":4,"level":70,"promote":4,"affix":5},"artis":{"1":{"name":"野花记忆的绿野","set":"翠绿之影","level":20,"main":{"key":"hpPlus","value":4780},"attrs":[{"key":"atk","value":10.5},{"key":"atkPlus","value":18},{"key":"cdmg","value":21.8},{"key":"cpct","value":8.2}]},"2":{"name":"猎人青翠的箭羽","set":"翠绿之影","level":20,"main":{"key":"atkPlus","value":311},"attrs":[{"key":"cpct","value":8.2},{"key":"cdmg","value":6.2},{"key":"atk","value":14},{"key":"hp","value":5.3}]},"3":{"name":"角斗士的希冀","set":"角斗士的终幕礼","level":20,"main":{"key":"atk","value":46.6},"attrs":[{"key":"hp","value":9.3},{"key":"cdmg","value":26.4},{"key":"atkPlus","value":18},{"key":"cpct","value":6.6}]},"4":{"name":"角斗士的酣醉","set":"角斗士的终幕礼","level":20,"main":{"key":"anemo","value":46.6},"attrs":[{"key":"cdmg","value":11.7},{"key":"cpct","value":10.5},{"key":"hpPlus","value":478},{"key":"recharge","value":5.8}]},"5":{"name":"酒渍船帽","set":"沉沦之心","level":20,"main":{"key":"cdmg","value":62.2},"attrs":[{"key":"defPlus","value":67},{"key":"cpct","value":5.8},{"key":"atk","value":9.9},{"key":"atkPlus","value":35}]}},"dataSource":"enka","_time":1675584374496},"10000043":{"id":10000043,"name":"砂糖","elem":"anemo","level":50,"promote":2,"fetter":1,"costume":0,"cons":0,"talent":{"a":1,"e":1,"q":1},"attr":{"atk":199.0207061767578,"atkBase":199.0207061767578,"def":372.73883056640625,"defBase":372.73883056640625,"hp":4901.12548828125,"hpBase":4901.12548828125,"mastery":0,"recharge":117.66999959945679,"heal":0,"cpct":5.000000074505806,"cdmg":50,"dmg":5.999999865889549,"phy":0},"weapon":{"name":"西风秘典","star":4,"level":20,"promote":1,"affix":4},"artis":{},"dataSource":"enka","_time":1675584374501},"10000053":{"id":10000053,"name":"早柚","elem":"anemo","level":70,"promote":4,"fetter":3,"costume":0,"cons":3,"talent":{"a":1,"e":2,"q":6},"attr":{"atk":211.92892456054688,"atkBase":211.92892456054688,"def":575.2142944335938,"defBase":575.2142944335938,"hp":9156.7412109375,"hpBase":9156.7412109375,"mastery":48,"recharge":100,"heal":0,"cpct":5.000000074505806,"cdmg":50,"dmg":0,"phy":0},"weapon":{"name":"训练大剑","star":1,"level":1,"promote":0,"affix":1},"artis":{},"dataSource":"enka","_time":1675584374495},"10000059":{"id":10000059,"name":"鹿野院平藏","elem":"anemo","level":70,"promote":4,"fetter":6,"costume":0,"cons":3,"talent":{"a":3,"e":6,"q":4},"attr":{"atk":787.1454522651475,"atkBase":683.5233154296875,"def":600.7595825195312,"defBase":528.290283203125,"hp":8232.666015625,"hpBase":8232.666015625,"mastery":0,"recharge":111.01000308990479,"heal":0,"cpct":5.000000074505806,"cdmg":167.32800006866455,"dmg":11.999999731779099,"phy":0},"weapon":{"name":"流浪乐章","star":4,"level":90,"promote":6,"affix":2},"artis":{"5":{"name":"流沙贵嗣的遗宝","set":"沙上楼阁史话","level":20,"main":{"key":"cdmg","value":62.2},"attrs":[{"key":"atk","value":15.2},{"key":"def","value":5.8},{"key":"defPlus","value":42},{"key":"recharge","value":11}]}},"dataSource":"enka","_time":1675584374492},"10000075":{"id":10000075,"name":"流浪者","elem":"anemo","level":86,"promote":6,"fetter":8,"costume":0,"cons":0,"talent":{"a":9,"e":6,"q":4},"attr":{"atk":1586.241528059505,"atkBase":992.7745361328125,"def":673.3876953125,"defBase":590.0477294921875,"hp":15165.5517578125,"hpBase":9877.671875,"mastery":18.649999618530273,"recharge":105.83000183105469,"heal":0,"cpct":63.08000087738037,"cdmg":133.73241424560547,"dmg":0,"phy":0},"weapon":{"name":"图莱杜拉的回忆","star":5,"level":90,"promote":6,"affix":1},"artis":{"1":{"name":"野花记忆的绿野","set":"翠绿之影","level":20,"main":{"key":"hpPlus","value":4780},"attrs":[{"key":"cpct","value":7.8},{"key":"atkPlus","value":53},{"key":"cdmg","value":18.7},{"key":"mastery","value":19}]},"2":{"name":"少女飘摇的思念","set":"被怜爱的少女","level":20,"main":{"key":"atkPlus","value":311},"attrs":[{"key":"atk","value":13.4},{"key":"hpPlus","value":508},{"key":"recharge","value":5.8},{"key":"defPlus","value":42}]},"5":{"name":"指挥的礼帽","set":"流浪大地的乐团","level":20,"main":{"key":"cpct","value":31.1},"attrs":[{"key":"atk","value":4.1},{"key":"defPlus","value":42},{"key":"cdmg","value":21},{"key":"atkPlus","value":56}]}},"dataSource":"enka","_time":1675584374497},"10000076":{"id":10000076,"name":"珐露珊","elem":"anemo","level":70,"promote":4,"fetter":8,"costume":0,"cons":0,"talent":{"a":1,"e":1,"q":6},"attr":{"atk":1080.6021576836065,"atkBase":498.42047119140625,"def":941.05712890625,"defBase":485.05694580078125,"hp":15156.779296875,"hpBase":7392.59814453125,"mastery":55.94999694824219,"recharge":257.9798698425293,"heal":0,"cpct":13.940000534057617,"cdmg":60.87999939918518,"dmg":46.59999907016754,"phy":0},"weapon":{"name":"西风猎弓","star":4,"level":70,"promote":4,"affix":5},"artis":{"1":{"name":"宗室之花","set":"昔日宗室之仪","level":20,"main":{"key":"hpPlus","value":4780},"attrs":[{"key":"recharge","value":14.9},{"key":"cdmg","value":10.9},{"key":"atkPlus","value":16},{"key":"hp","value":8.7}]},"2":{"name":"宗室之翎","set":"昔日宗室之仪","level":20,"main":{"key":"atkPlus","value":311},"attrs":[{"key":"atk","value":10.5},{"key":"hp","value":11.1},{"key":"recharge","value":10.4},{"key":"def","value":21.9}]},"3":{"name":"金铜时晷","set":"千岩牢固","level":20,"main":{"key":"recharge","value":51.8},"attrs":[{"key":"hpPlus","value":269},{"key":"atk","value":8.7},{"key":"hp","value":16.9},{"key":"cpct","value":8.9}]},"4":{"name":"翠绿猎人的容器","set":"翠绿之影","level":20,"main":{"key":"hydro","value":46.6},"attrs":[{"key":"atk","value":11.1},{"key":"atkPlus","value":16},{"key":"mastery","value":37},{"key":"recharge","value":18.1}]},"5":{"name":"流沙贵嗣的遗宝","set":"沙上楼阁史话","level":20,"main":{"key":"def","value":58.3},"attrs":[{"key":"defPlus","value":67},{"key":"recharge","value":12.3},{"key":"atkPlus","value":29},{"key":"mastery","value":19}]}},"dataSource":"enka","_time":1675584374488}}}