{
  "uid": "200827967",
  "name": "",
  "level": "",
  "word": "",
  "face": "",
  "card": "",
  "sign": "",
  "info": false,
  "avatars": {
    "10000002": {
      "name": "神里绫华",
      "id": 10000002,
      "elem": "cryo",
      "level": 90,
      "promote": 6,
      "fetter": 10,
      "costume": 0,
      "cons": 0,
      "talent": {
        "a": 8,
        "e": 8,
        "q": 10
      },
      "weapon": {
        "name": "黑剑",
        "level": 90,
        "promote": 6,
        "affix": 3
      },
      "artis": {
        "1": {
          "name": "历经风雪的思念",
          "level": 20,
          "star": 5,
          "main": {
            "key": "hpPlus",
            "value": 4780
          },
          "attrs": [
            {
              "key": "atk",
              "value": 4.1
            },
            {
              "key": "cdmg",
              "value": 22.5
            },
            {
              "key": "cpct",
              "value": 6.6
            },
            {
              "key": "def",
              "value": 13.9
            }
          ]
        },
        "2": {
          "name": "摧冰而行的执望",
          "level": 20,
          "star": 5,
          "main": {
            "key": "atkPlus",
            "value": 311
          },
          "attrs": [
            {
              "key": "defPlus",
              "value": 19
            },
            {
              "key": "hpPlus",
              "value": 747
            },
            {
              "key": "cdmg",
              "value": 22.5
            },
            {
              "key": "cpct",
              "value": 3.1
            }
          ]
        },
        "3": {
          "name": "冰雪故园的终期",
          "level": 20,
          "star": 5,
          "main": {
            "key": "atk",
            "value": 46.6
          },
          "attrs": [
            {
              "key": "def",
              "value": 18.2
            },
            {
              "key": "hpPlus",
              "value": 209
            },
            {
              "key": "mastery",
              "value": 44
            },
            {
              "key": "cdmg",
              "value": 17.1
            }
          ]
        },
        "4": {
          "name": "角斗士的酣醉",
          "level": 20,
          "star": 5,
          "main": {
            "key": "cryo",
            "value": 46.6
          },
          "attrs": [
            {
              "key": "defPlus",
              "value": 19
            },
            {
              "key": "cdmg",
              "value": 17.1
            },
            {
              "key": "hp",
              "value": 15.7
            },
            {
              "key": "atk",
              "value": 8.7
            }
          ]
        },
        "5": {
          "name": "破冰踏雪的回音",
          "level": 20,
          "star": 5,
          "main": {
            "key": "cdmg",
            "value": 62.2
          },
          "attrs": [
            {
              "key": "cpct",
              "value": 6.6
            },
            {
              "key": "defPlus",
              "value": 23
            },
            {
              "key": "recharge",
              "value": 20.7
            },
            {
              "key": "def",
              "value": 5.1
            }
          ]
        }
      },
      "_source": "enka",
      "_time": 1676697320179,
      "_update": 1677557576113,
      "_talent": 1677557576113
    },
    "10000037": {
      "name": "甘雨",
      "id": 10000037,
      "elem": "cryo",
      "level": 90,
      "promote": 6,
      "fetter": 10,
      "costume": 0,
      "cons": 0,
      "talent": {
        "a": 10,
        "e": 4,
        "q": 7
      },
      "weapon": {
        "name": "破魔之弓",
        "level": 90,
        "promote": 6,
        "affix": 5
      },
      "artis": {
        "1": {
          "name": "乐团的晨光",
          "level": 20,
          "star": 5,
          "main": {
            "key": "hpPlus",
            "value": 4780
          },
          "attrs": [
            {
              "key": "cdmg",
              "value": 20.2
            },
            {
              "key": "cpct",
              "value": 7
            },
            {
              "key": "hp",
              "value": 8.2
            },
            {
              "key": "recharge",
              "value": 5.8
            }
          ]
        },
        "2": {
          "name": "琴师的箭羽",
          "level": 20,
          "star": 5,
          "main": {
            "key": "atkPlus",
            "value": 311
          },
          "attrs": [
            {
              "key": "mastery",
              "value": 21
            },
            {
              "key": "cdmg",
              "value": 25.6
            },
            {
              "key": "cpct",
              "value": 7.8
            },
            {
              "key": "defPlus",
              "value": 35
            }
          ]
        },
        "3": {
          "name": "终幕的时计",
          "level": 20,
          "star": 5,
          "main": {
            "key": "atk",
            "value": 46.6
          },
          "attrs": [
            {
              "key": "cdmg",
              "value": 14
            },
            {
              "key": "cpct",
              "value": 5.8
            },
            {
              "key": "atkPlus",
              "value": 37
            },
            {
              "key": "def",
              "value": 10.9
            }
          ]
        },
        "4": {
          "name": "翠绿猎人的容器",
          "level": 20,
          "star": 5,
          "main": {
            "key": "cryo",
            "value": 46.6
          },
          "attrs": [
            {
              "key": "hpPlus",
              "value": 508
            },
            {
              "key": "atk",
              "value": 4.1
            },
            {
              "key": "cdmg",
              "value": 21
            },
            {
              "key": "cpct",
              "value": 6.2
            }
          ]
        },
        "5": {
          "name": "指挥的礼帽",
          "level": 20,
          "star": 5,
          "main": {
            "key": "cdmg",
            "value": 62.2
          },
          "attrs": [
            {
              "key": "recharge",
              "value": 11.7
            },
            {
              "key": "defPlus",
              "value": 23
            },
            {
              "key": "cpct",
              "value": 12.8
            },
            {
              "key": "hpPlus",
              "value": 508
            }
          ]
        }
      },
      "_source": "enka",
      "_time": 1676697320178,
      "_update": 1677557576113,
      "_talent": 1677557576113
    },
    "10000046": {
      "name": "胡桃",
      "id": 10000046,
      "elem": "pyro",
      "level": 83,
      "promote": 6,
      "fetter": 4,
      "costume": 0,
      "cons": 1,
      "talent": {
        "a": 8,
        "e": 8,
        "q": 8
      },
      "weapon": {
        "name": "匣里灭辰",
        "level": 90,
        "promote": 6,
        "affix": 5
      },
      "artis": {
        "1": {
          "name": "魔女的炎之花",
          "level": 20,
          "star": 5,
          "main": {
            "key": "hpPlus",
            "value": 4780
          },
          "attrs": [
            {
              "key": "cdmg",
              "value": 19.4
            },
            {
              "key": "atkPlus",
              "value": 14
            },
            {
              "key": "cpct",
              "value": 9.7
            },
            {
              "key": "atk",
              "value": 4.1
            }
          ]
        },
        "2": {
          "name": "魔女常燃之羽",
          "level": 20,
          "star": 5,
          "main": {
            "key": "atkPlus",
            "value": 311
          },
          "attrs": [
            {
              "key": "hp",
              "value": 10.5
            },
            {
              "key": "cpct",
              "value": 3.5
            },
            {
              "key": "cdmg",
              "value": 27.2
            },
            {
              "key": "hpPlus",
              "value": 508
            }
          ]
        },
        "3": {
          "name": "魔女破灭之时",
          "level": 20,
          "star": 5,
          "main": {
            "key": "hp",
            "value": 46.6
          },
          "attrs": [
            {
              "key": "cdmg",
              "value": 7
            },
            {
              "key": "cpct",
              "value": 9.7
            },
            {
              "key": "atk",
              "value": 4.7
            },
            {
              "key": "mastery",
              "value": 51
            }
          ]
        },
        "4": {
          "name": "角斗士的酣醉",
          "level": 20,
          "star": 5,
          "main": {
            "key": "pyro",
            "value": 46.6
          },
          "attrs": [
            {
              "key": "defPlus",
              "value": 49
            },
            {
              "key": "cpct",
              "value": 7
            },
            {
              "key": "hp",
              "value": 4.7
            },
            {
              "key": "cdmg",
              "value": 20.2
            }
          ]
        },
        "5": {
          "name": "焦灼的魔女帽",
          "level": 20,
          "star": 5,
          "main": {
            "key": "cdmg",
            "value": 62.2
          },
          "attrs": [
            {
              "key": "hp",
              "value": 10.5
            },
            {
              "key": "defPlus",
              "value": 35
            },
            {
              "key": "atkPlus",
              "value": 33
            },
            {
              "key": "mastery",
              "value": 44
            }
          ]
        }
      },
      "_source": "enka",
      "_time": 1676697320180,
      "_update": 1677557576114,
      "_talent": 1677557576114
    },
    "10000051": {
      "name": "优菈",
      "id": 10000051,
      "elem": "cryo",
      "level": 90,
      "promote": 6,
      "fetter": 10,
      "costume": 0,
      "cons": 0,
      "talent": {
        "a": 9,
        "e": 9,
        "q": 10
      },
      "weapon": {
        "name": "螭骨剑",
        "level": 90,
        "promote": 6,
        "affix": 1
      },
      "artis": {
        "1": {
          "name": "无垢之花",
          "level": 20,
          "star": 5,
          "main": {
            "key": "hpPlus",
            "value": 4780
          },
          "attrs": [
            {
              "key": "defPlus",
              "value": 56
            },
            {
              "key": "cdmg",
              "value": 20.2
            },
            {
              "key": "atkPlus",
              "value": 16
            },
            {
              "key": "def",
              "value": 7.3
            }
          ]
        },
        "2": {
          "name": "贤医之羽",
          "level": 20,
          "star": 5,
          "main": {
            "key": "atkPlus",
            "value": 311
          },
          "attrs": [
            {
              "key": "recharge",
              "value": 11
            },
            {
              "key": "cdmg",
              "value": 21.8
            },
            {
              "key": "hpPlus",
              "value": 508
            },
            {
              "key": "cpct",
              "value": 7
            }
          ]
        },
        "3": {
          "name": "停摆之刻",
          "level": 20,
          "star": 5,
          "main": {
            "key": "atk",
            "value": 46.6
          },
          "attrs": [
            {
              "key": "cdmg",
              "value": 21
            },
            {
              "key": "hp",
              "value": 5.3
            },
            {
              "key": "atkPlus",
              "value": 27
            },
            {
              "key": "def",
              "value": 10.2
            }
          ]
        },
        "4": {
          "name": "绯花之壶",
          "level": 20,
          "star": 5,
          "main": {
            "key": "phy",
            "value": 58.3
          },
          "attrs": [
            {
              "key": "atk",
              "value": 10.5
            },
            {
              "key": "cdmg",
              "value": 12.4
            },
            {
              "key": "atkPlus",
              "value": 37
            },
            {
              "key": "defPlus",
              "value": 35
            }
          ]
        },
        "5": {
          "name": "嗤笑之面",
          "level": 20,
          "star": 5,
          "main": {
            "key": "cdmg",
            "value": 62.2
          },
          "attrs": [
            {
              "key": "cpct",
              "value": 8.6
            },
            {
              "key": "hpPlus",
              "value": 478
            },
            {
              "key": "recharge",
              "value": 10.4
            },
            {
              "key": "hp",
              "value": 5.8
            }
          ]
        }
      },
      "_source": "enka",
      "_time": 1676697320178,
      "_update": 1677557576114,
      "_talent": 1677557576114
    },
    "10000052": {
      "name": "雷电将军",
      "id": 10000052,
      "elem": "electro",
      "level": 90,
      "promote": 6,
      "fetter": 10,
      "costume": 0,
      "cons": 1,
      "talent": {
        "a": 4,
        "e": 8,
        "q": 10
      },
      "weapon": {
        "name": "薙草之稻光",
        "level": 60,
        "promote": 3,
        "affix": 1
      },
      "artis": {
        "1": {
          "name": "明威之镡",
          "level": 20,
          "star": 5,
          "main": {
            "key": "hpPlus",
            "value": 4780
          },
          "attrs": [
            {
              "key": "atkPlus",
              "value": 53
            },
            {
              "key": "recharge",
              "value": 5.8
            },
            {
              "key": "cdmg",
              "value": 15.5
            },
            {
              "key": "cpct",
              "value": 7
            }
          ]
        },
        "2": {
          "name": "切落之羽",
          "level": 20,
          "star": 5,
          "main": {
            "key": "atkPlus",
            "value": 311
          },
          "attrs": [
            {
              "key": "cpct",
              "value": 6.6
            },
            {
              "key": "cdmg",
              "value": 18.7
            },
            {
              "key": "defPlus",
              "value": 39
            },
            {
              "key": "hp",
              "value": 11.1
            }
          ]
        },
        "3": {
          "name": "角斗士的希冀",
          "level": 20,
          "star": 5,
          "main": {
            "key": "recharge",
            "value": 51.8
          },
          "attrs": [
            {
              "key": "cpct",
              "value": 10.1
            },
            {
              "key": "atkPlus",
              "value": 19
            },
            {
              "key": "cdmg",
              "value": 12.4
            },
            {
              "key": "hpPlus",
              "value": 508
            }
          ]
        },
        "4": {
          "name": "绯花之壶",
          "level": 20,
          "star": 5,
          "main": {
            "key": "atk",
            "value": 46.6
          },
          "attrs": [
            {
              "key": "mastery",
              "value": 19
            },
            {
              "key": "recharge",
              "value": 16.8
            },
            {
              "key": "cdmg",
              "value": 11.7
            },
            {
              "key": "atkPlus",
              "value": 35
            }
          ]
        },
        "5": {
          "name": "华饰之兜",
          "level": 20,
          "star": 5,
          "main": {
            "key": "cdmg",
            "value": 62.2
          },
          "attrs": [
            {
              "key": "atk",
              "value": 5.3
            },
            {
              "key": "hp",
              "value": 14.6
            },
            {
              "key": "cpct",
              "value": 10.5
            },
            {
              "key": "recharge",
              "value": 5.2
            }
          ]
        }
      },
      "_source": "enka",
      "_time": 1676697320180,
      "_update": 1677557576114,
      "_talent": 1677557576114
    }
  },
  "chars": {
    "10000002": {
      "id": 10000002,
      "name": "神里绫华",
      "elem": "cryo",
      "level": 90,
      "promote": 6,
      "fetter": 10,
      "costume": 0,
      "cons": 0,
      "talent": {
        "a": 8,
        "e": 8,
        "q": 10
      },
      "attr": {
        "atk": 1668.670203968,
        "atkBase": 851.63104,
        "def": 1135.5007,
        "defBase": 783.9255,
        "hp": 20618.098,
        "hpBase": 12858.207,
        "mastery": 44.29,
        "recharge": 120.72,
        "heal": 0,
        "cpct": 48.894,
        "cdmg": 229.85999999999999,
        "dmg": 61.6,
        "phy": 0
      },
      "weapon": {
        "name": "黑剑",
        "star": 4,
        "level": 90,
        "promote": 6,
        "affix": 3
      },
      "artis": {
        "1": {
          "name": "历经风雪的思念",
          "set": "冰风迷途的勇士",
          "level": 20,
          "main": {
            "key": "hpPlus",
            "value": 4780
          },
          "attrs": [
            {
              "key": "atk",
              "value": 4.1
            },
            {
              "key": "cdmg",
              "value": 22.5
            },
            {
              "key": "cpct",
              "value": 6.6
            },
            {
              "key": "def",
              "value": 13.9
            }
          ]
        },
        "2": {
          "name": "摧冰而行的执望",
          "set": "冰风迷途的勇士",
          "level": 20,
          "main": {
            "key": "atkPlus",
            "value": 311
          },
          "attrs": [
            {
              "key": "defPlus",
              "value": 19
            },
            {
              "key": "hpPlus",
              "value": 747
            },
            {
              "key": "cdmg",
              "value": 22.5
            },
            {
              "key": "cpct",
              "value": 3.1
            }
          ]
        },
        "3": {
          "name": "冰雪故园的终期",
          "set": "冰风迷途的勇士",
          "level": 20,
          "main": {
            "key": "atk",
            "value": 46.6
          },
          "attrs": [
            {
              "key": "def",
              "value": 18.2
            },
            {
              "key": "hpPlus",
              "value": 209
            },
            {
              "key": "mastery",
              "value": 44
            },
            {
              "key": "cdmg",
              "value": 17.1
            }
          ]
        },
        "4": {
          "name": "角斗士的酣醉",
          "set": "角斗士的终幕礼",
          "level": 20,
          "main": {
            "key": "cryo",
            "value": 46.6
          },
          "attrs": [
            {
              "key": "defPlus",
              "value": 19
            },
            {
              "key": "cdmg",
              "value": 17.1
            },
            {
              "key": "hp",
              "value": 15.7
            },
            {
              "key": "atk",
              "value": 8.7
            }
          ]
        },
        "5": {
          "name": "破冰踏雪的回音",
          "set": "冰风迷途的勇士",
          "level": 20,
          "main": {
            "key": "cdmg",
            "value": 62.2
          },
          "attrs": [
            {
              "key": "cpct",
              "value": 6.6
            },
            {
              "key": "defPlus",
              "value": 23
            },
            {
              "key": "recharge",
              "value": 20.7
            },
            {
              "key": "def",
              "value": 5.1
            }
          ]
        }
      },
      "dataSource": "enka",
      "_time": 1676697320179
    },
    "10000037": {
      "id": 10000037,
      "name": "甘雨",
      "elem": "cryo",
      "level": 90,
      "promote": 6,
      "fetter": 10,
      "costume": 0,
      "cons": 0,
      "talent": {
        "a": 10,
        "e": 4,
        "q": 7
      },
      "attr": {
        "atk": 1972.2232852319999,
        "atkBase": 789.2129,
        "def": 756.96704,
        "defBase": 630.2146,
        "hp": 16391.902,
        "hpBase": 9796.7295,
        "mastery": 100.979996,
        "recharge": 117.49000000000001,
        "heal": 0,
        "cpct": 44.660002,
        "cdmg": 231.42000000000002,
        "dmg": 46.6,
        "phy": 0
      },
      "weapon": {
        "name": "破魔之弓",
        "star": 4,
        "level": 90,
        "promote": 6,
        "affix": 5
      },
      "artis": {
        "1": {
          "name": "乐团的晨光",
          "set": "流浪大地的乐团",
          "level": 20,
          "main": {
            "key": "hpPlus",
            "value": 4780
          },
          "attrs": [
            {
              "key": "cdmg",
              "value": 20.2
            },
            {
              "key": "cpct",
              "value": 7
            },
            {
              "key": "hp",
              "value": 8.2
            },
            {
              "key": "recharge",
              "value": 5.8
            }
          ]
        },
        "2": {
          "name": "琴师的箭羽",
          "set": "流浪大地的乐团",
          "level": 20,
          "main": {
            "key": "atkPlus",
            "value": 311
          },
          "attrs": [
            {
              "key": "mastery",
              "value": 21
            },
            {
              "key": "cdmg",
              "value": 25.6
            },
            {
              "key": "cpct",
              "value": 7.8
            },
            {
              "key": "defPlus",
              "value": 35
            }
          ]
        },
        "3": {
          "name": "终幕的时计",
          "set": "流浪大地的乐团",
          "level": 20,
          "main": {
            "key": "atk",
            "value": 46.6
          },
          "attrs": [
            {
              "key": "cdmg",
              "value": 14
            },
            {
              "key": "cpct",
              "value": 5.8
            },
            {
              "key": "atkPlus",
              "value": 37
            },
            {
              "key": "def",
              "value": 10.9
            }
          ]
        },
        "4": {
          "name": "翠绿猎人的容器",
          "set": "翠绿之影",
          "level": 20,
          "main": {
            "key": "cryo",
            "value": 46.6
          },
          "attrs": [
            {
              "key": "hpPlus",
              "value": 508
            },
            {
              "key": "atk",
              "value": 4.1
            },
            {
              "key": "cdmg",
              "value": 21
            },
            {
              "key": "cpct",
              "value": 6.2
            }
          ]
        },
        "5": {
          "name": "指挥的礼帽",
          "set": "流浪大地的乐团",
          "level": 20,
          "main": {
            "key": "cdmg",
            "value": 62.2
          },
          "attrs": [
            {
              "key": "recharge",
              "value": 11.7
            },
            {
              "key": "defPlus",
              "value": 23
            },
            {
              "key": "cpct",
              "value": 12.8
            },
            {
              "key": "hpPlus",
              "value": 508
            }
          ]
        }
      },
      "dataSource": "enka",
      "_time": 1676697320178
    },
    "10000046": {
      "id": 10000046,
      "name": "胡桃",
      "elem": "pyro",
      "level": 83,
      "promote": 6,
      "fetter": 4,
      "costume": 0,
      "cons": 1,
      "talent": {
        "a": 8,
        "e": 8,
        "q": 8
      },
      "attr": {
        "atk": 961.7978450922103,
        "atkBase": 555.55255,
        "def": 916.2974,
        "defBase": 832.9774,
        "hp": 30755.156,
        "hpBase": 14785.924,
        "mastery": 316.09198,
        "recharge": 100,
        "heal": 0,
        "cpct": 34.94,
        "cdmg": 224.42000000000002,
        "dmg": 61.6,
        "phy": 0
      },
      "weapon": {
        "name": "匣里灭辰",
        "star": 4,
        "level": 90,
        "promote": 6,
        "affix": 5
      },
      "artis": {
        "1": {
          "name": "魔女的炎之花",
          "set": "炽烈的炎之魔女",
          "level": 20,
          "main": {
            "key": "hpPlus",
            "value": 4780
          },
          "attrs": [
            {
              "key": "cdmg",
              "value": 19.4
            },
            {
              "key": "atkPlus",
              "value": 14
            },
            {
              "key": "cpct",
              "value": 9.7
            },
            {
              "key": "atk",
              "value": 4.1
            }
          ]
        },
        "2": {
          "name": "魔女常燃之羽",
          "set": "炽烈的炎之魔女",
          "level": 20,
          "main": {
            "key": "atkPlus",
            "value": 311
          },
          "attrs": [
            {
              "key": "hp",
              "value": 10.5
            },
            {
              "key": "cpct",
              "value": 3.5
            },
            {
              "key": "cdmg",
              "value": 27.2
            },
            {
              "key": "hpPlus",
              "value": 508
            }
          ]
        },
        "3": {
          "name": "魔女破灭之时",
          "set": "炽烈的炎之魔女",
          "level": 20,
          "main": {
            "key": "hp",
            "value": 46.6
          },
          "attrs": [
            {
              "key": "cdmg",
              "value": 7
            },
            {
              "key": "cpct",
              "value": 9.7
            },
            {
              "key": "atk",
              "value": 4.7
            },
            {
              "key": "mastery",
              "value": 51
            }
          ]
        },
        "4": {
          "name": "角斗士的酣醉",
          "set": "角斗士的终幕礼",
          "level": 20,
          "main": {
            "key": "pyro",
            "value": 46.6
          },
          "attrs": [
            {
              "key": "defPlus",
              "value": 49
            },
            {
              "key": "cpct",
              "value": 7
            },
            {
              "key": "hp",
              "value": 4.7
            },
            {
              "key": "cdmg",
              "value": 20.2
            }
          ]
        },
        "5": {
          "name": "焦灼的魔女帽",
          "set": "炽烈的炎之魔女",
          "level": 20,
          "main": {
            "key": "cdmg",
            "value": 62.2
          },
          "attrs": [
            {
              "key": "hp",
              "value": 10.5
            },
            {
              "key": "defPlus",
              "value": 35
            },
            {
              "key": "atkPlus",
              "value": 33
            },
            {
              "key": "mastery",
              "value": 44
            }
          ]
        }
      },
      "dataSource": "enka",
      "_time": 1676697320180
    },
    "10000051": {
      "id": 10000051,
      "name": "优菈",
      "elem": "cryo",
      "level": 90,
      "promote": 6,
      "fetter": 10,
      "costume": 0,
      "cons": 0,
      "talent": {
        "a": 9,
        "e": 9,
        "q": 10
      },
      "attr": {
        "atk": 1728.5871466707583,
        "atkBase": 851.63104,
        "def": 972.4762,
        "defBase": 750.8776,
        "hp": 20456.87,
        "hpBase": 13225.584,
        "mastery": 0,
        "recharge": 121.37,
        "heal": 0,
        "cpct": 48.114000000000004,
        "cdmg": 225.95999999999998,
        "dmg": 0,
        "phy": 83.3
      },
      "weapon": {
        "name": "螭骨剑",
        "star": 4,
        "level": 90,
        "promote": 6,
        "affix": 1
      },
      "artis": {
        "1": {
          "name": "无垢之花",
          "set": "苍白之火",
          "level": 20,
          "main": {
            "key": "hpPlus",
            "value": 4780
          },
          "attrs": [
            {
              "key": "defPlus",
              "value": 56
            },
            {
              "key": "cdmg",
              "value": 20.2
            },
            {
              "key": "atkPlus",
              "value": 16
            },
            {
              "key": "def",
              "value": 7.3
            }
          ]
        },
        "2": {
          "name": "贤医之羽",
          "set": "苍白之火",
          "level": 20,
          "main": {
            "key": "atkPlus",
            "value": 311
          },
          "attrs": [
            {
              "key": "recharge",
              "value": 11
            },
            {
              "key": "cdmg",
              "value": 21.8
            },
            {
              "key": "hpPlus",
              "value": 508
            },
            {
              "key": "cpct",
              "value": 7
            }
          ]
        },
        "3": {
          "name": "停摆之刻",
          "set": "苍白之火",
          "level": 20,
          "main": {
            "key": "atk",
            "value": 46.6
          },
          "attrs": [
            {
              "key": "cdmg",
              "value": 21
            },
            {
              "key": "hp",
              "value": 5.3
            },
            {
              "key": "atkPlus",
              "value": 27
            },
            {
              "key": "def",
              "value": 10.2
            }
          ]
        },
        "4": {
          "name": "绯花之壶",
          "set": "绝缘之旗印",
          "level": 20,
          "main": {
            "key": "phy",
            "value": 58.3
          },
          "attrs": [
            {
              "key": "atk",
              "value": 10.5
            },
            {
              "key": "cdmg",
              "value": 12.4
            },
            {
              "key": "atkPlus",
              "value": 37
            },
            {
              "key": "defPlus",
              "value": 35
            }
          ]
        },
        "5": {
          "name": "嗤笑之面",
          "set": "苍白之火",
          "level": 20,
          "main": {
            "key": "cdmg",
            "value": 62.2
          },
          "attrs": [
            {
              "key": "cpct",
              "value": 8.6
            },
            {
              "key": "hpPlus",
              "value": 478
            },
            {
              "key": "recharge",
              "value": 10.4
            },
            {
              "key": "hp",
              "value": 5.8
            }
          ]
        }
      },
      "dataSource": "enka",
      "_time": 1676697320178
    },
    "10000052": {
      "id": 10000052,
      "name": "雷电将军",
      "elem": "electro",
      "level": 90,
      "promote": 6,
      "fetter": 10,
      "costume": 0,
      "cons": 1,
      "talent": {
        "a": 4,
        "e": 8,
        "q": 10
      },
      "attr": {
        "atk": 1510.80396679,
        "atkBase": 719.67334,
        "def": 828.6554,
        "defBase": 789.3054,
        "hp": 21505.766,
        "hpBase": 12907.19,
        "mastery": 18.65,
        "recharge": 272.246,
        "heal": 0,
        "cpct": 39.22,
        "cdmg": 170.47999000000002,
        "dmg": 0.0000040000000041118255,
        "phy": 0
      },
      "weapon": {
        "name": "薙草之稻光",
        "star": 5,
        "level": 60,
        "promote": 3,
        "affix": 1
      },
      "artis": {
        "1": {
          "name": "明威之镡",
          "set": "绝缘之旗印",
          "level": 20,
          "main": {
            "key": "hpPlus",
            "value": 4780
          },
          "attrs": [
            {
              "key": "atkPlus",
              "value": 53
            },
            {
              "key": "recharge",
              "value": 5.8
            },
            {
              "key": "cdmg",
              "value": 15.5
            },
            {
              "key": "cpct",
              "value": 7
            }
          ]
        },
        "2": {
          "name": "切落之羽",
          "set": "绝缘之旗印",
          "level": 20,
          "main": {
            "key": "atkPlus",
            "value": 311
          },
          "attrs": [
            {
              "key": "cpct",
              "value": 6.6
            },
            {
              "key": "cdmg",
              "value": 18.7
            },
            {
              "key": "defPlus",
              "value": 39
            },
            {
              "key": "hp",
              "value": 11.1
            }
          ]
        },
        "3": {
          "name": "角斗士的希冀",
          "set": "角斗士的终幕礼",
          "level": 20,
          "main": {
            "key": "recharge",
            "value": 51.8
          },
          "attrs": [
            {
              "key": "cpct",
              "value": 10.1
            },
            {
              "key": "atkPlus",
              "value": 19
            },
            {
              "key": "cdmg",
              "value": 12.4
            },
            {
              "key": "hpPlus",
              "value": 508
            }
          ]
        },
        "4": {
          "name": "绯花之壶",
          "set": "绝缘之旗印",
          "level": 20,
          "main": {
            "key": "atk",
            "value": 46.6
          },
          "attrs": [
            {
              "key": "mastery",
              "value": 19
            },
            {
              "key": "recharge",
              "value": 16.8
            },
            {
              "key": "cdmg",
              "value": 11.7
            },
            {
              "key": "atkPlus",
              "value": 35
            }
          ]
        },
        "5": {
          "name": "华饰之兜",
          "set": "绝缘之旗印",
          "level": 20,
          "main": {
            "key": "cdmg",
            "value": 62.2
          },
          "attrs": [
            {
              "key": "atk",
              "value": 5.3
            },
            {
              "key": "hp",
              "value": 14.6
            },
            {
              "key": "cpct",
              "value": 10.5
            },
            {
              "key": "recharge",
              "value": 5.2
            }
          ]
        }
      },
      "dataSource": "enka",
      "_time": 1676697320180
    }
  }
}