{
  "uid": "200953715",
  "name": "",
  "level": "",
  "word": "",
  "face": "",
  "card": "",
  "sign": "",
  "info": false,
  "avatars": {
    "10000005": {
      "name": "空",
      "id": 10000005,
      "elem": "dendro",
      "level": 60,
      "promote": 3,
      "fetter": 1,
      "costume": 0,
      "cons": 3,
      "talent": {
        "a": 1,
        "e": 1,
        "q": 1
      },
      "weapon": {
        "name": "祭礼剑",
        "level": 20,
        "promote": 1,
        "affix": 1
      },
      "artis": {
        "1": {
          "name": "迷宫的游人",
          "level": 1,
          "star": 5,
          "main": {
            "key": "hpPlus",
            "value": 717
          },
          "attrs": [
            {
              "key": "atk",
              "value": 5.8
            },
            {
              "key": "mastery",
              "value": 19
            },
            {
              "key": "defPlus",
              "value": 16
            },
            {}
          ]
        },
        "2": {
          "name": "翠蔓的智者",
          "level": 1,
          "star": 5,
          "main": {
            "key": "atkPlus",
            "value": 47
          },
          "attrs": [
            {
              "key": "hp",
              "value": 5.3
            },
            {
              "key": "def",
              "value": 5.1
            },
            {
              "key": "defPlus",
              "value": 23
            },
            {}
          ]
        },
        "3": {
          "name": "贤智的定期",
          "level": 1,
          "star": 5,
          "main": {
            "key": "hp",
            "value": 7
          },
          "attrs": [
            {
              "key": "mastery",
              "value": 19
            },
            {
              "key": "def",
              "value": 5.8
            },
            {
              "key": "recharge",
              "value": 5.2
            },
            {}
          ]
        },
        "4": {
          "name": "迷误者之灯",
          "level": 1,
          "star": 5,
          "main": {
            "key": "atk",
            "value": 6.3
          },
          "attrs": [
            {
              "key": "recharge",
              "value": 5.2
            },
            {
              "key": "defPlus",
              "value": 17
            },
            {},
            {}
          ]
        },
        "5": {
          "name": "月桂的宝冠",
          "level": 1,
          "star": 5,
          "main": {
            "key": "heal",
            "value": 4.8
          },
          "attrs": [
            {
              "key": "cdmg",
              "value": 5
            },
            {
              "key": "hp",
              "value": 3.3
            },
            {},
            {}
          ]
        }
      },
      "_source": "enka",
      "_time": 1675257870174,
      "_update": 1677559526801,
      "_talent": 1677559526801
    },
    "10000016": {
      "name": "迪卢克",
      "id": 10000016,
      "elem": "pyro",
      "level": 70,
      "promote": 4,
      "fetter": 1,
      "costume": 0,
      "cons": 0,
      "talent": {
        "a": 1,
        "e": 1,
        "q": 1
      },
      "weapon": {
        "name": "试作古华",
        "level": 70,
        "promote": 4,
        "affix": 1
      },
      "artis": {
        "1": {
          "name": "魔女的炎之花",
          "level": 10,
          "star": 5,
          "main": {
            "key": "hpPlus",
            "value": 2749
          },
          "attrs": [
            {
              "key": "defPlus",
              "value": 21
            },
            {
              "key": "cdmg",
              "value": 14
            },
            {
              "key": "recharge",
              "value": 5.2
            },
            {
              "key": "mastery",
              "value": 19
            }
          ]
        },
        "2": {
          "name": "魔女常燃之羽",
          "level": 10,
          "star": 5,
          "main": {
            "key": "atkPlus",
            "value": 179
          },
          "attrs": [
            {
              "key": "cpct",
              "value": 3.9
            },
            {
              "key": "hpPlus",
              "value": 299
            },
            {
              "key": "mastery",
              "value": 19
            },
            {
              "key": "recharge",
              "value": 10.4
            }
          ]
        },
        "3": {
          "name": "魔女破灭之时",
          "level": 8,
          "star": 5,
          "main": {
            "key": "hp",
            "value": 22.8
          },
          "attrs": [
            {
              "key": "hpPlus",
              "value": 299
            },
            {
              "key": "defPlus",
              "value": 16
            },
            {
              "key": "cpct",
              "value": 3.5
            },
            {
              "key": "atkPlus",
              "value": 39
            }
          ]
        },
        "4": {
          "name": "魔女的心之火",
          "level": 20,
          "star": 5,
          "main": {
            "key": "pyro",
            "value": 46.6
          },
          "attrs": [
            {
              "key": "atk",
              "value": 9.9
            },
            {
              "key": "atkPlus",
              "value": 35
            },
            {
              "key": "def",
              "value": 7.3
            },
            {
              "key": "hpPlus",
              "value": 956
            }
          ]
        },
        "5": {
          "name": "角斗士的凯旋",
          "level": 10,
          "star": 5,
          "main": {
            "key": "cdmg",
            "value": 32.2
          },
          "attrs": [
            {
              "key": "hpPlus",
              "value": 215
            },
            {
              "key": "def",
              "value": 5.8
            },
            {
              "key": "mastery",
              "value": 13
            },
            {
              "key": "atkPlus",
              "value": 12
            }
          ]
        }
      },
      "_source": "enka",
      "_time": 1675257870175,
      "_update": 1677559526802,
      "_talent": 1677559526802
    },
    "10000024": {
      "name": "北斗",
      "id": 10000024,
      "elem": "electro",
      "level": 80,
      "promote": 5,
      "fetter": 8,
      "costume": 0,
      "cons": 5,
      "talent": {
        "a": 2,
        "e": 7,
        "q": 4
      },
      "weapon": {
        "name": "雨裁",
        "level": 60,
        "promote": 3,
        "affix": 5
      },
      "artis": {
        "1": {
          "name": "战狂的蔷薇",
          "level": 11,
          "star": 5,
          "main": {
            "key": "hpPlus",
            "value": 2657
          },
          "attrs": [
            {
              "key": "def",
              "value": 4.7
            },
            {
              "key": "hp",
              "value": 3.7
            },
            {
              "key": "defPlus",
              "value": 19
            },
            {
              "key": "mastery",
              "value": 19
            }
          ]
        },
        "2": {
          "name": "战狂的翎羽",
          "level": 10,
          "star": 5,
          "main": {
            "key": "atkPlus",
            "value": 161
          },
          "attrs": [
            {
              "key": "mastery",
              "value": 19
            },
            {
              "key": "hpPlus",
              "value": 239
            },
            {
              "key": "recharge",
              "value": 5.2
            },
            {
              "key": "cpct",
              "value": 2.8
            }
          ]
        },
        "4": {
          "name": "战狂的骨杯",
          "level": 10,
          "star": 5,
          "main": {
            "key": "atk",
            "value": 24.1
          },
          "attrs": [
            {
              "key": "atkPlus",
              "value": 11
            },
            {
              "key": "recharge",
              "value": 5.2
            },
            {
              "key": "cdmg",
              "value": 4.4
            },
            {
              "key": "defPlus",
              "value": 13
            }
          ]
        },
        "5": {
          "name": "战狂的鬼面",
          "level": 10,
          "star": 5,
          "main": {
            "key": "hp",
            "value": 24.1
          },
          "attrs": [
            {
              "key": "atkPlus",
              "value": 11
            },
            {
              "key": "cpct",
              "value": 5
            },
            {
              "key": "recharge",
              "value": 4.7
            },
            {
              "key": "mastery",
              "value": 13
            }
          ]
        }
      },
      "_source": "enka",
      "_time": 1675257870171,
      "_update": 1677559526802,
      "_talent": 1677559526802
    },
    "10000025": {
      "name": "行秋",
      "id": 10000025,
      "elem": "hydro",
      "level": 90,
      "promote": 6,
      "fetter": 10,
      "costume": 0,
      "cons": 5,
      "talent": {
        "a": 1,
        "e": 6,
        "q": 7
      },
      "weapon": {
        "name": "黎明神剑",
        "level": 90,
        "promote": 6,
        "affix": 5
      },
      "artis": {
        "1": {
          "name": "饰金胸花",
          "level": 13,
          "star": 5,
          "main": {
            "key": "hpPlus",
            "value": 3358
          },
          "attrs": [
            {
              "key": "cdmg",
              "value": 7
            },
            {
              "key": "atk",
              "value": 4.1
            },
            {
              "key": "recharge",
              "value": 17.5
            },
            {
              "key": "cpct",
              "value": 3.5
            }
          ]
        },
        "2": {
          "name": "追忆之风",
          "level": 20,
          "star": 5,
          "main": {
            "key": "atkPlus",
            "value": 311
          },
          "attrs": [
            {
              "key": "hpPlus",
              "value": 269
            },
            {
              "key": "cdmg",
              "value": 7.8
            },
            {
              "key": "recharge",
              "value": 16.2
            },
            {
              "key": "mastery",
              "value": 58
            }
          ]
        },
        "3": {
          "name": "冰雪故园的终期",
          "level": 20,
          "star": 5,
          "main": {
            "key": "recharge",
            "value": 51.8
          },
          "attrs": [
            {
              "key": "hp",
              "value": 9.3
            },
            {
              "key": "cpct",
              "value": 3.9
            },
            {
              "key": "mastery",
              "value": 61
            },
            {
              "key": "atk",
              "value": 9.9
            }
          ]
        },
        "4": {
          "name": "沉波之盏",
          "level": 16,
          "star": 5,
          "main": {
            "key": "hydro",
            "value": 34.8
          },
          "attrs": [
            {
              "key": "recharge",
              "value": 8.3
            },
            {
              "key": "cpct",
              "value": 3.1
            },
            {
              "key": "mastery",
              "value": 35
            },
            {
              "key": "hpPlus",
              "value": 191
            }
          ]
        },
        "5": {
          "name": "酒渍船帽",
          "level": 20,
          "star": 5,
          "main": {
            "key": "cdmg",
            "value": 62.2
          },
          "attrs": [
            {
              "key": "atkPlus",
              "value": 29
            },
            {
              "key": "atk",
              "value": 4.7
            },
            {
              "key": "def",
              "value": 10.2
            },
            {
              "key": "hpPlus",
              "value": 807
            }
          ]
        }
      },
      "_source": "enka",
      "_time": 1675257870173,
      "_update": 1677559526802,
      "_talent": 1677559526802
    },
    "10000027": {
      "name": "凝光",
      "id": 10000027,
      "elem": "geo",
      "level": 51,
      "promote": 3,
      "fetter": 1,
      "costume": 202701,
      "cons": 2,
      "talent": {
        "a": 4,
        "e": 4,
        "q": 4
      },
      "weapon": {
        "name": "学徒笔记",
        "level": 1,
        "promote": 0,
        "affix": 1
      },
      "artis": {},
      "_source": "enka",
      "_time": 1675257870175,
      "_update": 1677559526802,
      "_talent": 1677559526802
    },
    "10000032": {
      "name": "班尼特",
      "id": 10000032,
      "elem": "pyro",
      "level": 80,
      "promote": 5,
      "fetter": 10,
      "costume": 0,
      "cons": 1,
      "talent": {
        "a": 1,
        "e": 1,
        "q": 6
      },
      "weapon": {
        "name": "西风剑",
        "level": 70,
        "promote": 4,
        "affix": 1
      },
      "artis": {
        "1": {
          "name": "宗室之花",
          "level": 1,
          "star": 5,
          "main": {
            "key": "hpPlus",
            "value": 717
          },
          "attrs": [
            {
              "key": "defPlus",
              "value": 19
            },
            {
              "key": "atkPlus",
              "value": 14
            },
            {
              "key": "cpct",
              "value": 2.7
            },
            {}
          ]
        },
        "2": {
          "name": "宗室之翎",
          "level": 1,
          "star": 5,
          "main": {
            "key": "atkPlus",
            "value": 47
          },
          "attrs": [
            {
              "key": "recharge",
              "value": 5.8
            },
            {
              "key": "mastery",
              "value": 16
            },
            {
              "key": "hpPlus",
              "value": 209
            },
            {}
          ]
        },
        "3": {
          "name": "宗室时计",
          "level": 1,
          "star": 5,
          "main": {
            "key": "atk",
            "value": 7
          },
          "attrs": [
            {
              "key": "hpPlus",
              "value": 299
            },
            {
              "key": "cpct",
              "value": 3.5
            },
            {
              "key": "cdmg",
              "value": 7.8
            },
            {}
          ]
        },
        "4": {
          "name": "宗室银瓮",
          "level": 1,
          "star": 5,
          "main": {
            "key": "atk",
            "value": 7
          },
          "attrs": [
            {
              "key": "defPlus",
              "value": 21
            },
            {
              "key": "atkPlus",
              "value": 14
            },
            {
              "key": "hpPlus",
              "value": 299
            },
            {}
          ]
        },
        "5": {
          "name": "少女易逝的芳颜",
          "level": 16,
          "star": 5,
          "main": {
            "key": "hp",
            "value": 34.8
          },
          "attrs": [
            {
              "key": "def",
              "value": 4.1
            },
            {
              "key": "recharge",
              "value": 8.8
            },
            {
              "key": "atkPlus",
              "value": 16
            },
            {
              "key": "defPlus",
              "value": 33
            }
          ]
        }
      },
      "_source": "enka",
      "_time": 1675257870173,
      "_update": 1677559526802,
      "_talent": 1677559526802
    },
    "10000036": {
      "name": "重云",
      "id": 10000036,
      "elem": "cryo",
      "level": 60,
      "promote": 4,
      "fetter": 3,
      "costume": 0,
      "cons": 3,
      "talent": {
        "a": 1,
        "e": 2,
        "q": 1
      },
      "weapon": {
        "name": "飞天大御剑",
        "level": 40,
        "promote": 2,
        "affix": 1
      },
      "artis": {
        "1": {
          "name": "流放者之花",
          "level": 5,
          "star": 5,
          "main": {
            "key": "hpPlus",
            "value": 1040
          },
          "attrs": [
            {
              "key": "atkPlus",
              "value": 8
            },
            {
              "key": "cdmg",
              "value": 4.7
            },
            {
              "key": "defPlus",
              "value": 8
            },
            {}
          ]
        },
        "2": {
          "name": "流放者之羽",
          "level": 6,
          "star": 5,
          "main": {
            "key": "atkPlus",
            "value": 113
          },
          "attrs": [
            {
              "key": "mastery",
              "value": 19
            },
            {
              "key": "recharge",
              "value": 4.1
            },
            {
              "key": "hp",
              "value": 3.3
            },
            {
              "key": "cdmg",
              "value": 5.6
            }
          ]
        },
        "3": {
          "name": "流放者怀表",
          "level": 5,
          "star": 5,
          "main": {
            "key": "recharge",
            "value": 14.1
          },
          "attrs": [
            {
              "key": "defPlus",
              "value": 10
            },
            {
              "key": "mastery",
              "value": 14
            },
            {
              "key": "hp",
              "value": 2.8
            },
            {}
          ]
        },
        "4": {
          "name": "流放者之杯",
          "level": 5,
          "star": 5,
          "main": {
            "key": "atk",
            "value": 12.7
          },
          "attrs": [
            {
              "key": "cpct",
              "value": 2.1
            },
            {
              "key": "mastery",
              "value": 13
            },
            {
              "key": "hpPlus",
              "value": 100
            },
            {}
          ]
        },
        "5": {
          "name": "流放者头冠",
          "level": 5,
          "star": 5,
          "main": {
            "key": "hp",
            "value": 12.7
          },
          "attrs": [
            {
              "key": "recharge",
              "value": 3.9
            },
            {
              "key": "defPlus",
              "value": 11
            },
            {
              "key": "cpct",
              "value": 1.9
            },
            {}
          ]
        }
      },
      "_source": "enka",
      "_time": 1675257870172,
      "_update": 1677559526804,
      "_talent": 1677559526804
    },
    "10000046": {
      "name": "胡桃",
      "id": 10000046,
      "elem": "pyro",
      "level": 90,
      "promote": 6,
      "fetter": 10,
      "costume": 0,
      "cons": 0,
      "talent": {
        "a": 10,
        "e": 9,
        "q": 3
      },
      "weapon": {
        "name": "黑岩刺枪",
        "level": 80,
        "promote": 5,
        "affix": 1
      },
      "artis": {
        "1": {
          "name": "魔女的炎之花",
          "level": 20,
          "star": 5,
          "main": {
            "key": "hpPlus",
            "value": 4780
          },
          "attrs": [
            {
              "key": "defPlus",
              "value": 19
            },
            {
              "key": "cpct",
              "value": 14.4
            },
            {
              "key": "cdmg",
              "value": 13.2
            },
            {
              "key": "mastery",
              "value": 23
            }
          ]
        },
        "2": {
          "name": "魔女常燃之羽",
          "level": 10,
          "star": 5,
          "main": {
            "key": "atkPlus",
            "value": 179
          },
          "attrs": [
            {
              "key": "cpct",
              "value": 3.9
            },
            {
              "key": "mastery",
              "value": 16
            },
            {
              "key": "recharge",
              "value": 6.5
            },
            {
              "key": "def",
              "value": 11.7
            }
          ]
        },
        "3": {
          "name": "魔女破灭之时",
          "level": 20,
          "star": 5,
          "main": {
            "key": "mastery",
            "value": 187
          },
          "attrs": [
            {
              "key": "defPlus",
              "value": 37
            },
            {
              "key": "atk",
              "value": 21
            },
            {
              "key": "hpPlus",
              "value": 209
            },
            {
              "key": "atkPlus",
              "value": 19
            }
          ]
        },
        "4": {
          "name": "魔女的心之火",
          "level": 20,
          "star": 5,
          "main": {
            "key": "hp",
            "value": 46.6
          },
          "attrs": [
            {
              "key": "cdmg",
              "value": 19.4
            },
            {
              "key": "recharge",
              "value": 16.8
            },
            {
              "key": "atkPlus",
              "value": 18
            },
            {
              "key": "hpPlus",
              "value": 269
            }
          ]
        },
        "5": {
          "name": "指挥的礼帽",
          "level": 20,
          "star": 5,
          "main": {
            "key": "cdmg",
            "value": 62.2
          },
          "attrs": [
            {
              "key": "hpPlus",
              "value": 269
            },
            {
              "key": "cpct",
              "value": 13.2
            },
            {
              "key": "atk",
              "value": 8.7
            },
            {
              "key": "atkPlus",
              "value": 19
            }
          ]
        }
      },
      "_source": "enka",
      "_time": 1675257870172,
      "_update": 1677559526804,
      "_talent": 1677559526804
    }
  },
  "chars": {
    "10000005": {
      "id": 10000005,
      "name": "空",
      "elem": "dendro",
      "level": 60,
      "promote": 3,
      "fetter": 1,
      "costume": 0,
      "cons": 3,
      "talent": {
        "a": 1,
        "e": 1,
        "q": 1
      },
      "attr": {
        "atk": 347.6277951402735,
        "atkBase": 242.1878662109375,
        "def": 554.8170166015625,
        "defBase": 449.65020751953125,
        "hp": 8992.68359375,
        "hpBase": 7164.47412109375,
        "mastery": 37.29999923706055,
        "recharge": 133.9199423789978,
        "heal": 4.800000041723251,
        "cpct": 5.000000074505806,
        "cdmg": 54.97000217437744,
        "dmg": 15.000000596046448,
        "phy": 0
      },
      "weapon": {
        "name": "祭礼剑",
        "star": 4,
        "level": 20,
        "promote": 1,
        "affix": 1
      },
      "artis": {
        "1": {
          "name": "迷宫的游人",
          "set": "深林的记忆",
          "level": 1,
          "main": {
            "key": "hpPlus",
            "value": 717
          },
          "attrs": [
            {
              "key": "atk",
              "value": 5.8
            },
            {
              "key": "mastery",
              "value": 19
            },
            {
              "key": "defPlus",
              "value": 16
            },
            {}
          ]
        },
        "2": {
          "name": "翠蔓的智者",
          "set": "深林的记忆",
          "level": 1,
          "main": {
            "key": "atkPlus",
            "value": 47
          },
          "attrs": [
            {
              "key": "hp",
              "value": 5.3
            },
            {
              "key": "def",
              "value": 5.1
            },
            {
              "key": "defPlus",
              "value": 23
            },
            {}
          ]
        },
        "3": {
          "name": "贤智的定期",
          "set": "深林的记忆",
          "level": 1,
          "main": {
            "key": "hp",
            "value": 7
          },
          "attrs": [
            {
              "key": "mastery",
              "value": 19
            },
            {
              "key": "def",
              "value": 5.8
            },
            {
              "key": "recharge",
              "value": 5.2
            },
            {}
          ]
        },
        "4": {
          "name": "迷误者之灯",
          "set": "深林的记忆",
          "level": 1,
          "main": {
            "key": "atk",
            "value": 6.3
          },
          "attrs": [
            {
              "key": "recharge",
              "value": 5.2
            },
            {
              "key": "defPlus",
              "value": 17
            },
            {},
            {}
          ]
        },
        "5": {
          "name": "月桂的宝冠",
          "set": "深林的记忆",
          "level": 1,
          "main": {
            "key": "heal",
            "value": 4.8
          },
          "attrs": [
            {
              "key": "cdmg",
              "value": 5
            },
            {
              "key": "hp",
              "value": 3.3
            },
            {},
            {}
          ]
        }
      },
      "dataSource": "enka",
      "_time": 1675257870174
    },
    "10000016": {
      "id": 10000016,
      "name": "迪卢克",
      "elem": "pyro",
      "level": 70,
      "promote": 4,
      "fetter": 1,
      "costume": 0,
      "cons": 0,
      "talent": {
        "a": 1,
        "e": 1,
        "q": 1
      },
      "attr": {
        "atk": 1173.7093726566018,
        "atkBase": 684.8878784179688,
        "def": 715.501708984375,
        "defBase": 599.7805786132812,
        "hp": 16713.50390625,
        "hpBase": 9931.5,
        "mastery": 50.36000061035156,
        "recharge": 115.5400037765503,
        "heal": 0,
        "cpct": 21.98999971151352,
        "cdmg": 96.1899995803833,
        "dmg": 61.59999966621399,
        "phy": 0
      },
      "weapon": {
        "name": "试作古华",
        "star": 4,
        "level": 70,
        "promote": 4,
        "affix": 1
      },
      "artis": {
        "1": {
          "name": "魔女的炎之花",
          "set": "炽烈的炎之魔女",
          "level": 10,
          "main": {
            "key": "hpPlus",
            "value": 2749
          },
          "attrs": [
            {
              "key": "defPlus",
              "value": 21
            },
            {
              "key": "cdmg",
              "value": 14
            },
            {
              "key": "recharge",
              "value": 5.2
            },
            {
              "key": "mastery",
              "value": 19
            }
          ]
        },
        "2": {
          "name": "魔女常燃之羽",
          "set": "炽烈的炎之魔女",
          "level": 10,
          "main": {
            "key": "atkPlus",
            "value": 179
          },
          "attrs": [
            {
              "key": "cpct",
              "value": 3.9
            },
            {
              "key": "hpPlus",
              "value": 299
            },
            {
              "key": "mastery",
              "value": 19
            },
            {
              "key": "recharge",
              "value": 10.4
            }
          ]
        },
        "3": {
          "name": "魔女破灭之时",
          "set": "炽烈的炎之魔女",
          "level": 8,
          "main": {
            "key": "hp",
            "value": 22.8
          },
          "attrs": [
            {
              "key": "hpPlus",
              "value": 299
            },
            {
              "key": "defPlus",
              "value": 16
            },
            {
              "key": "cpct",
              "value": 3.5
            },
            {
              "key": "atkPlus",
              "value": 39
            }
          ]
        },
        "4": {
          "name": "魔女的心之火",
          "set": "炽烈的炎之魔女",
          "level": 20,
          "main": {
            "key": "pyro",
            "value": 46.6
          },
          "attrs": [
            {
              "key": "atk",
              "value": 9.9
            },
            {
              "key": "atkPlus",
              "value": 35
            },
            {
              "key": "def",
              "value": 7.3
            },
            {
              "key": "hpPlus",
              "value": 956
            }
          ]
        },
        "5": {
          "name": "角斗士的凯旋",
          "set": "角斗士的终幕礼",
          "level": 10,
          "main": {
            "key": "cdmg",
            "value": 32.2
          },
          "attrs": [
            {
              "key": "hpPlus",
              "value": 215
            },
            {
              "key": "def",
              "value": 5.8
            },
            {
              "key": "mastery",
              "value": 13
            },
            {
              "key": "atkPlus",
              "value": 12
            }
          ]
        }
      },
      "dataSource": "enka",
      "_time": 1675257870175
    },
    "10000024": {
      "id": 10000024,
      "name": "北斗",
      "elem": "electro",
      "level": 80,
      "promote": 5,
      "fetter": 8,
      "costume": 0,
      "cons": 5,
      "talent": {
        "a": 2,
        "e": 7,
        "q": 4
      },
      "attr": {
        "atk": 835.928052930758,
        "atkBase": 526.307861328125,
        "def": 632.8927001953125,
        "defBase": 574.634765625,
        "hp": 17679.99609375,
        "hpBase": 11565.3564453125,
        "mastery": 172.1479949951172,
        "recharge": 115.02000093460083,
        "heal": 0,
        "cpct": 24.780000746250153,
        "cdmg": 54.350000619888306,
        "dmg": 18.000000715255737,
        "phy": 0
      },
      "weapon": {
        "name": "雨裁",
        "star": 4,
        "level": 60,
        "promote": 3,
        "affix": 5
      },
      "artis": {
        "1": {
          "name": "战狂的蔷薇",
          "set": "战狂",
          "level": 11,
          "main": {
            "key": "hpPlus",
            "value": 2657
          },
          "attrs": [
            {
              "key": "def",
              "value": 4.7
            },
            {
              "key": "hp",
              "value": 3.7
            },
            {
              "key": "defPlus",
              "value": 19
            },
            {
              "key": "mastery",
              "value": 19
            }
          ]
        },
        "2": {
          "name": "战狂的翎羽",
          "set": "战狂",
          "level": 10,
          "main": {
            "key": "atkPlus",
            "value": 161
          },
          "attrs": [
            {
              "key": "mastery",
              "value": 19
            },
            {
              "key": "hpPlus",
              "value": 239
            },
            {
              "key": "recharge",
              "value": 5.2
            },
            {
              "key": "cpct",
              "value": 2.8
            }
          ]
        },
        "4": {
          "name": "战狂的骨杯",
          "set": "战狂",
          "level": 10,
          "main": {
            "key": "atk",
            "value": 24.1
          },
          "attrs": [
            {
              "key": "atkPlus",
              "value": 11
            },
            {
              "key": "recharge",
              "value": 5.2
            },
            {
              "key": "cdmg",
              "value": 4.4
            },
            {
              "key": "defPlus",
              "value": 13
            }
          ]
        },
        "5": {
          "name": "战狂的鬼面",
          "set": "战狂",
          "level": 10,
          "main": {
            "key": "hp",
            "value": 24.1
          },
          "attrs": [
            {
              "key": "atkPlus",
              "value": 11
            },
            {
              "key": "cpct",
              "value": 5
            },
            {
              "key": "recharge",
              "value": 4.7
            },
            {
              "key": "mastery",
              "value": 13
            }
          ]
        }
      },
      "dataSource": "enka",
      "_time": 1675257870171
    },
    "10000025": {
      "id": 10000025,
      "name": "行秋",
      "elem": "hydro",
      "level": 90,
      "promote": 6,
      "fetter": 10,
      "costume": 0,
      "cons": 5,
      "talent": {
        "a": 1,
        "e": 6,
        "q": 7
      },
      "attr": {
        "atk": 1200.4606596662525,
        "atkBase": 603.0709228515625,
        "def": 834.8739624023438,
        "defBase": 757.598876953125,
        "hp": 15799.859375,
        "hpBase": 10222.419921875,
        "mastery": 154.3300018310547,
        "recharge": 193.7600016593933,
        "heal": 0,
        "cpct": 15.50000011920929,
        "cdmg": 173.81879091262817,
        "dmg": 69.80000138282776,
        "phy": 0
      },
      "weapon": {
        "name": "黎明神剑",
        "star": 3,
        "level": 90,
        "promote": 6,
        "affix": 5
      },
      "artis": {
        "1": {
          "name": "饰金胸花",
          "set": "沉沦之心",
          "level": 13,
          "main": {
            "key": "hpPlus",
            "value": 3358
          },
          "attrs": [
            {
              "key": "cdmg",
              "value": 7
            },
            {
              "key": "atk",
              "value": 4.1
            },
            {
              "key": "recharge",
              "value": 17.5
            },
            {
              "key": "cpct",
              "value": 3.5
            }
          ]
        },
        "2": {
          "name": "追忆之风",
          "set": "沉沦之心",
          "level": 20,
          "main": {
            "key": "atkPlus",
            "value": 311
          },
          "attrs": [
            {
              "key": "hpPlus",
              "value": 269
            },
            {
              "key": "cdmg",
              "value": 7.8
            },
            {
              "key": "recharge",
              "value": 16.2
            },
            {
              "key": "mastery",
              "value": 58
            }
          ]
        },
        "3": {
          "name": "冰雪故园的终期",
          "set": "冰风迷途的勇士",
          "level": 20,
          "main": {
            "key": "recharge",
            "value": 51.8
          },
          "attrs": [
            {
              "key": "hp",
              "value": 9.3
            },
            {
              "key": "cpct",
              "value": 3.9
            },
            {
              "key": "mastery",
              "value": 61
            },
            {
              "key": "atk",
              "value": 9.9
            }
          ]
        },
        "4": {
          "name": "沉波之盏",
          "set": "沉沦之心",
          "level": 16,
          "main": {
            "key": "hydro",
            "value": 34.8
          },
          "attrs": [
            {
              "key": "recharge",
              "value": 8.3
            },
            {
              "key": "cpct",
              "value": 3.1
            },
            {
              "key": "mastery",
              "value": 35
            },
            {
              "key": "hpPlus",
              "value": 191
            }
          ]
        },
        "5": {
          "name": "酒渍船帽",
          "set": "沉沦之心",
          "level": 20,
          "main": {
            "key": "cdmg",
            "value": 62.2
          },
          "attrs": [
            {
              "key": "atkPlus",
              "value": 29
            },
            {
              "key": "atk",
              "value": 4.7
            },
            {
              "key": "def",
              "value": 10.2
            },
            {
              "key": "hpPlus",
              "value": 807
            }
          ]
        }
      },
      "dataSource": "enka",
      "_time": 1675257870173
    },
    "10000027": {
      "id": 10000027,
      "name": "凝光",
      "elem": "geo",
      "level": 51,
      "promote": 3,
      "fetter": 1,
      "costume": 202701,
      "cons": 2,
      "talent": {
        "a": 4,
        "e": 4,
        "q": 4
      },
      "attr": {
        "atk": 149.9245147705078,
        "atkBase": 149.9245147705078,
        "def": 341.94281005859375,
        "defBase": 341.94281005859375,
        "hp": 5837.4912109375,
        "hpBase": 5837.4912109375,
        "mastery": 0,
        "recharge": 100,
        "heal": 0,
        "cpct": 5.000000074505806,
        "cdmg": 50,
        "dmg": 11.999999731779099,
        "phy": 0
      },
      "weapon": {
        "name": "学徒笔记",
        "star": 1,
        "level": 1,
        "promote": 0,
        "affix": 1
      },
      "artis": {},
      "dataSource": "enka",
      "_time": 1675257870175
    },
    "10000032": {
      "id": 10000032,
      "name": "班尼特",
      "elem": "pyro",
      "level": 80,
      "promote": 5,
      "fetter": 10,
      "costume": 0,
      "cons": 1,
      "talent": {
        "a": 1,
        "e": 1,
        "q": 6
      },
      "attr": {
        "atk": 678.1135418725398,
        "atkBase": 516.0645141601562,
        "def": 784.0902099609375,
        "defBase": 683.5128784179688,
        "hp": 16334.2265625,
        "hpBase": 10987.0888671875,
        "mastery": 16.31999969482422,
        "recharge": 185.11987924575806,
        "heal": 0,
        "cpct": 11.220000684261322,
        "cdmg": 57.77000188827515,
        "dmg": 0,
        "phy": 0
      },
      "weapon": {
        "name": "西风剑",
        "star": 4,
        "level": 70,
        "promote": 4,
        "affix": 1
      },
      "artis": {
        "1": {
          "name": "宗室之花",
          "set": "昔日宗室之仪",
          "level": 1,
          "main": {
            "key": "hpPlus",
            "value": 717
          },
          "attrs": [
            {
              "key": "defPlus",
              "value": 19
            },
            {
              "key": "atkPlus",
              "value": 14
            },
            {
              "key": "cpct",
              "value": 2.7
            },
            {}
          ]
        },
        "2": {
          "name": "宗室之翎",
          "set": "昔日宗室之仪",
          "level": 1,
          "main": {
            "key": "atkPlus",
            "value": 47
          },
          "attrs": [
            {
              "key": "recharge",
              "value": 5.8
            },
            {
              "key": "mastery",
              "value": 16
            },
            {
              "key": "hpPlus",
              "value": 209
            },
            {}
          ]
        },
        "3": {
          "name": "宗室时计",
          "set": "昔日宗室之仪",
          "level": 1,
          "main": {
            "key": "atk",
            "value": 7
          },
          "attrs": [
            {
              "key": "hpPlus",
              "value": 299
            },
            {
              "key": "cpct",
              "value": 3.5
            },
            {
              "key": "cdmg",
              "value": 7.8
            },
            {}
          ]
        },
        "4": {
          "name": "宗室银瓮",
          "set": "昔日宗室之仪",
          "level": 1,
          "main": {
            "key": "atk",
            "value": 7
          },
          "attrs": [
            {
              "key": "defPlus",
              "value": 21
            },
            {
              "key": "atkPlus",
              "value": 14
            },
            {
              "key": "hpPlus",
              "value": 299
            },
            {}
          ]
        },
        "5": {
          "name": "少女易逝的芳颜",
          "set": "被怜爱的少女",
          "level": 16,
          "main": {
            "key": "hp",
            "value": 34.8
          },
          "attrs": [
            {
              "key": "def",
              "value": 4.1
            },
            {
              "key": "recharge",
              "value": 8.8
            },
            {
              "key": "atkPlus",
              "value": 16
            },
            {
              "key": "defPlus",
              "value": 33
            }
          ]
        }
      },
      "dataSource": "enka",
      "_time": 1675257870173
    },
    "10000036": {
      "id": 10000036,
      "name": "重云",
      "elem": "cryo",
      "level": 60,
      "promote": 4,
      "fetter": 3,
      "costume": 0,
      "cons": 3,
      "talent": {
        "a": 1,
        "e": 2,
        "q": 1
      },
      "attr": {
        "atk": 552.2687966881749,
        "atkBase": 345.5242919921875,
        "def": 484.91400146484375,
        "defBase": 456.02398681640625,
        "hp": 10314.515625,
        "hpBase": 7724.9375,
        "mastery": 45.22999954223633,
        "recharge": 142.1299934387207,
        "heal": 0,
        "cpct": 8.959999680519104,
        "cdmg": 60.259997844696045,
        "dmg": 0,
        "phy": 24.61700141429901
      },
      "weapon": {
        "name": "飞天大御剑",
        "star": 3,
        "level": 40,
        "promote": 2,
        "affix": 1
      },
      "artis": {
        "1": {
          "name": "流放者之花",
          "set": "流放者",
          "level": 5,
          "main": {
            "key": "hpPlus",
            "value": 1040
          },
          "attrs": [
            {
              "key": "atkPlus",
              "value": 8
            },
            {
              "key": "cdmg",
              "value": 4.7
            },
            {
              "key": "defPlus",
              "value": 8
            },
            {}
          ]
        },
        "2": {
          "name": "流放者之羽",
          "set": "流放者",
          "level": 6,
          "main": {
            "key": "atkPlus",
            "value": 113
          },
          "attrs": [
            {
              "key": "mastery",
              "value": 19
            },
            {
              "key": "recharge",
              "value": 4.1
            },
            {
              "key": "hp",
              "value": 3.3
            },
            {
              "key": "cdmg",
              "value": 5.6
            }
          ]
        },
        "3": {
          "name": "流放者怀表",
          "set": "流放者",
          "level": 5,
          "main": {
            "key": "recharge",
            "value": 14.1
          },
          "attrs": [
            {
              "key": "defPlus",
              "value": 10
            },
            {
              "key": "mastery",
              "value": 14
            },
            {
              "key": "hp",
              "value": 2.8
            },
            {}
          ]
        },
        "4": {
          "name": "流放者之杯",
          "set": "流放者",
          "level": 5,
          "main": {
            "key": "atk",
            "value": 12.7
          },
          "attrs": [
            {
              "key": "cpct",
              "value": 2.1
            },
            {
              "key": "mastery",
              "value": 13
            },
            {
              "key": "hpPlus",
              "value": 100
            },
            {}
          ]
        },
        "5": {
          "name": "流放者头冠",
          "set": "流放者",
          "level": 5,
          "main": {
            "key": "hp",
            "value": 12.7
          },
          "attrs": [
            {
              "key": "recharge",
              "value": 3.9
            },
            {
              "key": "defPlus",
              "value": 11
            },
            {
              "key": "cpct",
              "value": 1.9
            },
            {}
          ]
        }
      },
      "dataSource": "enka",
      "_time": 1675257870172
    },
    "10000046": {
      "id": 10000046,
      "name": "胡桃",
      "elem": "pyro",
      "level": 90,
      "promote": 6,
      "fetter": 10,
      "costume": 0,
      "cons": 0,
      "talent": {
        "a": 10,
        "e": 9,
        "q": 3
      },
      "attr": {
        "atk": 955.6189470082463,
        "atkBase": 555.1171264648438,
        "def": 1033.871337890625,
        "defBase": 876.1519775390625,
        "hp": 28326.5703125,
        "hpBase": 15552.306640625,
        "mastery": 226.1300048828125,
        "recharge": 123.32000732421875,
        "heal": 0,
        "cpct": 36.500000953674316,
        "cdmg": 233.50999355316162,
        "dmg": 15.000000596046448,
        "phy": 0
      },
      "weapon": {
        "name": "黑岩刺枪",
        "star": 4,
        "level": 80,
        "promote": 5,
        "affix": 1
      },
      "artis": {
        "1": {
          "name": "魔女的炎之花",
          "set": "炽烈的炎之魔女",
          "level": 20,
          "main": {
            "key": "hpPlus",
            "value": 4780
          },
          "attrs": [
            {
              "key": "defPlus",
              "value": 19
            },
            {
              "key": "cpct",
              "value": 14.4
            },
            {
              "key": "cdmg",
              "value": 13.2
            },
            {
              "key": "mastery",
              "value": 23
            }
          ]
        },
        "2": {
          "name": "魔女常燃之羽",
          "set": "炽烈的炎之魔女",
          "level": 10,
          "main": {
            "key": "atkPlus",
            "value": 179
          },
          "attrs": [
            {
              "key": "cpct",
              "value": 3.9
            },
            {
              "key": "mastery",
              "value": 16
            },
            {
              "key": "recharge",
              "value": 6.5
            },
            {
              "key": "def",
              "value": 11.7
            }
          ]
        },
        "3": {
          "name": "魔女破灭之时",
          "set": "炽烈的炎之魔女",
          "level": 20,
          "main": {
            "key": "mastery",
            "value": 187
          },
          "attrs": [
            {
              "key": "defPlus",
              "value": 37
            },
            {
              "key": "atk",
              "value": 21
            },
            {
              "key": "hpPlus",
              "value": 209
            },
            {
              "key": "atkPlus",
              "value": 19
            }
          ]
        },
        "4": {
          "name": "魔女的心之火",
          "set": "炽烈的炎之魔女",
          "level": 20,
          "main": {
            "key": "hp",
            "value": 46.6
          },
          "attrs": [
            {
              "key": "cdmg",
              "value": 19.4
            },
            {
              "key": "recharge",
              "value": 16.8
            },
            {
              "key": "atkPlus",
              "value": 18
            },
            {
              "key": "hpPlus",
              "value": 269
            }
          ]
        },
        "5": {
          "name": "指挥的礼帽",
          "set": "流浪大地的乐团",
          "level": 20,
          "main": {
            "key": "cdmg",
            "value": 62.2
          },
          "attrs": [
            {
              "key": "hpPlus",
              "value": 269
            },
            {
              "key": "cpct",
              "value": 13.2
            },
            {
              "key": "atk",
              "value": 8.7
            },
            {
              "key": "atkPlus",
              "value": 19
            }
          ]
        }
      },
      "dataSource": "enka",
      "_time": 1675257870172
    }
  }
}