{
  "uid": "202306293",
  "name": "",
  "level": "",
  "word": "",
  "face": "",
  "card": "",
  "sign": "",
  "info": false,
  "_profile": 1679132766475,
  "avatars": {
    "10000003": {
      "name": "琴",
      "id": 10000003,
      "elem": "anemo",
      "level": 71,
      "promote": 5,
      "fetter": 4,
      "costume": 0,
      "cons": 0,
      "talent": {
        "a": 2,
        "e": 3,
        "q": 4
      },
      "weapon": {
        "name": "笼钓瓶一心",
        "level": 60,
        "promote": 3,
        "affix": 1
      },
      "artis": {
        "5": {
          "name": "指挥的礼帽",
          "level": 20,
          "star": 5,
          "main": {
            "key": "heal",
            "value": 35.9
          },
          "attrs": [
            {
              "key": "atkPlus",
              "value": 37
            },
            {
              "key": "cdmg",
              "value": 28
            },
            {
              "key": "mastery",
              "value": 42
            },
            {
              "key": "def",
              "value": 7.3
            }
          ]
        }
      },
      "_source": "enka",
      "_time": 1675327332590,
      "_update": 1677558537507,
      "_talent": 1677558537507
    },
    "10000016": {
      "name": "迪卢克",
      "id": 10000016,
      "elem": "pyro",
      "level": 80,
      "promote": 5,
      "fetter": 7,
      "costume": 0,
      "cons": 1,
      "talent": {
        "a": 2,
        "e": 6,
        "q": 3
      },
      "weapon": {
        "name": "试作古华",
        "level": 70,
        "promote": 4,
        "affix": 3
      },
      "artis": {},
      "_source": "enka",
      "_time": 1675327332590,
      "_update": 1677558537507,
      "_talent": 1677558537507
    },
    "10000035": {
      "name": "七七",
      "id": 10000035,
      "elem": "cryo",
      "level": 80,
      "promote": 5,
      "fetter": 10,
      "costume": 0,
      "cons": 0,
      "talent": {
        "a": 1,
        "e": 8,
        "q": 7
      },
      "weapon": {
        "name": "铁蜂刺",
        "level": 80,
        "promote": 5,
        "affix": 1
      },
      "artis": {
        "1": {
          "name": "远方的少女之心",
          "level": 1,
          "star": 5,
          "main": {
            "key": "hpPlus",
            "value": 717
          },
          "attrs": [
            {
              "key": "recharge",
              "value": 4.5
            },
            {
              "key": "atkPlus",
              "value": 14
            },
            {
              "key": "mastery",
              "value": 19
            },
            {
              "key": "cdmg",
              "value": 6.2
            }
          ]
        },
        "5": {
          "name": "少女易逝的芳颜",
          "level": 1,
          "star": 5,
          "main": {
            "key": "heal",
            "value": 5.4
          },
          "attrs": [
            {
              "key": "mastery",
              "value": 16
            },
            {
              "key": "defPlus",
              "value": 19
            },
            {
              "key": "cdmg",
              "value": 7
            },
            {}
          ]
        }
      },
      "_source": "enka",
      "_time": 1675327332588,
      "_update": 1677558537507,
      "_talent": 1677558537507
    },
    "10000037": {
      "name": "甘雨",
      "id": 10000037,
      "elem": "cryo",
      "level": 90,
      "promote": 6,
      "fetter": 10,
      "costume": 0,
      "cons": 0,
      "talent": {
        "a": 10,
        "e": 3,
        "q": 3
      },
      "weapon": {
        "name": "破魔之弓",
        "level": 80,
        "promote": 5,
        "affix": 2
      },
      "artis": {
        "1": {
          "name": "宗室之花",
          "level": 20,
          "star": 5,
          "main": {
            "key": "hpPlus",
            "value": 4780
          },
          "attrs": [
            {
              "key": "defPlus",
              "value": 16
            },
            {
              "key": "cdmg",
              "value": 24.9
            },
            {
              "key": "recharge",
              "value": 6.5
            },
            {
              "key": "cpct",
              "value": 6.6
            }
          ]
        },
        "2": {
          "name": "琴师的箭羽",
          "level": 20,
          "star": 5,
          "main": {
            "key": "atkPlus",
            "value": 311
          },
          "attrs": [
            {
              "key": "cdmg",
              "value": 18.7
            },
            {
              "key": "defPlus",
              "value": 23
            },
            {
              "key": "hpPlus",
              "value": 568
            },
            {
              "key": "cpct",
              "value": 6.6
            }
          ]
        },
        "3": {
          "name": "终幕的时计",
          "level": 20,
          "star": 5,
          "main": {
            "key": "atk",
            "value": 46.6
          },
          "attrs": [
            {
              "key": "cdmg",
              "value": 19.4
            },
            {
              "key": "mastery",
              "value": 16
            },
            {
              "key": "atkPlus",
              "value": 31
            },
            {
              "key": "defPlus",
              "value": 46
            }
          ]
        },
        "4": {
          "name": "吟游者之壶",
          "level": 20,
          "star": 5,
          "main": {
            "key": "atk",
            "value": 46.6
          },
          "attrs": [
            {
              "key": "hp",
              "value": 11.1
            },
            {
              "key": "cpct",
              "value": 9.3
            },
            {
              "key": "mastery",
              "value": 40
            },
            {
              "key": "atkPlus",
              "value": 33
            }
          ]
        },
        "5": {
          "name": "指挥的礼帽",
          "level": 20,
          "star": 5,
          "main": {
            "key": "cpct",
            "value": 31.1
          },
          "attrs": [
            {
              "key": "hp",
              "value": 8.2
            },
            {
              "key": "hpPlus",
              "value": 478
            },
            {
              "key": "atkPlus",
              "value": 19
            },
            {
              "key": "cdmg",
              "value": 20.2
            }
          ]
        }
      },
      "_source": "enka",
      "_time": 1675327332593,
      "_update": 1677558537507,
      "_talent": 1677558537507
    },
    "10000041": {
      "name": "莫娜",
      "id": 10000041,
      "elem": "hydro",
      "level": 60,
      "promote": 3,
      "fetter": 1,
      "costume": 0,
      "cons": 1,
      "talent": {
        "a": 1,
        "e": 1,
        "q": 2
      },
      "weapon": {
        "name": "万国诸海图谱",
        "level": 50,
        "promote": 2,
        "affix": 4
      },
      "artis": {},
      "_source": "enka",
      "_time": 1675327332590,
      "_update": 1677558537508,
      "_talent": 1677558537508
    },
    "10000047": {
      "name": "枫原万叶",
      "id": 10000047,
      "elem": "anemo",
      "level": 85,
      "promote": 6,
      "fetter": 10,
      "costume": 0,
      "cons": 0,
      "talent": {
        "a": 2,
        "e": 3,
        "q": 6
      },
      "weapon": {
        "name": "西福斯的月光",
        "level": 88,
        "promote": 6,
        "affix": 1
      },
      "artis": {
        "1": {
          "name": "野花记忆的绿野",
          "level": 20,
          "star": 5,
          "main": {
            "key": "hpPlus",
            "value": 4780
          },
          "attrs": [
            {
              "key": "mastery",
              "value": 44
            },
            {
              "key": "recharge",
              "value": 15.5
            },
            {
              "key": "hp",
              "value": 8.7
            },
            {
              "key": "atk",
              "value": 9.9
            }
          ]
        },
        "2": {
          "name": "猎人青翠的箭羽",
          "level": 20,
          "star": 5,
          "main": {
            "key": "atkPlus",
            "value": 311
          },
          "attrs": [
            {
              "key": "atk",
              "value": 15.8
            },
            {
              "key": "cdmg",
              "value": 13.2
            },
            {
              "key": "defPlus",
              "value": 39
            },
            {
              "key": "cpct",
              "value": 3.5
            }
          ]
        },
        "3": {
          "name": "翠绿猎人的笃定",
          "level": 20,
          "star": 5,
          "main": {
            "key": "mastery",
            "value": 187
          },
          "attrs": [
            {
              "key": "recharge",
              "value": 11.7
            },
            {
              "key": "hpPlus",
              "value": 239
            },
            {
              "key": "atk",
              "value": 4.7
            },
            {
              "key": "cpct",
              "value": 14.4
            }
          ]
        },
        "4": {
          "name": "角斗士的酣醉",
          "level": 20,
          "star": 5,
          "main": {
            "key": "mastery",
            "value": 187
          },
          "attrs": [
            {
              "key": "def",
              "value": 19
            },
            {
              "key": "defPlus",
              "value": 23
            },
            {
              "key": "atk",
              "value": 4.1
            },
            {
              "key": "hp",
              "value": 14
            }
          ]
        },
        "5": {
          "name": "翠绿的猎人之冠",
          "level": 20,
          "star": 5,
          "main": {
            "key": "cpct",
            "value": 31.1
          },
          "attrs": [
            {
              "key": "mastery",
              "value": 61
            },
            {
              "key": "def",
              "value": 10.9
            },
            {
              "key": "recharge",
              "value": 4.5
            },
            {
              "key": "hp",
              "value": 8.7
            }
          ]
        }
      },
      "_source": "enka",
      "_time": 1675327332592,
      "_update": 1677558537508,
      "_talent": 1677558537508
    },
    "10000066": {
      "name": "神里绫人",
      "id": 10000066,
      "elem": "hydro",
      "level": 88,
      "promote": 6,
      "fetter": 10,
      "costume": 0,
      "cons": 0,
      "talent": {
        "a": 5,
        "e": 9,
        "q": 5
      },
      "weapon": {
        "name": "天目影打刀",
        "level": 90,
        "promote": 6,
        "affix": 2
      },
      "artis": {
        "1": {
          "name": "饰金胸花",
          "level": 20,
          "star": 5,
          "main": {
            "key": "hpPlus",
            "value": 4780
          },
          "attrs": [
            {
              "key": "cdmg",
              "value": 13.2
            },
            {
              "key": "cpct",
              "value": 8.9
            },
            {
              "key": "atkPlus",
              "value": 37
            },
            {
              "key": "def",
              "value": 5.1
            }
          ]
        },
        "2": {
          "name": "角斗士的归宿",
          "level": 20,
          "star": 5,
          "main": {
            "key": "atkPlus",
            "value": 311
          },
          "attrs": [
            {
              "key": "mastery",
              "value": 21
            },
            {
              "key": "hpPlus",
              "value": 478
            },
            {
              "key": "cpct",
              "value": 10.9
            },
            {
              "key": "cdmg",
              "value": 18.7
            }
          ]
        },
        "3": {
          "name": "雷云之笼",
          "level": 20,
          "star": 5,
          "main": {
            "key": "atk",
            "value": 46.6
          },
          "attrs": [
            {
              "key": "cdmg",
              "value": 19.4
            },
            {
              "key": "hpPlus",
              "value": 269
            },
            {
              "key": "defPlus",
              "value": 65
            },
            {
              "key": "atkPlus",
              "value": 16
            }
          ]
        },
        "4": {
          "name": "角斗士的酣醉",
          "level": 20,
          "star": 5,
          "main": {
            "key": "hydro",
            "value": 46.6
          },
          "attrs": [
            {
              "key": "cpct",
              "value": 9.3
            },
            {
              "key": "def",
              "value": 10.9
            },
            {
              "key": "hpPlus",
              "value": 448
            },
            {
              "key": "atk",
              "value": 5.8
            }
          ]
        },
        "5": {
          "name": "无常之面",
          "level": 20,
          "star": 5,
          "main": {
            "key": "cdmg",
            "value": 62.2
          },
          "attrs": [
            {
              "key": "hp",
              "value": 11.1
            },
            {
              "key": "cpct",
              "value": 6.6
            },
            {
              "key": "atk",
              "value": 8.2
            },
            {
              "key": "mastery",
              "value": 37
            }
          ]
        }
      },
      "_source": "enka",
      "_time": 1675327332591,
      "_update": 1677558537508,
      "_talent": 1677558537508
    },
    "10000073": {
      "name": "纳西妲",
      "id": 10000073,
      "elem": "dendro",
      "level": 79,
      "promote": 5,
      "fetter": 6,
      "costume": 0,
      "cons": 0,
      "talent": {
        "a": 1,
        "e": 4,
        "q": 5
      },
      "weapon": {
        "name": "祭礼残章",
        "level": 70,
        "promote": 4,
        "affix": 5
      },
      "artis": {
        "1": {
          "name": "乐团的晨光",
          "level": 20,
          "star": 5,
          "main": {
            "key": "hpPlus",
            "value": 4780
          },
          "attrs": [
            {
              "key": "cdmg",
              "value": 21.8
            },
            {
              "key": "def",
              "value": 6.6
            },
            {
              "key": "recharge",
              "value": 4.5
            },
            {
              "key": "atkPlus",
              "value": 54
            }
          ]
        },
        "2": {
          "name": "琴师的箭羽",
          "level": 20,
          "star": 5,
          "main": {
            "key": "atkPlus",
            "value": 311
          },
          "attrs": [
            {
              "key": "def",
              "value": 11.7
            },
            {
              "key": "mastery",
              "value": 35
            },
            {
              "key": "cdmg",
              "value": 14
            },
            {
              "key": "atk",
              "value": 14.6
            }
          ]
        },
        "3": {
          "name": "终幕的时计",
          "level": 20,
          "star": 5,
          "main": {
            "key": "mastery",
            "value": 187
          },
          "attrs": [
            {
              "key": "hpPlus",
              "value": 478
            },
            {
              "key": "cpct",
              "value": 3.5
            },
            {
              "key": "defPlus",
              "value": 16
            },
            {
              "key": "cdmg",
              "value": 28
            }
          ]
        },
        "5": {
          "name": "指挥的礼帽",
          "level": 20,
          "star": 5,
          "main": {
            "key": "cdmg",
            "value": 62.2
          },
          "attrs": [
            {
              "key": "atk",
              "value": 4.7
            },
            {
              "key": "atkPlus",
              "value": 29
            },
            {
              "key": "mastery",
              "value": 61
            },
            {
              "key": "def",
              "value": 11.7
            }
          ]
        }
      },
      "_source": "enka",
      "_time": 1675327332592,
      "_update": 1677558537508,
      "_talent": 1677558537508
    }
  }
}