{
  "uid": "202841632",
  "name": "",
  "level": "",
  "word": "",
  "face": "",
  "card": "",
  "sign": "",
  "info": false,
  "_profile": 1677839145998,
  "avatars": {
    "10000002": {
      "name": "神里绫华",
      "id": 10000002,
      "elem": "cryo",
      "level": 90,
      "promote": 6,
      "fetter": 10,
      "costume": 0,
      "cons": 0,
      "talent": {
        "a": 8,
        "e": 7,
        "q": 9
      },
      "weapon": {
        "name": "天目影打刀",
        "level": 80,
        "promote": 5,
        "affix": 4
      },
      "artis": {
        "1": {
          "name": "历经风雪的思念",
          "level": 20,
          "star": 5,
          "mainId": 14001,
          "attrIds": [
            501052,
            501234,
            501221,
            501062,
            501224,
            501224,
            501224,
            501221,
            501222
          ]
        },
        "2": {
          "name": "摧冰而行的执望",
          "level": 20,
          "star": 5,
          "mainId": 12001,
          "attrIds": [
            501224,
            501091,
            501204,
            501064,
            501224,
            501062,
            501063,
            501064
          ]
        },
        "3": {
          "name": "冰雪故园的终期",
          "level": 20,
          "star": 5,
          "mainId": 10004,
          "attrIds": [
            501052,
            501223,
            501242,
            501231,
            501241,
            501224,
            501224,
            501232
          ]
        },
        "4": {
          "name": "魔女的心之火",
          "level": 20,
          "star": 5,
          "mainId": 15010,
          "attrIds": [
            501232,
            501241,
            501201,
            501053,
            501204,
            501201,
            501242,
            501242
          ]
        },
        "5": {
          "name": "破冰踏雪的回音",
          "level": 20,
          "star": 5,
          "mainId": 13008,
          "attrIds": [
            501053,
            501202,
            501064,
            501032,
            501032,
            501054,
            501063,
            501201
          ]
        }
      },
      "_source": "enka",
      "_time": 1677839145996,
      "_update": 1677839145996,
      "_talent": 1677839145996
    },
    "10000016": {
      "name": "迪卢克",
      "id": 10000016,
      "elem": "pyro",
      "level": 90,
      "promote": 6,
      "fetter": 10,
      "costume": 201601,
      "cons": 1,
      "talent": {
        "a": 3,
        "e": 4,
        "q": 6
      },
      "weapon": {
        "name": "狼的末路",
        "level": 90,
        "promote": 6,
        "affix": 1
      },
      "artis": {
        "1": {
          "name": "魔女的炎之花",
          "level": 20,
          "star": 5,
          "mainId": 14001,
          "attrIds": [
            501051,
            501203,
            501223,
            501031,
            501033,
            501223,
            501203,
            501223
          ]
        },
        "2": {
          "name": "切落之羽",
          "level": 20,
          "star": 5,
          "mainId": 12001,
          "attrIds": [
            501202,
            501224,
            501091,
            501244,
            501224,
            501224,
            501201,
            501241,
            501242
          ]
        },
        "3": {
          "name": "魔女破灭之时",
          "level": 20,
          "star": 5,
          "mainId": 10004,
          "attrIds": [
            501242,
            501032,
            501222,
            501083,
            501033,
            501244,
            501224,
            501242,
            501224
          ]
        },
        "4": {
          "name": "魔女的心之火",
          "level": 20,
          "star": 5,
          "mainId": 15008,
          "attrIds": [
            501023,
            501222,
            501242,
            501061,
            501064,
            501063,
            501224,
            501242
          ]
        },
        "5": {
          "name": "焦灼的魔女帽",
          "level": 20,
          "star": 5,
          "mainId": 13008,
          "attrIds": [
            501204,
            501084,
            501062,
            501241,
            501202,
            501202,
            501201,
            501082
          ]
        }
      },
      "_source": "enka",
      "_time": 1677839145997,
      "_update": 1677839145997,
      "_talent": 1677839145997
    },
    "10000022": {
      "name": "温迪",
      "id": 10000022,
      "elem": "anemo",
      "level": 90,
      "promote": 6,
      "fetter": 10,
      "costume": 0,
      "cons": 0,
      "talent": {
        "a": 1,
        "e": 6,
        "q": 7
      },
      "weapon": {
        "name": "终末嗟叹之诗",
        "level": 70,
        "promote": 4,
        "affix": 1
      },
      "artis": {
        "1": {
          "name": "野花记忆的绿野",
          "level": 20,
          "star": 5,
          "mainId": 14001,
          "attrIds": [
            501064,
            501231,
            501051,
            501221,
            501062,
            501233,
            501221,
            501232,
            501061
          ]
        },
        "2": {
          "name": "猎人青翠的箭羽",
          "level": 1,
          "star": 5,
          "mainId": 12001,
          "attrIds": [
            501232,
            501084,
            501061
          ]
        },
        "3": {
          "name": "翠绿猎人的笃定",
          "level": 1,
          "star": 4,
          "mainId": 10002,
          "attrIds": [
            401052,
            401022
          ]
        },
        "4": {
          "name": "祈望之心",
          "level": 20,
          "star": 5,
          "mainId": 15012,
          "attrIds": [
            501224,
            501061,
            501231,
            501242,
            501231,
            501243,
            501221,
            501063
          ]
        },
        "5": {
          "name": "翠绿的猎人之冠",
          "level": 16,
          "star": 5,
          "mainId": 13004,
          "attrIds": [
            501083,
            501052,
            501201,
            501021,
            501053,
            501084,
            501082,
            501054
          ]
        }
      },
      "_source": "enka",
      "_time": 1677839145998,
      "_update": 1677839145998,
      "_talent": 1677839145998
    },
    "10000029": {
      "name": "可莉",
      "id": 10000029,
      "elem": "pyro",
      "level": 90,
      "promote": 6,
      "fetter": 10,
      "costume": 0,
      "cons": 0,
      "talent": {
        "a": 1,
        "e": 4,
        "q": 7
      },
      "weapon": {
        "name": "昭心",
        "level": 60,
        "promote": 3,
        "affix": 2
      },
      "artis": {
        "1": {
          "name": "魔女的炎之花",
          "level": 20,
          "star": 5,
          "main": {
            "key": "hpPlus",
            "value": 4780
          },
          "attrs": [
            {
              "key": "recharge",
              "value": 5.8
            },
            {
              "key": "cdmg",
              "value": 14
            },
            {
              "key": "hp",
              "value": 14
            },
            {
              "key": "cpct",
              "value": 6.6
            }
          ]
        },
        "2": {
          "name": "魔女常燃之羽",
          "level": 20,
          "star": 5,
          "main": {
            "key": "atkPlus",
            "value": 311
          },
          "attrs": [
            {
              "key": "cdmg",
              "value": 15.5
            },
            {
              "key": "atk",
              "value": 10.5
            },
            {
              "key": "mastery",
              "value": 33
            },
            {
              "key": "recharge",
              "value": 13
            }
          ]
        },
        "4": {
          "name": "魔女的心之火",
          "level": 20,
          "star": 5,
          "main": {
            "key": "pyro",
            "value": 46.6
          },
          "attrs": [
            {
              "key": "hp",
              "value": 10.5
            },
            {
              "key": "recharge",
              "value": 14.9
            },
            {
              "key": "cpct",
              "value": 6.2
            },
            {
              "key": "atkPlus",
              "value": 33
            }
          ]
        },
        "5": {
          "name": "焦灼的魔女帽",
          "level": 20,
          "star": 5,
          "main": {
            "key": "cdmg",
            "value": 62.2
          },
          "attrs": [
            {
              "key": "hpPlus",
              "value": 538
            },
            {
              "key": "defPlus",
              "value": 39
            },
            {
              "key": "atk",
              "value": 5.3
            },
            {
              "key": "cpct",
              "value": 10.9
            }
          ]
        }
      },
      "_source": "enka",
      "_time": 1675321057393,
      "_update": 1677557575626,
      "_talent": 1677557575626
    },
    "10000030": {
      "name": "钟离",
      "id": 10000030,
      "elem": "geo",
      "level": 90,
      "promote": 6,
      "fetter": 10,
      "costume": 0,
      "cons": 2,
      "talent": {
        "a": 3,
        "e": 8,
        "q": 8
      },
      "weapon": {
        "name": "黑缨枪",
        "level": 90,
        "promote": 6,
        "affix": 5
      },
      "artis": {
        "1": {
          "name": "宗室之花",
          "level": 20,
          "star": 5,
          "mainId": 14001,
          "attrIds": [
            501204,
            501223,
            501241,
            501052,
            501221,
            501242,
            501224,
            501051,
            501221
          ]
        },
        "2": {
          "name": "宗室之翎",
          "level": 20,
          "star": 5,
          "mainId": 12001,
          "attrIds": [
            501033,
            501063,
            501224,
            501022,
            501024,
            501061,
            501224,
            501061
          ]
        },
        "3": {
          "name": "金铜时晷",
          "level": 20,
          "star": 5,
          "mainId": 10002,
          "attrIds": [
            501051,
            501224,
            501064,
            501083,
            501052,
            501064,
            501063,
            501221
          ]
        },
        "4": {
          "name": "魔女的心之火",
          "level": 20,
          "star": 5,
          "mainId": 15013,
          "attrIds": [
            501034,
            501201,
            501053,
            501224,
            501224,
            501032,
            501202,
            501034,
            501054
          ]
        },
        "5": {
          "name": "将帅兜鍪",
          "level": 20,
          "star": 5,
          "mainId": 13007,
          "attrIds": [
            501022,
            501222,
            501081,
            501233,
            501223,
            501221,
            501022,
            501022
          ]
        }
      },
      "_source": "enka",
      "_time": 1677839145995,
      "_update": 1677839145995,
      "_talent": 1677839145995
    },
    "10000032": {
      "name": "班尼特",
      "id": 10000032,
      "elem": "pyro",
      "level": 90,
      "promote": 6,
      "fetter": 10,
      "costume": 0,
      "cons": 6,
      "talent": {
        "a": 1,
        "e": 3,
        "q": 10
      },
      "weapon": {
        "name": "风鹰剑",
        "level": 80,
        "promote": 5,
        "affix": 1
      },
      "artis": {
        "1": {
          "name": "宗室之花",
          "level": 20,
          "star": 5,
          "main": {
            "key": "hpPlus",
            "value": 4780
          },
          "attrs": [
            {
              "key": "cdmg",
              "value": 6.2
            },
            {
              "key": "atk",
              "value": 15.2
            },
            {
              "key": "recharge",
              "value": 13.6
            },
            {
              "key": "hp",
              "value": 9.9
            }
          ]
        },
        "2": {
          "name": "宗室之翎",
          "level": 20,
          "star": 5,
          "main": {
            "key": "atkPlus",
            "value": 311
          },
          "attrs": [
            {
              "key": "hpPlus",
              "value": 777
            },
            {
              "key": "cdmg",
              "value": 7.8
            },
            {
              "key": "recharge",
              "value": 15.5
            },
            {
              "key": "def",
              "value": 13.1
            }
          ]
        },
        "3": {
          "name": "终幕的时计",
          "level": 20,
          "star": 5,
          "main": {
            "key": "recharge",
            "value": 51.8
          },
          "attrs": [
            {
              "key": "hpPlus",
              "value": 299
            },
            {
              "key": "cpct",
              "value": 10.9
            },
            {
              "key": "atkPlus",
              "value": 53
            },
            {
              "key": "hp",
              "value": 9.9
            }
          ]
        },
        "4": {
          "name": "宗室银瓮",
          "level": 20,
          "star": 5,
          "main": {
            "key": "hp",
            "value": 46.6
          },
          "attrs": [
            {
              "key": "mastery",
              "value": 42
            },
            {
              "key": "hpPlus",
              "value": 508
            },
            {
              "key": "cdmg",
              "value": 18.7
            },
            {
              "key": "atk",
              "value": 5.8
            }
          ]
        },
        "5": {
          "name": "宗室面具",
          "level": 20,
          "star": 5,
          "main": {
            "key": "hp",
            "value": 46.6
          },
          "attrs": [
            {
              "key": "atk",
              "value": 5.3
            },
            {
              "key": "hpPlus",
              "value": 448
            },
            {
              "key": "recharge",
              "value": 17.5
            },
            {
              "key": "defPlus",
              "value": 39
            }
          ]
        }
      },
      "_source": "enka",
      "_time": 1675594645851,
      "_update": 1677557575687,
      "_talent": 1677557575687
    },
    "10000035": {
      "name": "七七",
      "id": 10000035,
      "elem": "cryo",
      "level": 50,
      "promote": 3,
      "fetter": 2,
      "costume": 0,
      "cons": 0,
      "talent": {
        "a": 1,
        "e": 1,
        "q": 1
      },
      "weapon": {
        "name": "笛剑",
        "level": 1,
        "promote": 0,
        "affix": 1
      },
      "artis": {},
      "_source": "enka",
      "_time": 1675320684037,
      "_update": 1677557575687,
      "_talent": 1677557575687
    },
    "10000042": {
      "name": "刻晴",
      "id": 10000042,
      "elem": "electro",
      "level": 50,
      "promote": 3,
      "fetter": 2,
      "costume": 0,
      "cons": 2,
      "talent": {
        "a": 1,
        "e": 1,
        "q": 1
      },
      "weapon": {
        "name": "匣里龙吟",
        "level": 20,
        "promote": 1,
        "affix": 3
      },
      "artis": {},
      "_source": "enka",
      "_time": 1675320684036,
      "_update": 1677557575687,
      "_talent": 1677557575687
    },
    "10000046": {
      "name": "胡桃",
      "id": 10000046,
      "elem": "pyro",
      "level": 90,
      "promote": 6,
      "fetter": 5,
      "costume": 0,
      "cons": 2,
      "talent": {
        "a": 10,
        "e": 10,
        "q": 10
      },
      "weapon": {
        "name": "护摩之杖",
        "level": 90,
        "promote": 6,
        "affix": 1
      },
      "artis": {
        "1": {
          "name": "魔女的炎之花",
          "level": 20,
          "star": 5,
          "mainId": 14001,
          "attrIds": [
            501031,
            501223,
            501201,
            501244,
            501222,
            501203,
            501201,
            501203,
            501242
          ]
        },
        "2": {
          "name": "思忆之矢",
          "level": 20,
          "star": 5,
          "mainId": 12001,
          "attrIds": [
            501223,
            501082,
            501203,
            501063,
            501201,
            501221,
            501202,
            501202,
            501224
          ]
        },
        "3": {
          "name": "魔女破灭之时",
          "level": 20,
          "star": 5,
          "mainId": 10008,
          "attrIds": [
            501222,
            501054,
            501094,
            501232,
            501232,
            501223,
            501222,
            501054,
            501224
          ]
        },
        "4": {
          "name": "魔女的心之火",
          "level": 20,
          "star": 5,
          "mainId": 15008,
          "attrIds": [
            501201,
            501222,
            501054,
            501082,
            501084,
            501083,
            501224,
            501201,
            501202
          ]
        },
        "5": {
          "name": "焦灼的魔女帽",
          "level": 20,
          "star": 5,
          "mainId": 13007,
          "attrIds": [
            501052,
            501221,
            501234,
            501022,
            501053,
            501223,
            501233,
            501224
          ]
        }
      },
      "_source": "enka",
      "_time": 1677839145998,
      "_update": 1677839145998,
      "_talent": 1677839145998
    },
    "10000047": {
      "name": "枫原万叶",
      "id": 10000047,
      "elem": "anemo",
      "level": 90,
      "promote": 6,
      "fetter": 10,
      "costume": 0,
      "cons": 0,
      "talent": {
        "a": 1,
        "e": 3,
        "q": 6
      },
      "weapon": {
        "name": "铁蜂刺",
        "level": 70,
        "promote": 4,
        "affix": 1
      },
      "artis": {
        "1": {
          "name": "野花记忆的绿野",
          "level": 20,
          "star": 5,
          "mainId": 14001,
          "attrIds": [
            501054,
            501064,
            501241,
            501231,
            501062,
            501244,
            501234,
            501244
          ]
        },
        "2": {
          "name": "猎人青翠的箭羽",
          "level": 20,
          "star": 5,
          "mainId": 12001,
          "attrIds": [
            501061,
            501243,
            501202,
            501022,
            501024,
            501202,
            501021,
            501064
          ]
        },
        "3": {
          "name": "翠绿猎人的笃定",
          "level": 20,
          "star": 5,
          "mainId": 10004,
          "attrIds": [
            501054,
            501224,
            501232,
            501082,
            501221,
            501224,
            501052,
            501222
          ]
        },
        "4": {
          "name": "魔女的心之火",
          "level": 20,
          "star": 5,
          "mainId": 15012,
          "attrIds": [
            501231,
            501051,
            501203,
            501222,
            501224,
            501052,
            501223,
            501231
          ]
        },
        "5": {
          "name": "翠绿的猎人之冠",
          "level": 20,
          "star": 5,
          "mainId": 13010,
          "attrIds": [
            501234,
            501221,
            501081,
            501034,
            501084,
            501233,
            501032,
            501234
          ]
        }
      },
      "_source": "enka",
      "_time": 1677839145997,
      "_update": 1677839145997,
      "_talent": 1677839145997
    },
    "10000052": {
      "name": "雷电将军",
      "id": 10000052,
      "elem": "electro",
      "level": 90,
      "promote": 6,
      "fetter": 10,
      "costume": 0,
      "cons": 0,
      "talent": {
        "a": 2,
        "e": 10,
        "q": 10
      },
      "weapon": {
        "name": "薙草之稻光",
        "level": 90,
        "promote": 6,
        "affix": 2
      },
      "artis": {
        "1": {
          "name": "明威之镡",
          "level": 20,
          "star": 5,
          "mainId": 14001,
          "attrIds": [
            501223,
            501082,
            501204,
            501231,
            501202,
            501223,
            501202,
            501224
          ]
        },
        "2": {
          "name": "切落之羽",
          "level": 20,
          "star": 5,
          "mainId": 12001,
          "attrIds": [
            501224,
            501092,
            501031,
            501203,
            501223,
            501204,
            501201,
            501222,
            501092
          ]
        },
        "3": {
          "name": "雷云之笼",
          "level": 20,
          "star": 5,
          "mainId": 10007,
          "attrIds": [
            501083,
            501202,
            501034,
            501241,
            501082,
            501202,
            501082,
            501204
          ]
        },
        "4": {
          "name": "祈望之心",
          "level": 20,
          "star": 5,
          "mainId": 15009,
          "attrIds": [
            501053,
            501224,
            501032,
            501094,
            501032,
            501051,
            501091,
            501223,
            501222
          ]
        },
        "5": {
          "name": "华饰之兜",
          "level": 20,
          "star": 5,
          "mainId": 13008,
          "attrIds": [
            501242,
            501233,
            501063,
            501203,
            501062,
            501202,
            501242,
            501244,
            501203
          ]
        }
      },
      "_source": "enka",
      "_time": 1677839145996,
      "_update": 1677839145996,
      "_talent": 1677839145996
    },
    "10000060": {
      "name": "夜兰",
      "id": 10000060,
      "elem": "hydro",
      "level": 90,
      "promote": 6,
      "fetter": 10,
      "costume": 0,
      "cons": 1,
      "talent": {
        "a": 2,
        "e": 7,
        "q": 9
      },
      "weapon": {
        "name": "西风猎弓",
        "level": 70,
        "promote": 4,
        "affix": 4
      },
      "artis": {
        "1": {
          "name": "明威之镡",
          "level": 20,
          "star": 5,
          "mainId": 14001,
          "attrIds": [
            501223,
            501064,
            501234,
            501244,
            501222,
            501221,
            501243,
            501064,
            501223
          ]
        },
        "2": {
          "name": "切落之羽",
          "level": 20,
          "star": 5,
          "mainId": 12001,
          "attrIds": [
            501033,
            501224,
            501064,
            501084,
            501222,
            501223,
            501221,
            501084
          ]
        },
        "3": {
          "name": "雷云之笼",
          "level": 20,
          "star": 5,
          "mainId": 10002,
          "attrIds": [
            501052,
            501234,
            501244,
            501204,
            501203,
            501204,
            501051,
            501201
          ]
        },
        "4": {
          "name": "绯花之壶",
          "level": 20,
          "star": 5,
          "mainId": 15002,
          "attrIds": [
            501053,
            501091,
            501202,
            501221,
            501204,
            501202,
            501091,
            501221
          ]
        },
        "5": {
          "name": "华饰之兜",
          "level": 20,
          "star": 5,
          "mainId": 13008,
          "attrIds": [
            501233,
            501202,
            501054,
            501081,
            501081,
            501233,
            501053,
            501201
          ]
        }
      },
      "_source": "enka",
      "_time": 1677839145997,
      "_update": 1677839145997,
      "_talent": 1677839145997
    }
  },
  "chars": {
    "10000002": {
      "id": 10000002,
      "name": "神里绫华",
      "elem": "cryo",
      "level": 90,
      "promote": 6,
      "fetter": 10,
      "costume": 0,
      "cons": 0,
      "talent": {
        "a": 8,
        "e": 7,
        "q": 9
      },
      "attr": {
        "atk": 2135.8858750199997,
        "atkBase": 742.6858,
        "def": 823.9057,
        "defBase": 783.9255,
        "hp": 18836.592,
        "hpBase": 12858.207,
        "mastery": 88.590004,
        "recharge": 121.37,
        "heal": 0,
        "cpct": 24.05,
        "cdmg": 229.07999,
        "dmg": 61.6,
        "phy": 0
      },
      "weapon": {
        "name": "天目影打刀",
        "star": 4,
        "level": 80,
        "promote": 5,
        "affix": 4
      },
      "artis": {
        "1": {
          "name": "历经风雪的思念",
          "set": "冰风迷途的勇士",
          "level": 20,
          "main": {
            "key": "hpPlus",
            "value": 4780
          },
          "attrs": [
            {
              "key": "atkPlus",
              "value": 16
            },
            {
              "key": "recharge",
              "value": 6.5
            },
            {
              "key": "cdmg",
              "value": 40.4
            },
            {
              "key": "atk",
              "value": 4.7
            }
          ]
        },
        "2": {
          "name": "摧冰而行的执望",
          "set": "冰风迷途的勇士",
          "level": 20,
          "main": {
            "key": "atkPlus",
            "value": 311
          },
          "attrs": [
            {
              "key": "cdmg",
              "value": 15.5
            },
            {
              "key": "def",
              "value": 5.1
            },
            {
              "key": "cpct",
              "value": 3.9
            },
            {
              "key": "atk",
              "value": 21.6
            }
          ]
        },
        "3": {
          "name": "冰雪故园的终期",
          "set": "冰风迷途的勇士",
          "level": 20,
          "main": {
            "key": "atk",
            "value": 46.6
          },
          "attrs": [
            {
              "key": "atkPlus",
              "value": 16
            },
            {
              "key": "cdmg",
              "value": 22.5
            },
            {
              "key": "mastery",
              "value": 35
            },
            {
              "key": "recharge",
              "value": 9.7
            }
          ]
        },
        "4": {
          "name": "魔女的心之火",
          "set": "炽烈的炎之魔女",
          "level": 20,
          "main": {
            "key": "cryo",
            "value": 46.6
          },
          "attrs": [
            {
              "key": "recharge",
              "value": 5.2
            },
            {
              "key": "mastery",
              "value": 54
            },
            {
              "key": "cpct",
              "value": 9.3
            },
            {
              "key": "atkPlus",
              "value": 18
            }
          ]
        },
        "5": {
          "name": "破冰踏雪的回音",
          "set": "冰风迷途的勇士",
          "level": 20,
          "main": {
            "key": "cdmg",
            "value": 62.2
          },
          "attrs": [
            {
              "key": "atkPlus",
              "value": 37
            },
            {
              "key": "cpct",
              "value": 5.8
            },
            {
              "key": "atk",
              "value": 11.1
            },
            {
              "key": "hp",
              "value": 9.3
            }
          ]
        }
      },
      "dataSource": "enka",
      "_time": 1677055282888
    },
    "10000016": {
      "id": 10000016,
      "name": "迪卢克",
      "elem": "pyro",
      "level": 90,
      "promote": 6,
      "fetter": 10,
      "costume": 201601,
      "cons": 1,
      "talent": {
        "a": 3,
        "e": 4,
        "q": 6
      },
      "attr": {
        "atk": 2550.2534933887996,
        "atkBase": 942.9244,
        "def": 886.4057,
        "defBase": 783.9255,
        "hp": 20527.025,
        "hpBase": 12980.666,
        "mastery": 172.51001,
        "recharge": 100,
        "heal": 0,
        "cpct": 49.86,
        "cdmg": 192.23,
        "dmg": 61.6,
        "phy": 0
      },
      "weapon": {
        "name": "狼的末路",
        "star": 5,
        "level": 90,
        "promote": 6,
        "affix": 1
      },
      "artis": {
        "1": {
          "name": "魔女的炎之花",
          "set": "炽烈的炎之魔女",
          "level": 20,
          "main": {
            "key": "hpPlus",
            "value": 4780
          },
          "attrs": [
            {
              "key": "atkPlus",
              "value": 14
            },
            {
              "key": "cpct",
              "value": 7
            },
            {
              "key": "cdmg",
              "value": 21
            },
            {
              "key": "hp",
              "value": 9.3
            }
          ]
        },
        "2": {
          "name": "切落之羽",
          "set": "绝缘之旗印",
          "level": 20,
          "main": {
            "key": "atkPlus",
            "value": 311
          },
          "attrs": [
            {
              "key": "cpct",
              "value": 5.8
            },
            {
              "key": "cdmg",
              "value": 23.3
            },
            {
              "key": "def",
              "value": 5.1
            },
            {
              "key": "mastery",
              "value": 58
            }
          ]
        },
        "3": {
          "name": "魔女破灭之时",
          "set": "炽烈的炎之魔女",
          "level": 20,
          "main": {
            "key": "atk",
            "value": 46.6
          },
          "attrs": [
            {
              "key": "mastery",
              "value": 61
            },
            {
              "key": "hp",
              "value": 9.9
            },
            {
              "key": "cdmg",
              "value": 21.8
            },
            {
              "key": "defPlus",
              "value": 21
            }
          ]
        },
        "4": {
          "name": "魔女的心之火",
          "set": "炽烈的炎之魔女",
          "level": 20,
          "main": {
            "key": "pyro",
            "value": 46.6
          },
          "attrs": [
            {
              "key": "hpPlus",
              "value": 269
            },
            {
              "key": "cdmg",
              "value": 14
            },
            {
              "key": "mastery",
              "value": 37
            },
            {
              "key": "atk",
              "value": 15.2
            }
          ]
        },
        "5": {
          "name": "焦灼的魔女帽",
          "set": "炽烈的炎之魔女",
          "level": 20,
          "main": {
            "key": "cdmg",
            "value": 62.2
          },
          "attrs": [
            {
              "key": "cpct",
              "value": 12.8
            },
            {
              "key": "defPlus",
              "value": 42
            },
            {
              "key": "atk",
              "value": 4.7
            },
            {
              "key": "mastery",
              "value": 16
            }
          ]
        }
      },
      "dataSource": "enka",
      "_time": 1677055282892
    },
    "10000022": {
      "id": 10000022,
      "name": "温迪",
      "elem": "anemo",
      "level": 90,
      "promote": 6,
      "fetter": 10,
      "costume": 0,
      "cons": 0,
      "talent": {
        "a": 1,
        "e": 6,
        "q": 7
      },
      "attr": {
        "atk": 1325.8257778479997,
        "atkBase": 720.08386,
        "def": 754.29236,
        "defBase": 668.64233,
        "hp": 16375.297,
        "hpBase": 10531.483,
        "mastery": 99.63,
        "recharge": 207.212,
        "heal": 0,
        "cpct": 7.720000000000001,
        "cdmg": 74.090004,
        "dmg": 61.6,
        "phy": 0
      },
      "weapon": {
        "name": "终末嗟叹之诗",
        "star": 5,
        "level": 70,
        "promote": 4,
        "affix": 1
      },
      "artis": {
        "1": {
          "name": "野花记忆的绿野",
          "set": "翠绿之影",
          "level": 20,
          "main": {
            "key": "hpPlus",
            "value": 4780
          },
          "attrs": [
            {
              "key": "atk",
              "value": 14.6
            },
            {
              "key": "recharge",
              "value": 15.5
            },
            {
              "key": "atkPlus",
              "value": 14
            },
            {
              "key": "cdmg",
              "value": 10.9
            }
          ]
        },
        "2": {
          "name": "猎人青翠的箭羽",
          "set": "翠绿之影",
          "level": 1,
          "main": {
            "key": "atkPlus",
            "value": 47
          },
          "attrs": [
            {
              "key": "recharge",
              "value": 5.2
            },
            {
              "key": "defPlus",
              "value": 23
            },
            {
              "key": "atk",
              "value": 4.1
            },
            {}
          ]
        },
        "3": {
          "name": "翠绿猎人的笃定",
          "set": "翠绿之影",
          "level": 1,
          "main": {
            "key": "hp",
            "value": 6.3
          },
          "attrs": [
            {
              "key": "atkPlus",
              "value": 12
            },
            {
              "key": "hpPlus",
              "value": 191
            },
            {},
            {}
          ]
        },
        "4": {
          "name": "祈望之心",
          "set": "追忆之注连",
          "level": 20,
          "main": {
            "key": "anemo",
            "value": 46.6
          },
          "attrs": [
            {
              "key": "cdmg",
              "value": 13.2
            },
            {
              "key": "atk",
              "value": 9.3
            },
            {
              "key": "recharge",
              "value": 9.1
            },
            {
              "key": "mastery",
              "value": 40
            }
          ]
        },
        "5": {
          "name": "翠绿的猎人之冠",
          "set": "翠绿之影",
          "level": 16,
          "main": {
            "key": "atk",
            "value": 38.7
          },
          "attrs": [
            {
              "key": "defPlus",
              "value": 63
            },
            {
              "key": "atkPlus",
              "value": 53
            },
            {
              "key": "cpct",
              "value": 2.7
            },
            {
              "key": "hpPlus",
              "value": 209
            }
          ]
        }
      },
      "dataSource": "enka",
      "_time": 1677055282991
    },
    "10000029": {
      "id": 10000029,
      "name": "可莉",
      "elem": "pyro",
      "level": 90,
      "promote": 6,
      "fetter": 10,
      "costume": 0,
      "cons": 0,
      "talent": {
        "a": 1,
        "e": 4,
        "q": 7
      },
      "attr": {
        "atk": 1287.6420085181744,
        "atkBase": 603.5538940429688,
        "def": 654.1934814453125,
        "defBase": 614.843505859375,
        "hp": 18122.466796875,
        "hpBase": 10286.5654296875,
        "mastery": 32.63999938964844,
        "recharge": 133.67999792099,
        "heal": 0,
        "cpct": 28.720000386238098,
        "cdmg": 141.7199969291687,
        "dmg": 90.39999842643738,
        "phy": 0
      },
      "weapon": {
        "name": "昭心",
        "star": 4,
        "level": 60,
        "promote": 3,
        "affix": 2
      },
      "artis": {
        "1": {
          "name": "魔女的炎之花",
          "set": "炽烈的炎之魔女",
          "level": 20,
          "main": {
            "key": "hpPlus",
            "value": 4780
          },
          "attrs": [
            {
              "key": "recharge",
              "value": 5.8
            },
            {
              "key": "cdmg",
              "value": 14
            },
            {
              "key": "hp",
              "value": 14
            },
            {
              "key": "cpct",
              "value": 6.6
            }
          ]
        },
        "2": {
          "name": "魔女常燃之羽",
          "set": "炽烈的炎之魔女",
          "level": 20,
          "main": {
            "key": "atkPlus",
            "value": 311
          },
          "attrs": [
            {
              "key": "cdmg",
              "value": 15.5
            },
            {
              "key": "atk",
              "value": 10.5
            },
            {
              "key": "mastery",
              "value": 33
            },
            {
              "key": "recharge",
              "value": 13
            }
          ]
        },
        "4": {
          "name": "魔女的心之火",
          "set": "炽烈的炎之魔女",
          "level": 20,
          "main": {
            "key": "pyro",
            "value": 46.6
          },
          "attrs": [
            {
              "key": "hp",
              "value": 10.5
            },
            {
              "key": "recharge",
              "value": 14.9
            },
            {
              "key": "cpct",
              "value": 6.2
            },
            {
              "key": "atkPlus",
              "value": 33
            }
          ]
        },
        "5": {
          "name": "焦灼的魔女帽",
          "set": "炽烈的炎之魔女",
          "level": 20,
          "main": {
            "key": "cdmg",
            "value": 62.2
          },
          "attrs": [
            {
              "key": "hpPlus",
              "value": 538
            },
            {
              "key": "defPlus",
              "value": 39
            },
            {
              "key": "atk",
              "value": 5.3
            },
            {
              "key": "cpct",
              "value": 10.9
            }
          ]
        }
      },
      "dataSource": "enka",
      "_time": 1675321057393
    },
    "10000030": {
      "id": 10000030,
      "name": "钟离",
      "elem": "geo",
      "level": 90,
      "promote": 6,
      "fetter": 10,
      "costume": 0,
      "cons": 2,
      "talent": {
        "a": 3,
        "e": 8,
        "q": 8
      },
      "attr": {
        "atk": 1195.42934344,
        "atkBase": 605.5167,
        "def": 774.84216,
        "defBase": 737.8122,
        "hp": 40581.43,
        "hpBase": 14695.094,
        "mastery": 34.97,
        "recharge": 105.83,
        "heal": 0,
        "cpct": 45.82,
        "cdmg": 138.57999,
        "dmg": 75.399995,
        "phy": 0
      },
      "weapon": {
        "name": "黑缨枪",
        "star": 3,
        "level": 90,
        "promote": 6,
        "affix": 5
      },
      "artis": {
        "1": {
          "name": "宗室之花",
          "set": "昔日宗室之仪",
          "level": 20,
          "main": {
            "key": "hpPlus",
            "value": 4780
          },
          "attrs": [
            {
              "key": "cpct",
              "value": 3.9
            },
            {
              "key": "cdmg",
              "value": 25.6
            },
            {
              "key": "mastery",
              "value": 35
            },
            {
              "key": "atkPlus",
              "value": 29
            }
          ]
        },
        "2": {
          "name": "宗室之翎",
          "set": "昔日宗室之仪",
          "level": 20,
          "main": {
            "key": "atkPlus",
            "value": 311
          },
          "attrs": [
            {
              "key": "hp",
              "value": 5.3
            },
            {
              "key": "atk",
              "value": 13.4
            },
            {
              "key": "cdmg",
              "value": 15.5
            },
            {
              "key": "hpPlus",
              "value": 538
            }
          ]
        },
        "3": {
          "name": "金铜时晷",
          "set": "千岩牢固",
          "level": 20,
          "main": {
            "key": "hp",
            "value": 46.6
          },
          "attrs": [
            {
              "key": "atkPlus",
              "value": 29
            },
            {
              "key": "cdmg",
              "value": 13.2
            },
            {
              "key": "atk",
              "value": 16.9
            },
            {
              "key": "defPlus",
              "value": 21
            }
          ]
        },
        "4": {
          "name": "魔女的心之火",
          "set": "炽烈的炎之魔女",
          "level": 20,
          "main": {
            "key": "geo",
            "value": 46.6
          },
          "attrs": [
            {
              "key": "hp",
              "value": 16.3
            },
            {
              "key": "cpct",
              "value": 5.8
            },
            {
              "key": "atkPlus",
              "value": 37
            },
            {
              "key": "cdmg",
              "value": 15.5
            }
          ]
        },
        "5": {
          "name": "将帅兜鍪",
          "set": "千岩牢固",
          "level": 20,
          "main": {
            "key": "cpct",
            "value": 31.1
          },
          "attrs": [
            {
              "key": "hpPlus",
              "value": 717
            },
            {
              "key": "cdmg",
              "value": 18.7
            },
            {
              "key": "defPlus",
              "value": 16
            },
            {
              "key": "recharge",
              "value": 5.8
            }
          ]
        }
      },
      "dataSource": "enka",
      "_time": 1677055282789
    },
    "10000032": {
      "id": 10000032,
      "name": "班尼特",
      "elem": "pyro",
      "level": 90,
      "promote": 6,
      "fetter": 10,
      "costume": 0,
      "cons": 6,
      "talent": {
        "a": 1,
        "e": 3,
        "q": 10
      },
      "attr": {
        "atk": 1505.5878937468733,
        "atkBase": 781.0079345703125,
        "def": 911.7871704101562,
        "defBase": 771.2493286132812,
        "hp": 33220.46875,
        "hpBase": 12397.404296875,
        "mastery": 41.959999084472656,
        "recharge": 225.09000301361084,
        "heal": 0,
        "cpct": 15.889999270439148,
        "cdmg": 82.63999819755554,
        "dmg": 0,
        "phy": 37.710002064704895
      },
      "weapon": {
        "name": "风鹰剑",
        "star": 5,
        "level": 80,
        "promote": 5,
        "affix": 1
      },
      "artis": {
        "1": {
          "name": "宗室之花",
          "set": "昔日宗室之仪",
          "level": 20,
          "main": {
            "key": "hpPlus",
            "value": 4780
          },
          "attrs": [
            {
              "key": "cdmg",
              "value": 6.2
            },
            {
              "key": "atk",
              "value": 15.2
            },
            {
              "key": "recharge",
              "value": 13.6
            },
            {
              "key": "hp",
              "value": 9.9
            }
          ]
        },
        "2": {
          "name": "宗室之翎",
          "set": "昔日宗室之仪",
          "level": 20,
          "main": {
            "key": "atkPlus",
            "value": 311
          },
          "attrs": [
            {
              "key": "hpPlus",
              "value": 777
            },
            {
              "key": "cdmg",
              "value": 7.8
            },
            {
              "key": "recharge",
              "value": 15.5
            },
            {
              "key": "def",
              "value": 13.1
            }
          ]
        },
        "3": {
          "name": "终幕的时计",
          "set": "流浪大地的乐团",
          "level": 20,
          "main": {
            "key": "recharge",
            "value": 51.8
          },
          "attrs": [
            {
              "key": "hpPlus",
              "value": 299
            },
            {
              "key": "cpct",
              "value": 10.9
            },
            {
              "key": "atkPlus",
              "value": 53
            },
            {
              "key": "hp",
              "value": 9.9
            }
          ]
        },
        "4": {
          "name": "宗室银瓮",
          "set": "昔日宗室之仪",
          "level": 20,
          "main": {
            "key": "hp",
            "value": 46.6
          },
          "attrs": [
            {
              "key": "mastery",
              "value": 42
            },
            {
              "key": "hpPlus",
              "value": 508
            },
            {
              "key": "cdmg",
              "value": 18.7
            },
            {
              "key": "atk",
              "value": 5.8
            }
          ]
        },
        "5": {
          "name": "宗室面具",
          "set": "昔日宗室之仪",
          "level": 20,
          "main": {
            "key": "hp",
            "value": 46.6
          },
          "attrs": [
            {
              "key": "atk",
              "value": 5.3
            },
            {
              "key": "hpPlus",
              "value": 448
            },
            {
              "key": "recharge",
              "value": 17.5
            },
            {
              "key": "defPlus",
              "value": 39
            }
          ]
        }
      },
      "dataSource": "enka",
      "_time": 1675594645851
    },
    "10000035": {
      "id": 10000035,
      "name": "七七",
      "elem": "cryo",
      "level": 50,
      "promote": 3,
      "fetter": 2,
      "costume": 0,
      "cons": 0,
      "talent": {
        "a": 1,
        "e": 1,
        "q": 1
      },
      "attr": {
        "atk": 227.77693617213845,
        "atkBase": 208.96966552734375,
        "def": 535.236083984375,
        "defBase": 535.236083984375,
        "hp": 7177.97900390625,
        "hpBase": 7177.97900390625,
        "mastery": 0,
        "recharge": 100,
        "heal": 11.079999804496765,
        "cpct": 5.000000074505806,
        "cdmg": 50,
        "dmg": 0,
        "phy": 0
      },
      "weapon": {
        "name": "笛剑",
        "star": 4,
        "level": 1,
        "promote": 0,
        "affix": 1
      },
      "artis": {},
      "dataSource": "enka",
      "_time": 1675320684037
    },
    "10000042": {
      "id": 10000042,
      "name": "刻晴",
      "elem": "electro",
      "level": 50,
      "promote": 3,
      "fetter": 2,
      "costume": 0,
      "cons": 2,
      "talent": {
        "a": 1,
        "e": 1,
        "q": 1
      },
      "attr": {
        "atk": 343.44137445646174,
        "atkBase": 296.31793212890625,
        "def": 463.87127685546875,
        "defBase": 463.87127685546875,
        "hp": 7604.3935546875,
        "hpBase": 7604.3935546875,
        "mastery": 0,
        "recharge": 100,
        "heal": 0,
        "cpct": 5.000000074505806,
        "cdmg": 69.20000314712524,
        "dmg": 0,
        "phy": 0
      },
      "weapon": {
        "name": "匣里龙吟",
        "star": 4,
        "level": 20,
        "promote": 1,
        "affix": 3
      },
      "artis": {},
      "dataSource": "enka",
      "_time": 1675320684036
    },
    "10000046": {
      "id": 10000046,
      "name": "胡桃",
      "elem": "pyro",
      "level": 90,
      "promote": 6,
      "fetter": 4,
      "costume": 0,
      "cons": 2,
      "talent": {
        "a": 10,
        "e": 10,
        "q": 10
      },
      "attr": {
        "atk": 1154.440754075,
        "atkBase": 714.50903,
        "def": 1021.0435,
        "defBase": 876.152,
        "hp": 24316.303,
        "hpBase": 15552.307,
        "mastery": 228.45999,
        "recharge": 122.67000999999999,
        "heal": 0,
        "cpct": 69.530004,
        "cdmg": 249.35360000000003,
        "dmg": 61.6,
        "phy": 0
      },
      "weapon": {
        "name": "护摩之杖",
        "star": 5,
        "level": 90,
        "promote": 6,
        "affix": 1
      },
      "artis": {
        "1": {
          "name": "魔女的炎之花",
          "set": "炽烈的炎之魔女",
          "level": 20,
          "main": {
            "key": "hpPlus",
            "value": 4780
          },
          "attrs": [
            {
              "key": "hp",
              "value": 4.1
            },
            {
              "key": "cdmg",
              "value": 13.2
            },
            {
              "key": "cpct",
              "value": 12.4
            },
            {
              "key": "mastery",
              "value": 42
            }
          ]
        },
        "2": {
          "name": "思忆之矢",
          "set": "追忆之注连",
          "level": 20,
          "main": {
            "key": "atkPlus",
            "value": 311
          },
          "attrs": [
            {
              "key": "cdmg",
              "value": 20.2
            },
            {
              "key": "defPlus",
              "value": 19
            },
            {
              "key": "cpct",
              "value": 12.4
            },
            {
              "key": "atk",
              "value": 5.3
            }
          ]
        },
        "3": {
          "name": "魔女破灭之时",
          "set": "炽烈的炎之魔女",
          "level": 20,
          "main": {
            "key": "mastery",
            "value": 187
          },
          "attrs": [
            {
              "key": "cdmg",
              "value": 27.2
            },
            {
              "key": "atkPlus",
              "value": 39
            },
            {
              "key": "def",
              "value": 7.3
            },
            {
              "key": "recharge",
              "value": 10.4
            }
          ]
        },
        "4": {
          "name": "魔女的心之火",
          "set": "炽烈的炎之魔女",
          "level": 20,
          "main": {
            "key": "pyro",
            "value": 46.6
          },
          "attrs": [
            {
              "key": "cpct",
              "value": 8.6
            },
            {
              "key": "cdmg",
              "value": 14
            },
            {
              "key": "atkPlus",
              "value": 19
            },
            {
              "key": "defPlus",
              "value": 63
            }
          ]
        },
        "5": {
          "name": "焦灼的魔女帽",
          "set": "炽烈的炎之魔女",
          "level": 20,
          "main": {
            "key": "cpct",
            "value": 31.1
          },
          "attrs": [
            {
              "key": "atkPlus",
              "value": 33
            },
            {
              "key": "cdmg",
              "value": 20.2
            },
            {
              "key": "recharge",
              "value": 12.3
            },
            {
              "key": "hpPlus",
              "value": 239
            }
          ]
        }
      },
      "dataSource": "enka",
      "_time": 1677055282895
    },
    "10000047": {
      "id": 10000047,
      "name": "枫原万叶",
      "elem": "anemo",
      "level": 90,
      "promote": 6,
      "fetter": 10,
      "costume": 0,
      "cons": 0,
      "talent": {
        "a": 1,
        "e": 3,
        "q": 6
      },
      "attr": {
        "atk": 1537.3219416303718,
        "atkBase": 684.2407,
        "def": 864.85205,
        "defBase": 806.98206,
        "hp": 20275.133,
        "hpBase": 13348.043,
        "mastery": 521.916,
        "recharge": 144.04,
        "heal": 0,
        "cpct": 14.719999999999999,
        "cdmg": 103.62,
        "dmg": 61.6,
        "phy": 0
      },
      "weapon": {
        "name": "铁蜂刺",
        "star": 4,
        "level": 70,
        "promote": 4,
        "affix": 1
      },
      "artis": {
        "1": {
          "name": "野花记忆的绿野",
          "set": "翠绿之影",
          "level": 20,
          "main": {
            "key": "hpPlus",
            "value": 4780
          },
          "attrs": [
            {
              "key": "atkPlus",
              "value": 19
            },
            {
              "key": "atk",
              "value": 10.5
            },
            {
              "key": "mastery",
              "value": 63
            },
            {
              "key": "recharge",
              "value": 11
            }
          ]
        },
        "2": {
          "name": "猎人青翠的箭羽",
          "set": "翠绿之影",
          "level": 20,
          "main": {
            "key": "atkPlus",
            "value": 311
          },
          "attrs": [
            {
              "key": "atk",
              "value": 9.9
            },
            {
              "key": "mastery",
              "value": 21
            },
            {
              "key": "cpct",
              "value": 6.2
            },
            {
              "key": "hpPlus",
              "value": 747
            }
          ]
        },
        "3": {
          "name": "翠绿猎人的笃定",
          "set": "翠绿之影",
          "level": 20,
          "main": {
            "key": "atk",
            "value": 46.6
          },
          "attrs": [
            {
              "key": "atkPlus",
              "value": 35
            },
            {
              "key": "cdmg",
              "value": 27.2
            },
            {
              "key": "recharge",
              "value": 5.2
            },
            {
              "key": "defPlus",
              "value": 19
            }
          ]
        },
        "4": {
          "name": "魔女的心之火",
          "set": "炽烈的炎之魔女",
          "level": 20,
          "main": {
            "key": "anemo",
            "value": 46.6
          },
          "attrs": [
            {
              "key": "recharge",
              "value": 9.1
            },
            {
              "key": "atkPlus",
              "value": 29
            },
            {
              "key": "cpct",
              "value": 3.5
            },
            {
              "key": "cdmg",
              "value": 21
            }
          ]
        },
        "5": {
          "name": "翠绿的猎人之冠",
          "set": "翠绿之影",
          "level": 20,
          "main": {
            "key": "mastery",
            "value": 187
          },
          "attrs": [
            {
              "key": "recharge",
              "value": 18.8
            },
            {
              "key": "cdmg",
              "value": 5.4
            },
            {
              "key": "defPlus",
              "value": 39
            },
            {
              "key": "hp",
              "value": 10.5
            }
          ]
        }
      },
      "dataSource": "enka",
      "_time": 1677055282894
    },
    "10000052": {
      "id": 10000052,
      "name": "雷电将军",
      "elem": "electro",
      "level": 90,
      "promote": 6,
      "fetter": 10,
      "costume": 0,
      "cons": 0,
      "talent": {
        "a": 2,
        "e": 10,
        "q": 10
      },
      "attr": {
        "atk": 1381.1269820028383,
        "atkBase": 945.31616,
        "def": 1055.5233,
        "defBase": 789.3054,
        "hp": 20169.242,
        "hpBase": 12907.19,
        "mastery": 76.93,
        "recharge": 269.288,
        "heal": 0,
        "cpct": 45.440000000000005,
        "cdmg": 175.91000000000003,
        "dmg": 46.59999999999998,
        "phy": 0
      },
      "weapon": {
        "name": "薙草之稻光",
        "star": 5,
        "level": 90,
        "promote": 6,
        "affix": 2
      },
      "artis": {
        "1": {
          "name": "明威之镡",
          "set": "绝缘之旗印",
          "level": 20,
          "main": {
            "key": "hpPlus",
            "value": 4780
          },
          "attrs": [
            {
              "key": "cdmg",
              "value": 21.8
            },
            {
              "key": "defPlus",
              "value": 19
            },
            {
              "key": "cpct",
              "value": 10.1
            },
            {
              "key": "recharge",
              "value": 4.5
            }
          ]
        },
        "2": {
          "name": "切落之羽",
          "set": "绝缘之旗印",
          "level": 20,
          "main": {
            "key": "atkPlus",
            "value": 311
          },
          "attrs": [
            {
              "key": "cdmg",
              "value": 21
            },
            {
              "key": "def",
              "value": 11.7
            },
            {
              "key": "hp",
              "value": 4.1
            },
            {
              "key": "cpct",
              "value": 10.1
            }
          ]
        },
        "3": {
          "name": "雷云之笼",
          "set": "绝缘之旗印",
          "level": 20,
          "main": {
            "key": "recharge",
            "value": 51.8
          },
          "attrs": [
            {
              "key": "defPlus",
              "value": 58
            },
            {
              "key": "cpct",
              "value": 10.1
            },
            {
              "key": "hp",
              "value": 5.8
            },
            {
              "key": "mastery",
              "value": 16
            }
          ]
        },
        "4": {
          "name": "祈望之心",
          "set": "追忆之注连",
          "level": 20,
          "main": {
            "key": "electro",
            "value": 46.6
          },
          "attrs": [
            {
              "key": "atkPlus",
              "value": 31
            },
            {
              "key": "cdmg",
              "value": 21
            },
            {
              "key": "hp",
              "value": 9.3
            },
            {
              "key": "def",
              "value": 12.4
            }
          ]
        },
        "5": {
          "name": "华饰之兜",
          "set": "绝缘之旗印",
          "level": 20,
          "main": {
            "key": "cdmg",
            "value": 62.2
          },
          "attrs": [
            {
              "key": "mastery",
              "value": 61
            },
            {
              "key": "recharge",
              "value": 5.8
            },
            {
              "key": "atk",
              "value": 9.9
            },
            {
              "key": "cpct",
              "value": 10.1
            }
          ]
        }
      },
      "dataSource": "enka",
      "_time": 1677055282794
    },
    "10000060": {
      "id": 10000060,
      "name": "夜兰",
      "elem": "hydro",
      "level": 90,
      "promote": 6,
      "fetter": 10,
      "costume": 0,
      "cons": 1,
      "talent": {
        "a": 2,
        "e": 7,
        "q": 9
      },
      "attr": {
        "atk": 1088.5634107629999,
        "atkBase": 590.61487,
        "def": 682.5732,
        "defBase": 547.9793,
        "hp": 33456.375,
        "hpBase": 14450.176,
        "mastery": 67.6,
        "recharge": 195.09988,
        "heal": 0,
        "cpct": 54.14,
        "cdmg": 175.14000000000001,
        "dmg": 0,
        "phy": 0
      },
      "weapon": {
        "name": "西风猎弓",
        "star": 4,
        "level": 70,
        "promote": 4,
        "affix": 4
      },
      "artis": {
        "1": {
          "name": "明威之镡",
          "set": "绝缘之旗印",
          "level": 20,
          "main": {
            "key": "hpPlus",
            "value": 4780
          },
          "attrs": [
            {
              "key": "cdmg",
              "value": 25.6
            },
            {
              "key": "atk",
              "value": 11.7
            },
            {
              "key": "recharge",
              "value": 6.5
            },
            {
              "key": "mastery",
              "value": 44
            }
          ]
        },
        "2": {
          "name": "切落之羽",
          "set": "绝缘之旗印",
          "level": 20,
          "main": {
            "key": "atkPlus",
            "value": 311
          },
          "attrs": [
            {
              "key": "hp",
              "value": 5.3
            },
            {
              "key": "cdmg",
              "value": 26.4
            },
            {
              "key": "atk",
              "value": 5.8
            },
            {
              "key": "defPlus",
              "value": 46
            }
          ]
        },
        "3": {
          "name": "雷云之笼",
          "set": "绝缘之旗印",
          "level": 20,
          "main": {
            "key": "hp",
            "value": 46.6
          },
          "attrs": [
            {
              "key": "atkPlus",
              "value": 29
            },
            {
              "key": "recharge",
              "value": 6.5
            },
            {
              "key": "mastery",
              "value": 23
            },
            {
              "key": "cpct",
              "value": 14
            }
          ]
        },
        "4": {
          "name": "绯花之壶",
          "set": "绝缘之旗印",
          "level": 20,
          "main": {
            "key": "hp",
            "value": 46.6
          },
          "attrs": [
            {
              "key": "atkPlus",
              "value": 18
            },
            {
              "key": "def",
              "value": 10.2
            },
            {
              "key": "cpct",
              "value": 10.1
            },
            {
              "key": "cdmg",
              "value": 10.9
            }
          ]
        },
        "5": {
          "name": "华饰之兜",
          "set": "绝缘之旗印",
          "level": 20,
          "main": {
            "key": "cdmg",
            "value": 62.2
          },
          "attrs": [
            {
              "key": "recharge",
              "value": 11.7
            },
            {
              "key": "cpct",
              "value": 5.8
            },
            {
              "key": "atkPlus",
              "value": 37
            },
            {
              "key": "defPlus",
              "value": 32
            }
          ]
        }
      },
      "dataSource": "enka",
      "_time": 1677055282889
    }
  }
}