{"uid":"203003685","chars":{"10000002":{"id":10000002,"name":"神里绫华","elem":"cryo","level":90,"promote":6,"fetter":10,"costume":0,"cons":0,"talent":{"a":10,"e":10,"q":10},"attr":{"atk":2049.337087414344,"atkBase":1016.359619140625,"def":892.1183471679688,"defBase":783.9254760742188,"hp":19178.5703125,"hpBase":12858.20703125,"mastery":34.970001220703125,"recharge":116.84000492095947,"heal":0,"cpct":34.940001368522644,"cdmg":280.95240592956543,"dmg":61.60000014305115,"phy":0},"weapon":{"name":"雾切之回光","star":5,"level":90,"promote":6,"affix":1},"artis":{"1":{"name":"历经风雪的思念","set":"冰风迷途的勇士","level":20,"main":{"key":"hpPlus","value":4780},"attrs":[{"key":"def","value":5.8},{"key":"cdmg","value":30.3},{"key":"atkPlus","value":18},{"key":"atk","value":11.1}]},"2":{"name":"摧冰而行的执望","set":"冰风迷途的勇士","level":20,"main":{"key":"atkPlus","value":311},"attrs":[{"key":"recharge","value":11.7},{"key":"cdmg","value":31.1},{"key":"hpPlus","value":239},{"key":"defPlus","value":42}]},"3":{"name":"冰雪故园的终期","set":"冰风迷途的勇士","level":20,"main":{"key":"atk","value":46.6},"attrs":[{"key":"hp","value":4.1},{"key":"cdmg","value":24.9},{"key":"cpct","value":3.9},{"key":"mastery","value":35}]},"4":{"name":"遍结寒霜的傲骨","set":"冰风迷途的勇士","level":20,"main":{"key":"cryo","value":46.6},"attrs":[{"key":"recharge","value":5.2},{"key":"cpct","value":13.2},{"key":"defPlus","value":21},{"key":"hpPlus","value":538}]},"5":{"name":"华饰之兜","set":"绝缘之旗印","level":20,"main":{"key":"cdmg","value":62.2},"attrs":[{"key":"atk","value":9.9},{"key":"hpPlus","value":239},{"key":"atkPlus","value":18},{"key":"cpct","value":12.8}]}},"dataSource":"enka","_time":1675405542176},"10000033":{"id":10000033,"name":"达达利亚","elem":"hydro","level":89,"promote":6,"fetter":10,"costume":0,"cons":0,"talent":{"a":8,"e":9,"q":8},"attr":{"atk":2105.871344806488,"atkBase":973.5877685546875,"def":845.9998168945312,"defBase":808.9598388671875,"hp":18531.3125,"hpBase":13011.3203125,"mastery":149.19000244140625,"recharge":111.01000308990479,"heal":0,"cpct":92.76120066642761,"cdmg":149.25999641418457,"dmg":90.39999842643738,"phy":0},"weapon":{"name":"天空之翼","star":5,"level":90,"promote":6,"affix":1},"artis":{"1":{"name":"饰金胸花","set":"沉沦之心","level":20,"main":{"key":"hpPlus","value":4780},"attrs":[{"key":"atk","value":9.9},{"key":"cdmg","value":13.2},{"key":"cpct","value":7.4},{"key":"mastery","value":44}]},"2":{"name":"追忆之风","set":"沉沦之心","level":20,"main":{"key":"atkPlus","value":311},"attrs":[{"key":"cpct","value":3.9},{"key":"defPlus","value":37},{"key":"recharge","value":11},{"key":"cdmg","value":26.4}]},"3":{"name":"角斗士的希冀","set":"角斗士的终幕礼","level":20,"main":{"key":"atk","value":46.6},"attrs":[{"key":"cpct","value":11.3},{"key":"atkPlus","value":14},{"key":"mastery","value":61},{"key":"cdmg","value":7}]},"4":{"name":"祈望之心","set":"追忆之注连","level":20,"main":{"key":"hydro","value":46.6},"attrs":[{"key":"atkPlus","value":31},{"key":"cdmg","value":5.4},{"key":"cpct","value":12.1},{"key":"hpPlus","value":209}]},"5":{"name":"无常之面","set":"追忆之注连","level":20,"main":{"key":"cpct","value":31.1},"attrs":[{"key":"hp","value":4.1},{"key":"mastery","value":44},{"key":"cdmg","value":27.2},{"key":"atk","value":5.3}]}},"dataSource":"enka","_time":1675405542175},"10000037":{"id":10000037,"name":"甘雨","elem":"cryo","level":90,"promote":6,"fetter":10,"costume":0,"cons":0,"talent":{"a":10,"e":4,"q":7},"attr":{"atk":2272.114654274963,"atkBase":942.9243774414062,"def":856.7855224609375,"defBase":630.214599609375,"hp":16403.8203125,"hpBase":9796.7294921875,"mastery":201.22000122070312,"recharge":100,"heal":0,"cpct":57.10000395774841,"cdmg":180.85999488830566,"dmg":46.59999907016754,"phy":0},"weapon":{"name":"阿莫斯之弓","star":5,"level":90,"promote":6,"affix":2},"artis":{"1":{"name":"羁缠之花","set":"追忆之注连","level":20,"main":{"key":"hpPlus","value":4780},"attrs":[{"key":"defPlus","value":39},{"key":"hp","value":13.4},{"key":"cdmg","value":23.3},{"key":"cpct","value":3.9}]},"2":{"name":"琴师的箭羽","set":"流浪大地的乐团","level":20,"main":{"key":"atkPlus","value":311},"attrs":[{"key":"cpct","value":10.5},{"key":"cdmg","value":13.2},{"key":"defPlus","value":56},{"key":"hp","value":5.3}]},"3":{"name":"坚铜罗盘","set":"沉沦之心","level":20,"main":{"key":"atk","value":46.6},"attrs":[{"key":"mastery","value":56},{"key":"cpct","value":6.6},{"key":"cdmg","value":14.8},{"key":"atkPlus","value":18}]},"4":{"name":"吟游者之壶","set":"流浪大地的乐团","level":20,"main":{"key":"cryo","value":46.6},"attrs":[{"key":"mastery","value":44},{"key":"def","value":5.1},{"key":"cdmg","value":21},{"key":"defPlus","value":65}]},"5":{"name":"指挥的礼帽","set":"流浪大地的乐团","level":20,"main":{"key":"cpct","value":31.1},"attrs":[{"key":"mastery","value":21},{"key":"defPlus","value":35},{"key":"atk","value":9.9},{"key":"cdmg","value":20.2}]}},"dataSource":"enka","_time":1675405542175},"10000046":{"id":10000046,"name":"胡桃","elem":"pyro","level":90,"promote":6,"fetter":10,"costume":0,"cons":1,"talent":{"a":10,"e":10,"q":9},"attr":{"atk":1164.6510349992022,"atkBase":714.509033203125,"def":899.302001953125,"defBase":876.1519775390625,"hp":35116.98828125,"hpBase":15552.306640625,"mastery":145.26998901367188,"recharge":100,"heal":0,"cpct":73.03999662399292,"cdmg":251.68359279632568,"dmg":61.59999966621399,"phy":0},"weapon":{"name":"护摩之杖","star":5,"level":90,"promote":6,"affix":1},"artis":{"1":{"name":"乐团的晨光","set":"流浪大地的乐团","level":20,"main":{"key":"hpPlus","value":4780},"attrs":[{"key":"cdmg","value":14.8},{"key":"cpct","value":12.1},{"key":"atk","value":4.7},{"key":"atkPlus","value":33}]},"2":{"name":"魔女常燃之羽","set":"炽烈的炎之魔女","level":20,"main":{"key":"atkPlus","value":311},"attrs":[{"key":"atk","value":5.8},{"key":"cdmg","value":21.8},{"key":"cpct","value":7},{"key":"hp","value":10.5}]},"3":{"name":"终幕的时计","set":"流浪大地的乐团","level":20,"main":{"key":"hp","value":46.6},"attrs":[{"key":"cdmg","value":15.5},{"key":"hpPlus","value":896},{"key":"cpct","value":10.9},{"key":"atkPlus","value":16}]},"4":{"name":"遍结寒霜的傲骨","set":"冰风迷途的勇士","level":20,"main":{"key":"pyro","value":46.6},"attrs":[{"key":"hpPlus","value":448},{"key":"cpct","value":7},{"key":"cdmg","value":26.4},{"key":"defPlus","value":23}]},"5":{"name":"焦灼的魔女帽","set":"炽烈的炎之魔女","level":20,"main":{"key":"cpct","value":31.1},"attrs":[{"key":"atkPlus","value":16},{"key":"hp","value":9.3},{"key":"mastery","value":65},{"key":"cdmg","value":18.7}]}},"dataSource":"enka","_time":1675405542176},"10000052":{"id":10000052,"name":"雷电将军","elem":"electro","level":89,"promote":6,"fetter":10,"costume":0,"cons":1,"talent":{"a":1,"e":9,"q":9},"attr":{"atk":1570.5422062630714,"atkBase":899.6624145507812,"def":913.421875,"defBase":783.7752685546875,"hp":17865.63671875,"hpBase":12816.7578125,"mastery":23.309999465942383,"recharge":250.61683654785156,"heal":0,"cpct":65.65000414848328,"cdmg":140.910005569458,"dmg":46.600003242492676,"phy":0},"weapon":{"name":"西风长枪","star":4,"level":90,"promote":6,"affix":5},"artis":{"1":{"name":"明威之镡","set":"绝缘之旗印","level":20,"main":{"key":"hpPlus","value":4780},"attrs":[{"key":"cdmg","value":21.8},{"key":"atkPlus","value":16},{"key":"cpct","value":6.2},{"key":"atk","value":11.1}]},"2":{"name":"切落之羽","set":"绝缘之旗印","level":20,"main":{"key":"atkPlus","value":311},"attrs":[{"key":"cpct","value":3.1},{"key":"recharge","value":11.7},{"key":"cdmg","value":19.4},{"key":"defPlus","value":44}]},"3":{"name":"雷云之笼","set":"绝缘之旗印","level":20,"main":{"key":"recharge","value":51.8},"attrs":[{"key":"cpct","value":7},{"key":"atk","value":9.9},{"key":"mastery","value":23},{"key":"cdmg","value":22.5}]},"4":{"name":"绯花之壶","set":"绝缘之旗印","level":20,"main":{"key":"electro","value":46.6},"attrs":[{"key":"cdmg","value":6.2},{"key":"hpPlus","value":269},{"key":"cpct","value":13.2},{"key":"atk","value":11.7}]},"5":{"name":"渡火者的智慧","set":"渡过烈火的贤人","level":20,"main":{"key":"cpct","value":31.1},"attrs":[{"key":"recharge","value":4.5},{"key":"def","value":10.9},{"key":"cdmg","value":21},{"key":"atkPlus","value":51}]}},"dataSource":"enka","_time":1675405542176},"10000060":{"id":10000060,"name":"夜兰","elem":"hydro","level":90,"promote":6,"fetter":10,"costume":0,"cons":0,"talent":{"a":1,"e":8,"q":9},"attr":{"atk":1294.7994368039144,"atkBase":785.791748046875,"def":683.8006591796875,"defBase":547.9793090820312,"hp":26182.86328125,"hpBase":14450.17578125,"mastery":228.45999145507812,"recharge":120.00000476837158,"heal":0,"cpct":84.4599962234497,"cdmg":215.1348114013672,"dmg":46.59999907016754,"phy":0},"weapon":{"name":"若水","star":5,"level":90,"promote":6,"affix":1},"artis":{"1":{"name":"明威之镡","set":"绝缘之旗印","level":20,"main":{"key":"hpPlus","value":4780},"attrs":[{"key":"hp","value":9.9},{"key":"cpct","value":6.2},{"key":"mastery","value":42},{"key":"cdmg","value":18.7}]},"2":{"name":"切落之羽","set":"绝缘之旗印","level":20,"main":{"key":"atkPlus","value":311},"attrs":[{"key":"cdmg","value":10.9},{"key":"defPlus","value":21},{"key":"cpct","value":13.2},{"key":"hpPlus","value":299}]},"3":{"name":"魔女破灭之时","set":"炽烈的炎之魔女","level":20,"main":{"key":"mastery","value":187},"attrs":[{"key":"cdmg","value":27.2},{"key":"def","value":5.1},{"key":"atk","value":9.9},{"key":"hp","value":9.3}]},"4":{"name":"绯花之壶","set":"绝缘之旗印","level":20,"main":{"key":"hydro","value":46.6},"attrs":[{"key":"atk","value":11.1},{"key":"defPlus","value":23},{"key":"cpct","value":9.7},{"key":"def","value":11.7}]},"5":{"name":"无常之面","set":"追忆之注连","level":20,"main":{"key":"cpct","value":31.1},"attrs":[{"key":"cdmg","value":20.2},{"key":"hpPlus","value":299},{"key":"atkPlus","value":33},{"key":"hp","value":8.7}]}},"dataSource":"enka","_time":1675405542176}}}