{
  "uid": "212610319",
  "name": "",
  "level": "",
  "word": "",
  "face": "",
  "card": "",
  "sign": "",
  "info": false,
  "avatars": {
    "10000002": {
      "name": "神里绫华",
      "id": 10000002,
      "elem": "cryo",
      "level": 80,
      "promote": 5,
      "fetter": 3,
      "costume": 0,
      "cons": 0,
      "talent": {
        "a": 3,
        "e": 4,
        "q": 4
      },
      "weapon": {
        "name": "无锋剑",
        "level": 1,
        "promote": 0,
        "affix": 1
      },
      "artis": {
        "4": {
          "name": "角斗士的酣醉",
          "level": 20,
          "star": 5,
          "main": {
            "key": "cryo",
            "value": 46.6
          },
          "attrs": [
            {
              "key": "cdmg",
              "value": 15.5
            },
            {
              "key": "hpPlus",
              "value": 538
            },
            {
              "key": "atkPlus",
              "value": 51
            },
            {
              "key": "atk",
              "value": 5.3
            }
          ]
        }
      },
      "_source": "enka",
      "_time": 1676715975982,
      "_update": 1677559000687,
      "_talent": 1677559000687
    },
    "10000016": {
      "name": "迪卢克",
      "id": 10000016,
      "elem": "pyro",
      "level": 90,
      "promote": 6,
      "fetter": 10,
      "costume": 0,
      "cons": 0,
      "talent": {
        "a": 4,
        "e": 8,
        "q": 8
      },
      "weapon": {
        "name": "试作古华",
        "level": 80,
        "promote": 5,
        "affix": 4
      },
      "artis": {
        "1": {
          "name": "魔女的炎之花",
          "level": 20,
          "star": 5,
          "main": {
            "key": "hpPlus",
            "value": 4780
          },
          "attrs": [
            {
              "key": "atk",
              "value": 10.5
            },
            {
              "key": "cpct",
              "value": 6.2
            },
            {
              "key": "cdmg",
              "value": 22.5
            },
            {
              "key": "defPlus",
              "value": 16
            }
          ]
        },
        "2": {
          "name": "魔女常燃之羽",
          "level": 20,
          "star": 5,
          "main": {
            "key": "atkPlus",
            "value": 311
          },
          "attrs": [
            {
              "key": "mastery",
              "value": 42
            },
            {
              "key": "cdmg",
              "value": 21.8
            },
            {
              "key": "atk",
              "value": 9.9
            },
            {
              "key": "recharge",
              "value": 5.8
            }
          ]
        },
        "3": {
          "name": "魔女破灭之时",
          "level": 20,
          "star": 5,
          "main": {
            "key": "atk",
            "value": 46.6
          },
          "attrs": [
            {
              "key": "cdmg",
              "value": 11.7
            },
            {
              "key": "hp",
              "value": 9.9
            },
            {
              "key": "cpct",
              "value": 12.8
            },
            {
              "key": "mastery",
              "value": 19
            }
          ]
        },
        "4": {
          "name": "渡火者的醒悟",
          "level": 20,
          "star": 5,
          "main": {
            "key": "pyro",
            "value": 46.6
          },
          "attrs": [
            {
              "key": "atk",
              "value": 9.9
            },
            {
              "key": "atkPlus",
              "value": 49
            },
            {
              "key": "cpct",
              "value": 7
            },
            {
              "key": "recharge",
              "value": 4.5
            }
          ]
        },
        "5": {
          "name": "焦灼的魔女帽",
          "level": 20,
          "star": 5,
          "main": {
            "key": "cdmg",
            "value": 62.2
          },
          "attrs": [
            {
              "key": "hp",
              "value": 4.7
            },
            {
              "key": "atk",
              "value": 8.7
            },
            {
              "key": "atkPlus",
              "value": 16
            },
            {
              "key": "recharge",
              "value": 21.4
            }
          ]
        }
      },
      "_source": "enka",
      "_time": 1676715975981,
      "_update": 1677559000688,
      "_talent": 1677559000688
    },
    "10000026": {
      "name": "魈",
      "id": 10000026,
      "elem": "anemo",
      "level": 90,
      "promote": 6,
      "fetter": 10,
      "costume": 0,
      "cons": 0,
      "talent": {
        "a": 10,
        "e": 8,
        "q": 10
      },
      "weapon": {
        "name": "和璞鸢",
        "level": 90,
        "promote": 6,
        "affix": 1
      },
      "artis": {
        "1": {
          "name": "生灵之华",
          "level": 20,
          "star": 5,
          "main": {
            "key": "hpPlus",
            "value": 4780
          },
          "attrs": [
            {
              "key": "cdmg",
              "value": 19.4
            },
            {
              "key": "mastery",
              "value": 33
            },
            {
              "key": "atk",
              "value": 8.7
            },
            {
              "key": "def",
              "value": 6.6
            }
          ]
        },
        "2": {
          "name": "潜光片羽",
          "level": 20,
          "star": 5,
          "main": {
            "key": "atkPlus",
            "value": 311
          },
          "attrs": [
            {
              "key": "atk",
              "value": 4.7
            },
            {
              "key": "hp",
              "value": 11.1
            },
            {
              "key": "cdmg",
              "value": 25.7
            },
            {
              "key": "defPlus",
              "value": 16
            }
          ]
        },
        "3": {
          "name": "阳辔之遗",
          "level": 20,
          "star": 5,
          "main": {
            "key": "atk",
            "value": 46.6
          },
          "attrs": [
            {
              "key": "cpct",
              "value": 2.7
            },
            {
              "key": "def",
              "value": 21.9
            },
            {
              "key": "cdmg",
              "value": 19.4
            },
            {
              "key": "recharge",
              "value": 5.8
            }
          ]
        },
        "4": {
          "name": "涌泉之盏",
          "level": 20,
          "star": 5,
          "main": {
            "key": "anemo",
            "value": 46.6
          },
          "attrs": [
            {
              "key": "mastery",
              "value": 68
            },
            {
              "key": "defPlus",
              "value": 44
            },
            {
              "key": "cdmg",
              "value": 11.7
            },
            {
              "key": "atkPlus",
              "value": 33
            }
          ]
        },
        "5": {
          "name": "虺雷之姿",
          "level": 20,
          "star": 5,
          "main": {
            "key": "cdmg",
            "value": 62.2
          },
          "attrs": [
            {
              "key": "defPlus",
              "value": 35
            },
            {
              "key": "cpct",
              "value": 9.3
            },
            {
              "key": "atkPlus",
              "value": 16
            },
            {
              "key": "mastery",
              "value": 40
            }
          ]
        }
      },
      "_source": "enka",
      "_time": 1676715975980,
      "_update": 1677559000688,
      "_talent": 1677559000688
    },
    "10000030": {
      "name": "钟离",
      "id": 10000030,
      "elem": "geo",
      "level": 90,
      "promote": 6,
      "fetter": 10,
      "costume": 0,
      "cons": 0,
      "talent": {
        "a": 2,
        "e": 8,
        "q": 8
      },
      "weapon": {
        "name": "天空之脊",
        "level": 80,
        "promote": 5,
        "affix": 1
      },
      "artis": {
        "1": {
          "name": "勋绩之花",
          "level": 20,
          "star": 5,
          "main": {
            "key": "hpPlus",
            "value": 4780
          },
          "attrs": [
            {
              "key": "defPlus",
              "value": 42
            },
            {
              "key": "cdmg",
              "value": 10.9
            },
            {
              "key": "atkPlus",
              "value": 39
            },
            {
              "key": "recharge",
              "value": 16.8
            }
          ]
        },
        "2": {
          "name": "昭武翎羽",
          "level": 20,
          "star": 5,
          "main": {
            "key": "atkPlus",
            "value": 311
          },
          "attrs": [
            {
              "key": "recharge",
              "value": 5.2
            },
            {
              "key": "mastery",
              "value": 56
            },
            {
              "key": "hpPlus",
              "value": 627
            },
            {
              "key": "atk",
              "value": 5.3
            }
          ]
        },
        "3": {
          "name": "众生之谣",
          "level": 20,
          "star": 5,
          "main": {
            "key": "atk",
            "value": 46.6
          },
          "attrs": [
            {
              "key": "cdmg",
              "value": 17.1
            },
            {
              "key": "def",
              "value": 11.7
            },
            {
              "key": "defPlus",
              "value": 16
            },
            {
              "key": "cpct",
              "value": 7
            }
          ]
        },
        "4": {
          "name": "盟誓金爵",
          "level": 20,
          "star": 5,
          "main": {
            "key": "hp",
            "value": 46.6
          },
          "attrs": [
            {
              "key": "def",
              "value": 7.3
            },
            {
              "key": "cpct",
              "value": 3.1
            },
            {
              "key": "defPlus",
              "value": 97
            },
            {
              "key": "hpPlus",
              "value": 209
            }
          ]
        },
        "5": {
          "name": "将帅兜鍪",
          "level": 20,
          "star": 5,
          "main": {
            "key": "hp",
            "value": 46.6
          },
          "attrs": [
            {
              "key": "hpPlus",
              "value": 269
            },
            {
              "key": "cpct",
              "value": 7.8
            },
            {
              "key": "recharge",
              "value": 11
            },
            {
              "key": "def",
              "value": 19
            }
          ]
        }
      },
      "_source": "enka",
      "_time": 1676715975979,
      "_update": 1677559000688,
      "_talent": 1677559000688
    },
    "10000033": {
      "name": "达达利亚",
      "id": 10000033,
      "elem": "hydro",
      "level": 70,
      "promote": 4,
      "fetter": 1,
      "costume": 0,
      "cons": 0,
      "talent": {
        "a": 4,
        "e": 6,
        "q": 5
      },
      "weapon": {
        "name": "弓藏",
        "level": 70,
        "promote": 4,
        "affix": 4
      },
      "artis": {
        "1": {
          "name": "饰金胸花",
          "level": 20,
          "star": 5,
          "main": {
            "key": "hpPlus",
            "value": 4780
          },
          "attrs": [
            {
              "key": "cdmg",
              "value": 35
            },
            {
              "key": "atkPlus",
              "value": 37
            },
            {
              "key": "atk",
              "value": 5.8
            },
            {
              "key": "recharge",
              "value": 6.5
            }
          ]
        },
        "2": {
          "name": "渊宫之羽",
          "level": 20,
          "star": 5,
          "main": {
            "key": "atkPlus",
            "value": 311
          },
          "attrs": [
            {
              "key": "mastery",
              "value": 21
            },
            {
              "key": "cdmg",
              "value": 28
            },
            {
              "key": "recharge",
              "value": 11
            },
            {
              "key": "hpPlus",
              "value": 299
            }
          ]
        },
        "3": {
          "name": "坚铜罗盘",
          "level": 20,
          "star": 5,
          "main": {
            "key": "atk",
            "value": 46.6
          },
          "attrs": [
            {
              "key": "cpct",
              "value": 6.6
            },
            {
              "key": "recharge",
              "value": 9.1
            },
            {
              "key": "cdmg",
              "value": 11.7
            },
            {
              "key": "def",
              "value": 12.4
            }
          ]
        },
        "5": {
          "name": "酒渍船帽",
          "level": 20,
          "star": 5,
          "main": {
            "key": "cdmg",
            "value": 62.2
          },
          "attrs": [
            {
              "key": "def",
              "value": 19.7
            },
            {
              "key": "cpct",
              "value": 8.9
            },
            {
              "key": "hpPlus",
              "value": 269
            },
            {
              "key": "atkPlus",
              "value": 14
            }
          ]
        }
      },
      "_source": "enka",
      "_time": 1676715975983,
      "_update": 1677559000688,
      "_talent": 1677559000688
    },
    "10000037": {
      "name": "甘雨",
      "id": 10000037,
      "elem": "cryo",
      "level": 81,
      "promote": 6,
      "fetter": 7,
      "costume": 0,
      "cons": 0,
      "talent": {
        "a": 8,
        "e": 1,
        "q": 1
      },
      "weapon": {
        "name": "阿莫斯之弓",
        "level": 90,
        "promote": 6,
        "affix": 1
      },
      "artis": {
        "1": {
          "name": "乐团的晨光",
          "level": 20,
          "star": 5,
          "main": {
            "key": "hpPlus",
            "value": 4780
          },
          "attrs": [
            {
              "key": "hp",
              "value": 4.1
            },
            {
              "key": "atk",
              "value": 4.7
            },
            {
              "key": "cdmg",
              "value": 27.2
            },
            {
              "key": "cpct",
              "value": 5.8
            }
          ]
        },
        "2": {
          "name": "琴师的箭羽",
          "level": 20,
          "star": 5,
          "main": {
            "key": "atkPlus",
            "value": 311
          },
          "attrs": [
            {
              "key": "hp",
              "value": 5.3
            },
            {
              "key": "mastery",
              "value": 44
            },
            {
              "key": "cdmg",
              "value": 25.7
            },
            {
              "key": "recharge",
              "value": 5.2
            }
          ]
        },
        "3": {
          "name": "终幕的时计",
          "level": 20,
          "star": 5,
          "main": {
            "key": "atk",
            "value": 46.6
          },
          "attrs": [
            {
              "key": "def",
              "value": 6.6
            },
            {
              "key": "cdmg",
              "value": 22.5
            },
            {
              "key": "defPlus",
              "value": 39
            },
            {
              "key": "cpct",
              "value": 8.9
            }
          ]
        },
        "4": {
          "name": "遍结寒霜的傲骨",
          "level": 20,
          "star": 5,
          "main": {
            "key": "cryo",
            "value": 46.6
          },
          "attrs": [
            {
              "key": "atkPlus",
              "value": 35
            },
            {
              "key": "cdmg",
              "value": 14.8
            },
            {
              "key": "defPlus",
              "value": 39
            },
            {
              "key": "mastery",
              "value": 65
            }
          ]
        },
        "5": {
          "name": "指挥的礼帽",
          "level": 20,
          "star": 5,
          "main": {
            "key": "cdmg",
            "value": 62.2
          },
          "attrs": [
            {
              "key": "recharge",
              "value": 21.4
            },
            {
              "key": "atk",
              "value": 4.1
            },
            {
              "key": "hpPlus",
              "value": 209
            },
            {
              "key": "mastery",
              "value": 35
            }
          ]
        }
      },
      "_source": "enka",
      "_time": 1676715975982,
      "_update": 1677559000688,
      "_talent": 1677559000688
    },
    "10000038": {
      "name": "阿贝多",
      "id": 10000038,
      "elem": "geo",
      "level": 80,
      "promote": 5,
      "fetter": 8,
      "costume": 0,
      "cons": 0,
      "talent": {
        "a": 1,
        "e": 8,
        "q": 5
      },
      "weapon": {
        "name": "黎明神剑",
        "level": 90,
        "promote": 6,
        "affix": 5
      },
      "artis": {
        "1": {
          "name": "荣花之期",
          "level": 20,
          "star": 5,
          "main": {
            "key": "hpPlus",
            "value": 4780
          },
          "attrs": [
            {
              "key": "atkPlus",
              "value": 53
            },
            {
              "key": "def",
              "value": 14.6
            },
            {
              "key": "defPlus",
              "value": 21
            },
            {
              "key": "cdmg",
              "value": 18.7
            }
          ]
        },
        "2": {
          "name": "琴师的箭羽",
          "level": 20,
          "star": 5,
          "main": {
            "key": "atkPlus",
            "value": 311
          },
          "attrs": [
            {
              "key": "def",
              "value": 19
            },
            {
              "key": "defPlus",
              "value": 23
            },
            {
              "key": "recharge",
              "value": 12.3
            },
            {
              "key": "cdmg",
              "value": 19.4
            }
          ]
        },
        "3": {
          "name": "众生之谣",
          "level": 20,
          "star": 5,
          "main": {
            "key": "def",
            "value": 58.3
          },
          "attrs": [
            {
              "key": "recharge",
              "value": 6.5
            },
            {
              "key": "cpct",
              "value": 8.6
            },
            {
              "key": "hpPlus",
              "value": 508
            },
            {
              "key": "hp",
              "value": 9.3
            }
          ]
        },
        "4": {
          "name": "梦醒之瓢",
          "level": 20,
          "star": 5,
          "main": {
            "key": "geo",
            "value": 46.6
          },
          "attrs": [
            {
              "key": "atkPlus",
              "value": 37
            },
            {
              "key": "hpPlus",
              "value": 926
            },
            {
              "key": "defPlus",
              "value": 39
            },
            {
              "key": "def",
              "value": 5.8
            }
          ]
        },
        "5": {
          "name": "形骸之笠",
          "level": 20,
          "star": 5,
          "main": {
            "key": "cdmg",
            "value": 62.2
          },
          "attrs": [
            {
              "key": "cpct",
              "value": 3.1
            },
            {
              "key": "hpPlus",
              "value": 687
            },
            {
              "key": "recharge",
              "value": 12.3
            },
            {
              "key": "mastery",
              "value": 37
            }
          ]
        }
      },
      "_source": "enka",
      "_time": 1676715975981,
      "_update": 1677559000688,
      "_talent": 1677559000688
    },
    "10000057": {
      "name": "荒泷一斗",
      "id": 10000057,
      "elem": "geo",
      "level": 90,
      "promote": 6,
      "fetter": 10,
      "costume": 0,
      "cons": 0,
      "talent": {
        "a": 8,
        "e": 7,
        "q": 10
      },
      "weapon": {
        "name": "螭骨剑",
        "level": 90,
        "promote": 6,
        "affix": 3
      },
      "artis": {
        "1": {
          "name": "荣花之期",
          "level": 20,
          "star": 5,
          "main": {
            "key": "hpPlus",
            "value": 4780
          },
          "attrs": [
            {
              "key": "def",
              "value": 12.4
            },
            {
              "key": "cpct",
              "value": 7.8
            },
            {
              "key": "atkPlus",
              "value": 16
            },
            {
              "key": "cdmg",
              "value": 21
            }
          ]
        },
        "2": {
          "name": "角斗士的归宿",
          "level": 20,
          "star": 5,
          "main": {
            "key": "atkPlus",
            "value": 311
          },
          "attrs": [
            {
              "key": "def",
              "value": 13.1
            },
            {
              "key": "defPlus",
              "value": 23
            },
            {
              "key": "cdmg",
              "value": 25.6
            },
            {
              "key": "atk",
              "value": 9.9
            }
          ]
        },
        "3": {
          "name": "众生之谣",
          "level": 20,
          "star": 5,
          "main": {
            "key": "atk",
            "value": 46.6
          },
          "attrs": [
            {
              "key": "defPlus",
              "value": 21
            },
            {
              "key": "hpPlus",
              "value": 299
            },
            {
              "key": "atkPlus",
              "value": 54
            },
            {
              "key": "cdmg",
              "value": 29.5
            }
          ]
        },
        "4": {
          "name": "梦醒之瓢",
          "level": 20,
          "star": 5,
          "main": {
            "key": "def",
            "value": 58.3
          },
          "attrs": [
            {
              "key": "cdmg",
              "value": 15.5
            },
            {
              "key": "mastery",
              "value": 65
            },
            {
              "key": "recharge",
              "value": 10.4
            },
            {
              "key": "defPlus",
              "value": 39
            }
          ]
        },
        "5": {
          "name": "形骸之笠",
          "level": 20,
          "star": 5,
          "main": {
            "key": "cdmg",
            "value": 62.2
          },
          "attrs": [
            {
              "key": "atkPlus",
              "value": 51
            },
            {
              "key": "recharge",
              "value": 11.7
            },
            {
              "key": "cpct",
              "value": 5.4
            },
            {
              "key": "mastery",
              "value": 16
            }
          ]
        }
      },
      "_source": "enka",
      "_time": 1676715975979,
      "_update": 1677559000688,
      "_talent": 1677559000688
    }
  },
  "chars": {
    "10000002": {
      "id": 10000002,
      "name": "神里绫华",
      "elem": "cryo",
      "level": 80,
      "promote": 5,
      "fetter": 3,
      "costume": 0,
      "cons": 0,
      "talent": {
        "a": 3,
        "e": 4,
        "q": 4
      },
      "attr": {
        "atk": 392.64902349999994,
        "atkBase": 325.0062,
        "def": 691.6394,
        "defBase": 691.6394,
        "hp": 11882.254,
        "hpBase": 11344.504,
        "mastery": 0,
        "recharge": 100,
        "heal": 0,
        "cpct": 5,
        "cdmg": 94.339997,
        "dmg": 46.6,
        "phy": 0
      },
      "weapon": {
        "name": "无锋剑",
        "star": 1,
        "level": 1,
        "promote": 0,
        "affix": 1
      },
      "artis": {
        "4": {
          "name": "角斗士的酣醉",
          "set": "角斗士的终幕礼",
          "level": 20,
          "main": {
            "key": "cryo",
            "value": 46.6
          },
          "attrs": [
            {
              "key": "cdmg",
              "value": 15.5
            },
            {
              "key": "hpPlus",
              "value": 538
            },
            {
              "key": "atkPlus",
              "value": 51
            },
            {
              "key": "atk",
              "value": 5.3
            }
          ]
        }
      },
      "dataSource": "enka",
      "_time": 1676715975982
    },
    "10000016": {
      "id": 10000016,
      "name": "迪卢克",
      "elem": "pyro",
      "level": 90,
      "promote": 6,
      "fetter": 10,
      "costume": 0,
      "cons": 0,
      "talent": {
        "a": 4,
        "e": 8,
        "q": 8
      },
      "attr": {
        "atk": 2128.1460104800003,
        "atkBase": 831.57306,
        "def": 800.1255,
        "defBase": 783.9255,
        "hp": 19651.95,
        "hpBase": 12980.666,
        "mastery": 60.61,
        "recharge": 131.73,
        "heal": 0,
        "cpct": 50.24999999999999,
        "cdmg": 168.14,
        "dmg": 61.6,
        "phy": 0
      },
      "weapon": {
        "name": "试作古华",
        "star": 4,
        "level": 80,
        "promote": 5,
        "affix": 4
      },
      "artis": {
        "1": {
          "name": "魔女的炎之花",
          "set": "炽烈的炎之魔女",
          "level": 20,
          "main": {
            "key": "hpPlus",
            "value": 4780
          },
          "attrs": [
            {
              "key": "atk",
              "value": 10.5
            },
            {
              "key": "cpct",
              "value": 6.2
            },
            {
              "key": "cdmg",
              "value": 22.5
            },
            {
              "key": "defPlus",
              "value": 16
            }
          ]
        },
        "2": {
          "name": "魔女常燃之羽",
          "set": "炽烈的炎之魔女",
          "level": 20,
          "main": {
            "key": "atkPlus",
            "value": 311
          },
          "attrs": [
            {
              "key": "mastery",
              "value": 42
            },
            {
              "key": "cdmg",
              "value": 21.8
            },
            {
              "key": "atk",
              "value": 9.9
            },
            {
              "key": "recharge",
              "value": 5.8
            }
          ]
        },
        "3": {
          "name": "魔女破灭之时",
          "set": "炽烈的炎之魔女",
          "level": 20,
          "main": {
            "key": "atk",
            "value": 46.6
          },
          "attrs": [
            {
              "key": "cdmg",
              "value": 11.7
            },
            {
              "key": "hp",
              "value": 9.9
            },
            {
              "key": "cpct",
              "value": 12.8
            },
            {
              "key": "mastery",
              "value": 19
            }
          ]
        },
        "4": {
          "name": "渡火者的醒悟",
          "set": "渡过烈火的贤人",
          "level": 20,
          "main": {
            "key": "pyro",
            "value": 46.6
          },
          "attrs": [
            {
              "key": "atk",
              "value": 9.9
            },
            {
              "key": "atkPlus",
              "value": 49
            },
            {
              "key": "cpct",
              "value": 7
            },
            {
              "key": "recharge",
              "value": 4.5
            }
          ]
        },
        "5": {
          "name": "焦灼的魔女帽",
          "set": "炽烈的炎之魔女",
          "level": 20,
          "main": {
            "key": "cdmg",
            "value": 62.2
          },
          "attrs": [
            {
              "key": "hp",
              "value": 4.7
            },
            {
              "key": "atk",
              "value": 8.7
            },
            {
              "key": "atkPlus",
              "value": 16
            },
            {
              "key": "recharge",
              "value": 21.4
            }
          ]
        }
      },
      "dataSource": "enka",
      "_time": 1676715975981
    },
    "10000026": {
      "id": 10000026,
      "name": "魈",
      "elem": "anemo",
      "level": 90,
      "promote": 6,
      "fetter": 10,
      "costume": 0,
      "cons": 0,
      "talent": {
        "a": 10,
        "e": 8,
        "q": 10
      },
      "attr": {
        "atk": 2181.52233070605,
        "atkBase": 1023.535,
        "def": 1121.4366,
        "defBase": 799.2966,
        "hp": 18926.87,
        "hpBase": 12735.748,
        "mastery": 139.87,
        "recharge": 105.83,
        "heal": 0,
        "cpct": 58.301199999999994,
        "cdmg": 188.35999999999999,
        "dmg": 46.6,
        "phy": 0
      },
      "weapon": {
        "name": "和璞鸢",
        "star": 5,
        "level": 90,
        "promote": 6,
        "affix": 1
      },
      "artis": {
        "1": {
          "name": "生灵之华",
          "set": "辰砂往生录",
          "level": 20,
          "main": {
            "key": "hpPlus",
            "value": 4780
          },
          "attrs": [
            {
              "key": "cdmg",
              "value": 19.4
            },
            {
              "key": "mastery",
              "value": 33
            },
            {
              "key": "atk",
              "value": 8.7
            },
            {
              "key": "def",
              "value": 6.6
            }
          ]
        },
        "2": {
          "name": "潜光片羽",
          "set": "辰砂往生录",
          "level": 20,
          "main": {
            "key": "atkPlus",
            "value": 311
          },
          "attrs": [
            {
              "key": "atk",
              "value": 4.7
            },
            {
              "key": "hp",
              "value": 11.1
            },
            {
              "key": "cdmg",
              "value": 25.7
            },
            {
              "key": "defPlus",
              "value": 16
            }
          ]
        },
        "3": {
          "name": "阳辔之遗",
          "set": "辰砂往生录",
          "level": 20,
          "main": {
            "key": "atk",
            "value": 46.6
          },
          "attrs": [
            {
              "key": "cpct",
              "value": 2.7
            },
            {
              "key": "def",
              "value": 21.9
            },
            {
              "key": "cdmg",
              "value": 19.4
            },
            {
              "key": "recharge",
              "value": 5.8
            }
          ]
        },
        "4": {
          "name": "涌泉之盏",
          "set": "来歆余响",
          "level": 20,
          "main": {
            "key": "anemo",
            "value": 46.6
          },
          "attrs": [
            {
              "key": "mastery",
              "value": 68
            },
            {
              "key": "defPlus",
              "value": 44
            },
            {
              "key": "cdmg",
              "value": 11.7
            },
            {
              "key": "atkPlus",
              "value": 33
            }
          ]
        },
        "5": {
          "name": "虺雷之姿",
          "set": "辰砂往生录",
          "level": 20,
          "main": {
            "key": "cdmg",
            "value": 62.2
          },
          "attrs": [
            {
              "key": "defPlus",
              "value": 35
            },
            {
              "key": "cpct",
              "value": 9.3
            },
            {
              "key": "atkPlus",
              "value": 16
            },
            {
              "key": "mastery",
              "value": 40
            }
          ]
        }
      },
      "dataSource": "enka",
      "_time": 1676715975980
    },
    "10000030": {
      "id": 10000030,
      "name": "钟离",
      "elem": "geo",
      "level": 90,
      "promote": 6,
      "fetter": 10,
      "costume": 0,
      "cons": 0,
      "talent": {
        "a": 2,
        "e": 8,
        "q": 8
      },
      "attr": {
        "atk": 1626.9399743,
        "atkBase": 840.9878,
        "def": 1172.523,
        "defBase": 737.8122,
        "hp": 37215.34,
        "hpBase": 14695.094,
        "mastery": 55.949997,
        "recharge": 166.54998999999998,
        "heal": 0,
        "cpct": 30.89,
        "cdmg": 77.98,
        "dmg": 28.799999999999997,
        "phy": 0
      },
      "weapon": {
        "name": "天空之脊",
        "star": 5,
        "level": 80,
        "promote": 5,
        "affix": 1
      },
      "artis": {
        "1": {
          "name": "勋绩之花",
          "set": "千岩牢固",
          "level": 20,
          "main": {
            "key": "hpPlus",
            "value": 4780
          },
          "attrs": [
            {
              "key": "defPlus",
              "value": 42
            },
            {
              "key": "cdmg",
              "value": 10.9
            },
            {
              "key": "atkPlus",
              "value": 39
            },
            {
              "key": "recharge",
              "value": 16.8
            }
          ]
        },
        "2": {
          "name": "昭武翎羽",
          "set": "千岩牢固",
          "level": 20,
          "main": {
            "key": "atkPlus",
            "value": 311
          },
          "attrs": [
            {
              "key": "recharge",
              "value": 5.2
            },
            {
              "key": "mastery",
              "value": 56
            },
            {
              "key": "hpPlus",
              "value": 627
            },
            {
              "key": "atk",
              "value": 5.3
            }
          ]
        },
        "3": {
          "name": "众生之谣",
          "set": "华馆梦醒形骸记",
          "level": 20,
          "main": {
            "key": "atk",
            "value": 46.6
          },
          "attrs": [
            {
              "key": "cdmg",
              "value": 17.1
            },
            {
              "key": "def",
              "value": 11.7
            },
            {
              "key": "defPlus",
              "value": 16
            },
            {
              "key": "cpct",
              "value": 7
            }
          ]
        },
        "4": {
          "name": "盟誓金爵",
          "set": "千岩牢固",
          "level": 20,
          "main": {
            "key": "hp",
            "value": 46.6
          },
          "attrs": [
            {
              "key": "def",
              "value": 7.3
            },
            {
              "key": "cpct",
              "value": 3.1
            },
            {
              "key": "defPlus",
              "value": 97
            },
            {
              "key": "hpPlus",
              "value": 209
            }
          ]
        },
        "5": {
          "name": "将帅兜鍪",
          "set": "千岩牢固",
          "level": 20,
          "main": {
            "key": "hp",
            "value": 46.6
          },
          "attrs": [
            {
              "key": "hpPlus",
              "value": 269
            },
            {
              "key": "cpct",
              "value": 7.8
            },
            {
              "key": "recharge",
              "value": 11
            },
            {
              "key": "def",
              "value": 19
            }
          ]
        }
      },
      "dataSource": "enka",
      "_time": 1676715975979
    },
    "10000033": {
      "id": 10000033,
      "name": "达达利亚",
      "elem": "hydro",
      "level": 70,
      "promote": 4,
      "fetter": 1,
      "costume": 0,
      "cons": 0,
      "talent": {
        "a": 4,
        "e": 6,
        "q": 5
      },
      "attr": {
        "atk": 1514.611046108,
        "atkBase": 618.23395,
        "def": 823.1941,
        "defBase": 623.3014,
        "hp": 15372.824,
        "hpBase": 10025.194,
        "mastery": 20.98,
        "recharge": 126.55000999999999,
        "heal": 0,
        "cpct": 20.549999,
        "cdmg": 186.78999000000002,
        "dmg": 29.4,
        "phy": 0
      },
      "weapon": {
        "name": "弓藏",
        "star": 4,
        "level": 70,
        "promote": 4,
        "affix": 4
      },
      "artis": {
        "1": {
          "name": "饰金胸花",
          "set": "沉沦之心",
          "level": 20,
          "main": {
            "key": "hpPlus",
            "value": 4780
          },
          "attrs": [
            {
              "key": "cdmg",
              "value": 35
            },
            {
              "key": "atkPlus",
              "value": 37
            },
            {
              "key": "atk",
              "value": 5.8
            },
            {
              "key": "recharge",
              "value": 6.5
            }
          ]
        },
        "2": {
          "name": "渊宫之羽",
          "set": "海染砗磲",
          "level": 20,
          "main": {
            "key": "atkPlus",
            "value": 311
          },
          "attrs": [
            {
              "key": "mastery",
              "value": 21
            },
            {
              "key": "cdmg",
              "value": 28
            },
            {
              "key": "recharge",
              "value": 11
            },
            {
              "key": "hpPlus",
              "value": 299
            }
          ]
        },
        "3": {
          "name": "坚铜罗盘",
          "set": "沉沦之心",
          "level": 20,
          "main": {
            "key": "atk",
            "value": 46.6
          },
          "attrs": [
            {
              "key": "cpct",
              "value": 6.6
            },
            {
              "key": "recharge",
              "value": 9.1
            },
            {
              "key": "cdmg",
              "value": 11.7
            },
            {
              "key": "def",
              "value": 12.4
            }
          ]
        },
        "5": {
          "name": "酒渍船帽",
          "set": "沉沦之心",
          "level": 20,
          "main": {
            "key": "cdmg",
            "value": 62.2
          },
          "attrs": [
            {
              "key": "def",
              "value": 19.7
            },
            {
              "key": "cpct",
              "value": 8.9
            },
            {
              "key": "hpPlus",
              "value": 269
            },
            {
              "key": "atkPlus",
              "value": 14
            }
          ]
        }
      },
      "dataSource": "enka",
      "_time": 1676715975983
    },
    "10000037": {
      "id": 10000037,
      "name": "甘雨",
      "elem": "cryo",
      "level": 81,
      "promote": 6,
      "fetter": 7,
      "costume": 0,
      "cons": 0,
      "talent": {
        "a": 8,
        "e": 1,
        "q": 1
      },
      "attr": {
        "atk": 2235.1458194672005,
        "atkBase": 921.7311,
        "def": 707.7539,
        "defBase": 590.3283,
        "hp": 15022.004,
        "hpBase": 9176.689,
        "mastery": 224.53,
        "recharge": 126.55000999999999,
        "heal": 0,
        "cpct": 19.77,
        "cdmg": 240.74,
        "dmg": 46.6,
        "phy": 0
      },
      "weapon": {
        "name": "阿莫斯之弓",
        "star": 5,
        "level": 90,
        "promote": 6,
        "affix": 1
      },
      "artis": {
        "1": {
          "name": "乐团的晨光",
          "set": "流浪大地的乐团",
          "level": 20,
          "main": {
            "key": "hpPlus",
            "value": 4780
          },
          "attrs": [
            {
              "key": "hp",
              "value": 4.1
            },
            {
              "key": "atk",
              "value": 4.7
            },
            {
              "key": "cdmg",
              "value": 27.2
            },
            {
              "key": "cpct",
              "value": 5.8
            }
          ]
        },
        "2": {
          "name": "琴师的箭羽",
          "set": "流浪大地的乐团",
          "level": 20,
          "main": {
            "key": "atkPlus",
            "value": 311
          },
          "attrs": [
            {
              "key": "hp",
              "value": 5.3
            },
            {
              "key": "mastery",
              "value": 44
            },
            {
              "key": "cdmg",
              "value": 25.7
            },
            {
              "key": "recharge",
              "value": 5.2
            }
          ]
        },
        "3": {
          "name": "终幕的时计",
          "set": "流浪大地的乐团",
          "level": 20,
          "main": {
            "key": "atk",
            "value": 46.6
          },
          "attrs": [
            {
              "key": "def",
              "value": 6.6
            },
            {
              "key": "cdmg",
              "value": 22.5
            },
            {
              "key": "defPlus",
              "value": 39
            },
            {
              "key": "cpct",
              "value": 8.9
            }
          ]
        },
        "4": {
          "name": "遍结寒霜的傲骨",
          "set": "冰风迷途的勇士",
          "level": 20,
          "main": {
            "key": "cryo",
            "value": 46.6
          },
          "attrs": [
            {
              "key": "atkPlus",
              "value": 35
            },
            {
              "key": "cdmg",
              "value": 14.8
            },
            {
              "key": "defPlus",
              "value": 39
            },
            {
              "key": "mastery",
              "value": 65
            }
          ]
        },
        "5": {
          "name": "指挥的礼帽",
          "set": "流浪大地的乐团",
          "level": 20,
          "main": {
            "key": "cdmg",
            "value": 62.2
          },
          "attrs": [
            {
              "key": "recharge",
              "value": 21.4
            },
            {
              "key": "atk",
              "value": 4.1
            },
            {
              "key": "hpPlus",
              "value": 209
            },
            {
              "key": "mastery",
              "value": 35
            }
          ]
        }
      },
      "dataSource": "enka",
      "_time": 1676715975982
    },
    "10000038": {
      "id": 10000038,
      "name": "阿贝多",
      "elem": "geo",
      "level": 80,
      "promote": 5,
      "fetter": 8,
      "costume": 0,
      "cons": 0,
      "talent": {
        "a": 1,
        "e": 8,
        "q": 5
      },
      "attr": {
        "atk": 1023.3464799999999,
        "atkBase": 622.8665,
        "def": 1843.1619,
        "defBase": 773.0088,
        "hp": 19657.309,
        "hpBase": 11668.632,
        "mastery": 37.3,
        "recharge": 131.1,
        "heal": 0,
        "cpct": 16.66,
        "cdmg": 197.1388,
        "dmg": 68.2,
        "phy": 0
      },
      "weapon": {
        "name": "黎明神剑",
        "star": 3,
        "level": 90,
        "promote": 6,
        "affix": 5
      },
      "artis": {
        "1": {
          "name": "荣花之期",
          "set": "华馆梦醒形骸记",
          "level": 20,
          "main": {
            "key": "hpPlus",
            "value": 4780
          },
          "attrs": [
            {
              "key": "atkPlus",
              "value": 53
            },
            {
              "key": "def",
              "value": 14.6
            },
            {
              "key": "defPlus",
              "value": 21
            },
            {
              "key": "cdmg",
              "value": 18.7
            }
          ]
        },
        "2": {
          "name": "琴师的箭羽",
          "set": "流浪大地的乐团",
          "level": 20,
          "main": {
            "key": "atkPlus",
            "value": 311
          },
          "attrs": [
            {
              "key": "def",
              "value": 19
            },
            {
              "key": "defPlus",
              "value": 23
            },
            {
              "key": "recharge",
              "value": 12.3
            },
            {
              "key": "cdmg",
              "value": 19.4
            }
          ]
        },
        "3": {
          "name": "众生之谣",
          "set": "华馆梦醒形骸记",
          "level": 20,
          "main": {
            "key": "def",
            "value": 58.3
          },
          "attrs": [
            {
              "key": "recharge",
              "value": 6.5
            },
            {
              "key": "cpct",
              "value": 8.6
            },
            {
              "key": "hpPlus",
              "value": 508
            },
            {
              "key": "hp",
              "value": 9.3
            }
          ]
        },
        "4": {
          "name": "梦醒之瓢",
          "set": "华馆梦醒形骸记",
          "level": 20,
          "main": {
            "key": "geo",
            "value": 46.6
          },
          "attrs": [
            {
              "key": "atkPlus",
              "value": 37
            },
            {
              "key": "hpPlus",
              "value": 926
            },
            {
              "key": "defPlus",
              "value": 39
            },
            {
              "key": "def",
              "value": 5.8
            }
          ]
        },
        "5": {
          "name": "形骸之笠",
          "set": "华馆梦醒形骸记",
          "level": 20,
          "main": {
            "key": "cdmg",
            "value": 62.2
          },
          "attrs": [
            {
              "key": "cpct",
              "value": 3.1
            },
            {
              "key": "hpPlus",
              "value": 687
            },
            {
              "key": "recharge",
              "value": 12.3
            },
            {
              "key": "mastery",
              "value": 37
            }
          ]
        }
      },
      "dataSource": "enka",
      "_time": 1676715975981
    },
    "10000057": {
      "id": 10000057,
      "name": "荒泷一斗",
      "elem": "geo",
      "level": 90,
      "promote": 6,
      "fetter": 10,
      "costume": 0,
      "cons": 0,
      "talent": {
        "a": 8,
        "e": 7,
        "q": 10
      },
      "attr": {
        "atk": 1584.805439302728,
        "atkBase": 736.82544,
        "def": 2134.1013,
        "defBase": 959.1559,
        "hp": 17936.957,
        "hpBase": 12858.207,
        "mastery": 81.59,
        "recharge": 122.02001,
        "heal": 0,
        "cpct": 64.984,
        "cdmg": 203.88000000000002,
        "dmg": 0,
        "phy": 0
      },
      "weapon": {
        "name": "螭骨剑",
        "star": 4,
        "level": 90,
        "promote": 6,
        "affix": 3
      },
      "artis": {
        "1": {
          "name": "荣花之期",
          "set": "华馆梦醒形骸记",
          "level": 20,
          "main": {
            "key": "hpPlus",
            "value": 4780
          },
          "attrs": [
            {
              "key": "def",
              "value": 12.4
            },
            {
              "key": "cpct",
              "value": 7.8
            },
            {
              "key": "atkPlus",
              "value": 16
            },
            {
              "key": "cdmg",
              "value": 21
            }
          ]
        },
        "2": {
          "name": "角斗士的归宿",
          "set": "角斗士的终幕礼",
          "level": 20,
          "main": {
            "key": "atkPlus",
            "value": 311
          },
          "attrs": [
            {
              "key": "def",
              "value": 13.1
            },
            {
              "key": "defPlus",
              "value": 23
            },
            {
              "key": "cdmg",
              "value": 25.6
            },
            {
              "key": "atk",
              "value": 9.9
            }
          ]
        },
        "3": {
          "name": "众生之谣",
          "set": "华馆梦醒形骸记",
          "level": 20,
          "main": {
            "key": "atk",
            "value": 46.6
          },
          "attrs": [
            {
              "key": "defPlus",
              "value": 21
            },
            {
              "key": "hpPlus",
              "value": 299
            },
            {
              "key": "atkPlus",
              "value": 54
            },
            {
              "key": "cdmg",
              "value": 29.5
            }
          ]
        },
        "4": {
          "name": "梦醒之瓢",
          "set": "华馆梦醒形骸记",
          "level": 20,
          "main": {
            "key": "def",
            "value": 58.3
          },
          "attrs": [
            {
              "key": "cdmg",
              "value": 15.5
            },
            {
              "key": "mastery",
              "value": 65
            },
            {
              "key": "recharge",
              "value": 10.4
            },
            {
              "key": "defPlus",
              "value": 39
            }
          ]
        },
        "5": {
          "name": "形骸之笠",
          "set": "华馆梦醒形骸记",
          "level": 20,
          "main": {
            "key": "cdmg",
            "value": 62.2
          },
          "attrs": [
            {
              "key": "atkPlus",
              "value": 51
            },
            {
              "key": "recharge",
              "value": 11.7
            },
            {
              "key": "cpct",
              "value": 5.4
            },
            {
              "key": "mastery",
              "value": 16
            }
          ]
        }
      },
      "dataSource": "enka",
      "_time": 1676715975979
    }
  }
}