{
  "uid": "215427312",
  "name": "",
  "level": "",
  "word": "",
  "face": "",
  "card": "",
  "sign": "",
  "info": false,
  "avatars": {
    "10000002": {
      "name": "神里绫华",
      "id": 10000002,
      "elem": "cryo",
      "level": 90,
      "promote": 6,
      "fetter": 10,
      "costume": 0,
      "cons": 0,
      "talent": {
        "a": 7,
        "e": 7,
        "q": 8
      },
      "weapon": {
        "name": "匣里龙吟",
        "level": 70,
        "promote": 4,
        "affix": 1
      },
      "artis": {
        "1": {
          "name": "魂香之花",
          "level": 20,
          "star": 5,
          "main": {
            "key": "hpPlus",
            "value": 4780
          },
          "attrs": [
            {
              "key": "recharge",
              "value": 11.7
            },
            {
              "key": "atk",
              "value": 19.2
            },
            {
              "key": "cdmg",
              "value": 11.7
            },
            {
              "key": "defPlus",
              "value": 21
            }
          ]
        },
        "2": {
          "name": "摧冰而行的执望",
          "level": 20,
          "star": 5,
          "main": {
            "key": "atkPlus",
            "value": 311
          },
          "attrs": [
            {
              "key": "mastery",
              "value": 44
            },
            {
              "key": "cdmg",
              "value": 12.4
            },
            {
              "key": "cpct",
              "value": 8.6
            },
            {
              "key": "recharge",
              "value": 5.8
            }
          ]
        },
        "3": {
          "name": "坚铜罗盘",
          "level": 20,
          "star": 5,
          "main": {
            "key": "atk",
            "value": 46.6
          },
          "attrs": [
            {
              "key": "recharge",
              "value": 6.5
            },
            {
              "key": "cdmg",
              "value": 7
            },
            {
              "key": "defPlus",
              "value": 97
            },
            {
              "key": "def",
              "value": 7.3
            }
          ]
        },
        "4": {
          "name": "遍结寒霜的傲骨",
          "level": 20,
          "star": 5,
          "main": {
            "key": "atk",
            "value": 46.6
          },
          "attrs": [
            {
              "key": "cdmg",
              "value": 14
            },
            {
              "key": "mastery",
              "value": 40
            },
            {
              "key": "recharge",
              "value": 12.3
            },
            {
              "key": "cpct",
              "value": 6.2
            }
          ]
        },
        "5": {
          "name": "浮溯之珏",
          "level": 20,
          "star": 5,
          "main": {
            "key": "cdmg",
            "value": 62.2
          },
          "attrs": [
            {
              "key": "atkPlus",
              "value": 16
            },
            {
              "key": "defPlus",
              "value": 21
            },
            {
              "key": "atk",
              "value": 15.7
            },
            {
              "key": "mastery",
              "value": 61
            }
          ]
        }
      },
      "_source": "enka",
      "_time": 1675257680193,
      "_update": 1677558832901,
      "_talent": 1677558832901
    },
    "10000026": {
      "name": "魈",
      "id": 10000026,
      "elem": "anemo",
      "level": 90,
      "promote": 6,
      "fetter": 10,
      "costume": 0,
      "cons": 0,
      "talent": {
        "a": 8,
        "e": 6,
        "q": 10
      },
      "weapon": {
        "name": "和璞鸢",
        "level": 90,
        "promote": 6,
        "affix": 1
      },
      "artis": {
        "1": {
          "name": "生灵之华",
          "level": 20,
          "star": 5,
          "main": {
            "key": "hpPlus",
            "value": 4780
          },
          "attrs": [
            {
              "key": "cdmg",
              "value": 17.9
            },
            {
              "key": "recharge",
              "value": 6.5
            },
            {
              "key": "mastery",
              "value": 23
            },
            {
              "key": "hp",
              "value": 15.2
            }
          ]
        },
        "2": {
          "name": "潜光片羽",
          "level": 20,
          "star": 5,
          "main": {
            "key": "atkPlus",
            "value": 311
          },
          "attrs": [
            {
              "key": "hpPlus",
              "value": 448
            },
            {
              "key": "cpct",
              "value": 3.9
            },
            {
              "key": "cdmg",
              "value": 17.1
            },
            {
              "key": "defPlus",
              "value": 56
            }
          ]
        },
        "3": {
          "name": "阳辔之遗",
          "level": 20,
          "star": 5,
          "main": {
            "key": "recharge",
            "value": 51.8
          },
          "attrs": [
            {
              "key": "hp",
              "value": 9.9
            },
            {
              "key": "defPlus",
              "value": 37
            },
            {
              "key": "cpct",
              "value": 5.4
            },
            {
              "key": "cdmg",
              "value": 10.9
            }
          ]
        },
        "4": {
          "name": "吟游者之壶",
          "level": 20,
          "star": 5,
          "main": {
            "key": "anemo",
            "value": 46.6
          },
          "attrs": [
            {
              "key": "atk",
              "value": 9.3
            },
            {
              "key": "recharge",
              "value": 5.8
            },
            {
              "key": "hpPlus",
              "value": 418
            },
            {
              "key": "cdmg",
              "value": 27.2
            }
          ]
        },
        "5": {
          "name": "虺雷之姿",
          "level": 20,
          "star": 5,
          "main": {
            "key": "cdmg",
            "value": 62.2
          },
          "attrs": [
            {
              "key": "mastery",
              "value": 19
            },
            {
              "key": "hpPlus",
              "value": 269
            },
            {
              "key": "atkPlus",
              "value": 43
            },
            {
              "key": "atk",
              "value": 14.6
            }
          ]
        }
      },
      "_source": "enka",
      "_time": 1675257680194,
      "_update": 1677558832901,
      "_talent": 1677558832901
    },
    "10000030": {
      "name": "钟离",
      "id": 10000030,
      "elem": "geo",
      "level": 90,
      "promote": 6,
      "fetter": 10,
      "costume": 0,
      "cons": 0,
      "talent": {
        "a": 10,
        "e": 10,
        "q": 10
      },
      "weapon": {
        "name": "黑缨枪",
        "level": 90,
        "promote": 6,
        "affix": 5
      },
      "artis": {
        "1": {
          "name": "勋绩之花",
          "level": 20,
          "star": 5,
          "main": {
            "key": "hpPlus",
            "value": 4780
          },
          "attrs": [
            {
              "key": "def",
              "value": 6.6
            },
            {
              "key": "atk",
              "value": 5.3
            },
            {
              "key": "hp",
              "value": 20.4
            },
            {
              "key": "recharge",
              "value": 18.1
            }
          ]
        },
        "2": {
          "name": "昭武翎羽",
          "level": 20,
          "star": 5,
          "main": {
            "key": "atkPlus",
            "value": 311
          },
          "attrs": [
            {
              "key": "mastery",
              "value": 42
            },
            {
              "key": "defPlus",
              "value": 63
            },
            {
              "key": "hpPlus",
              "value": 299
            },
            {
              "key": "hp",
              "value": 10.5
            }
          ]
        },
        "3": {
          "name": "金铜时晷",
          "level": 20,
          "star": 5,
          "main": {
            "key": "hp",
            "value": 46.6
          },
          "attrs": [
            {
              "key": "mastery",
              "value": 37
            },
            {
              "key": "defPlus",
              "value": 58
            },
            {
              "key": "hpPlus",
              "value": 239
            },
            {
              "key": "atkPlus",
              "value": 29
            }
          ]
        },
        "4": {
          "name": "盟誓金爵",
          "level": 20,
          "star": 5,
          "main": {
            "key": "hp",
            "value": 46.6
          },
          "attrs": [
            {
              "key": "cpct",
              "value": 3.1
            },
            {
              "key": "defPlus",
              "value": 56
            },
            {
              "key": "mastery",
              "value": 61
            },
            {
              "key": "hpPlus",
              "value": 269
            }
          ]
        },
        "5": {
          "name": "将帅兜鍪",
          "level": 20,
          "star": 5,
          "main": {
            "key": "hp",
            "value": 46.6
          },
          "attrs": [
            {
              "key": "atkPlus",
              "value": 18
            },
            {
              "key": "hpPlus",
              "value": 538
            },
            {
              "key": "cdmg",
              "value": 17.9
            },
            {
              "key": "atk",
              "value": 11.7
            }
          ]
        }
      },
      "_source": "enka",
      "_time": 1675257680194,
      "_update": 1677558832902,
      "_talent": 1677558832902
    },
    "10000066": {
      "name": "神里绫人",
      "id": 10000066,
      "elem": "hydro",
      "level": 90,
      "promote": 6,
      "fetter": 10,
      "costume": 0,
      "cons": 0,
      "talent": {
        "a": 7,
        "e": 8,
        "q": 7
      },
      "weapon": {
        "name": "黎明神剑",
        "level": 80,
        "promote": 5,
        "affix": 5
      },
      "artis": {
        "1": {
          "name": "魂香之花",
          "level": 1,
          "star": 5,
          "main": {
            "key": "hpPlus",
            "value": 717
          },
          "attrs": [
            {
              "key": "cpct",
              "value": 3.1
            },
            {
              "key": "cdmg",
              "value": 6.2
            },
            {
              "key": "defPlus",
              "value": 16
            },
            {}
          ]
        },
        "2": {
          "name": "垂玉之叶",
          "level": 1,
          "star": 5,
          "main": {
            "key": "atkPlus",
            "value": 47
          },
          "attrs": [
            {
              "key": "mastery",
              "value": 23
            },
            {
              "key": "atk",
              "value": 4.1
            },
            {
              "key": "defPlus",
              "value": 23
            },
            {}
          ]
        },
        "3": {
          "name": "祝祀之凭",
          "level": 1,
          "star": 5,
          "main": {
            "key": "atk",
            "value": 7
          },
          "attrs": [
            {
              "key": "atkPlus",
              "value": 14
            },
            {
              "key": "recharge",
              "value": 5.2
            },
            {
              "key": "cpct",
              "value": 3.1
            },
            {}
          ]
        },
        "4": {
          "name": "涌泉之盏",
          "level": 1,
          "star": 5,
          "main": {
            "key": "hydro",
            "value": 7
          },
          "attrs": [
            {
              "key": "atkPlus",
              "value": 14
            },
            {
              "key": "cdmg",
              "value": 6.2
            },
            {
              "key": "recharge",
              "value": 6.5
            },
            {}
          ]
        },
        "5": {
          "name": "浮溯之珏",
          "level": 20,
          "star": 5,
          "main": {
            "key": "cdmg",
            "value": 62.2
          },
          "attrs": [
            {
              "key": "recharge",
              "value": 11.7
            },
            {
              "key": "hpPlus",
              "value": 538
            },
            {
              "key": "cpct",
              "value": 11.3
            },
            {
              "key": "atkPlus",
              "value": 18
            }
          ]
        }
      },
      "_source": "enka",
      "_time": 1675257680192,
      "_update": 1677558832902,
      "_talent": 1677558832902
    }
  },
  "chars": {
    "10000002": {
      "id": 10000002,
      "name": "神里绫华",
      "elem": "cryo",
      "level": 90,
      "promote": 6,
      "fetter": 10,
      "costume": 0,
      "cons": 0,
      "talent": {
        "a": 7,
        "e": 7,
        "q": 8
      },
      "attr": {
        "atk": 2371.5302398384083,
        "atkBase": 729.6845703125,
        "def": 979.9436645507812,
        "defBase": 783.9254760742188,
        "hp": 17638.20703125,
        "hpBase": 12858.20703125,
        "mastery": 144.52999877929688,
        "recharge": 136.28000020980835,
        "heal": 0,
        "cpct": 19.769999384880066,
        "cdmg": 195.6700086593628,
        "dmg": 15.000000596046448,
        "phy": 0
      },
      "weapon": {
        "name": "匣里龙吟",
        "star": 4,
        "level": 70,
        "promote": 4,
        "affix": 1
      },
      "artis": {
        "1": {
          "name": "魂香之花",
          "set": "来歆余响",
          "level": 20,
          "main": {
            "key": "hpPlus",
            "value": 4780
          },
          "attrs": [
            {
              "key": "recharge",
              "value": 11.7
            },
            {
              "key": "atk",
              "value": 19.2
            },
            {
              "key": "cdmg",
              "value": 11.7
            },
            {
              "key": "defPlus",
              "value": 21
            }
          ]
        },
        "2": {
          "name": "摧冰而行的执望",
          "set": "冰风迷途的勇士",
          "level": 20,
          "main": {
            "key": "atkPlus",
            "value": 311
          },
          "attrs": [
            {
              "key": "mastery",
              "value": 44
            },
            {
              "key": "cdmg",
              "value": 12.4
            },
            {
              "key": "cpct",
              "value": 8.6
            },
            {
              "key": "recharge",
              "value": 5.8
            }
          ]
        },
        "3": {
          "name": "坚铜罗盘",
          "set": "沉沦之心",
          "level": 20,
          "main": {
            "key": "atk",
            "value": 46.6
          },
          "attrs": [
            {
              "key": "recharge",
              "value": 6.5
            },
            {
              "key": "cdmg",
              "value": 7
            },
            {
              "key": "defPlus",
              "value": 97
            },
            {
              "key": "def",
              "value": 7.3
            }
          ]
        },
        "4": {
          "name": "遍结寒霜的傲骨",
          "set": "冰风迷途的勇士",
          "level": 20,
          "main": {
            "key": "atk",
            "value": 46.6
          },
          "attrs": [
            {
              "key": "cdmg",
              "value": 14
            },
            {
              "key": "mastery",
              "value": 40
            },
            {
              "key": "recharge",
              "value": 12.3
            },
            {
              "key": "cpct",
              "value": 6.2
            }
          ]
        },
        "5": {
          "name": "浮溯之珏",
          "set": "来歆余响",
          "level": 20,
          "main": {
            "key": "cdmg",
            "value": 62.2
          },
          "attrs": [
            {
              "key": "atkPlus",
              "value": 16
            },
            {
              "key": "defPlus",
              "value": 21
            },
            {
              "key": "atk",
              "value": 15.7
            },
            {
              "key": "mastery",
              "value": 61
            }
          ]
        }
      },
      "dataSource": "enka",
      "_time": 1675257680193
    },
    "10000026": {
      "id": 10000026,
      "name": "魈",
      "elem": "anemo",
      "level": 90,
      "promote": 6,
      "fetter": 10,
      "costume": 0,
      "cons": 0,
      "talent": {
        "a": 8,
        "e": 6,
        "q": 10
      },
      "attr": {
        "atk": 1806.1961144410288,
        "atkBase": 1023.5349731445312,
        "def": 891.8865966796875,
        "defBase": 799.2965698242188,
        "hp": 21843.869140625,
        "hpBase": 12735.748046875,
        "mastery": 41.959999084472656,
        "recharge": 164.110004901886,
        "heal": 0,
        "cpct": 55.58120012283325,
        "cdmg": 185.25999784469604,
        "dmg": 46.59999907016754,
        "phy": 0
      },
      "weapon": {
        "name": "和璞鸢",
        "star": 5,
        "level": 90,
        "promote": 6,
        "affix": 1
      },
      "artis": {
        "1": {
          "name": "生灵之华",
          "set": "辰砂往生录",
          "level": 20,
          "main": {
            "key": "hpPlus",
            "value": 4780
          },
          "attrs": [
            {
              "key": "cdmg",
              "value": 17.9
            },
            {
              "key": "recharge",
              "value": 6.5
            },
            {
              "key": "mastery",
              "value": 23
            },
            {
              "key": "hp",
              "value": 15.2
            }
          ]
        },
        "2": {
          "name": "潜光片羽",
          "set": "辰砂往生录",
          "level": 20,
          "main": {
            "key": "atkPlus",
            "value": 311
          },
          "attrs": [
            {
              "key": "hpPlus",
              "value": 448
            },
            {
              "key": "cpct",
              "value": 3.9
            },
            {
              "key": "cdmg",
              "value": 17.1
            },
            {
              "key": "defPlus",
              "value": 56
            }
          ]
        },
        "3": {
          "name": "阳辔之遗",
          "set": "辰砂往生录",
          "level": 20,
          "main": {
            "key": "recharge",
            "value": 51.8
          },
          "attrs": [
            {
              "key": "hp",
              "value": 9.9
            },
            {
              "key": "defPlus",
              "value": 37
            },
            {
              "key": "cpct",
              "value": 5.4
            },
            {
              "key": "cdmg",
              "value": 10.9
            }
          ]
        },
        "4": {
          "name": "吟游者之壶",
          "set": "流浪大地的乐团",
          "level": 20,
          "main": {
            "key": "anemo",
            "value": 46.6
          },
          "attrs": [
            {
              "key": "atk",
              "value": 9.3
            },
            {
              "key": "recharge",
              "value": 5.8
            },
            {
              "key": "hpPlus",
              "value": 418
            },
            {
              "key": "cdmg",
              "value": 27.2
            }
          ]
        },
        "5": {
          "name": "虺雷之姿",
          "set": "辰砂往生录",
          "level": 20,
          "main": {
            "key": "cdmg",
            "value": 62.2
          },
          "attrs": [
            {
              "key": "mastery",
              "value": 19
            },
            {
              "key": "hpPlus",
              "value": 269
            },
            {
              "key": "atkPlus",
              "value": 43
            },
            {
              "key": "atk",
              "value": 14.6
            }
          ]
        }
      },
      "dataSource": "enka",
      "_time": 1675257680194
    },
    "10000030": {
      "id": 10000030,
      "name": "钟离",
      "elem": "geo",
      "level": 90,
      "promote": 6,
      "fetter": 10,
      "costume": 0,
      "cons": 0,
      "talent": {
        "a": 10,
        "e": 10,
        "q": 10
      },
      "attr": {
        "atk": 1065.5996049211626,
        "atkBase": 605.5167236328125,
        "def": 962.1326904296875,
        "defBase": 737.8121948242188,
        "hp": 55736.48046875,
        "hpBase": 14695.09375,
        "mastery": 139.8699951171875,
        "recharge": 118.14000606536865,
        "heal": 0,
        "cpct": 8.110000193119049,
        "cdmg": 67.86999702453613,
        "dmg": 28.79999876022339,
        "phy": 0
      },
      "weapon": {
        "name": "黑缨枪",
        "star": 3,
        "level": 90,
        "promote": 6,
        "affix": 5
      },
      "artis": {
        "1": {
          "name": "勋绩之花",
          "set": "千岩牢固",
          "level": 20,
          "main": {
            "key": "hpPlus",
            "value": 4780
          },
          "attrs": [
            {
              "key": "def",
              "value": 6.6
            },
            {
              "key": "atk",
              "value": 5.3
            },
            {
              "key": "hp",
              "value": 20.4
            },
            {
              "key": "recharge",
              "value": 18.1
            }
          ]
        },
        "2": {
          "name": "昭武翎羽",
          "set": "千岩牢固",
          "level": 20,
          "main": {
            "key": "atkPlus",
            "value": 311
          },
          "attrs": [
            {
              "key": "mastery",
              "value": 42
            },
            {
              "key": "defPlus",
              "value": 63
            },
            {
              "key": "hpPlus",
              "value": 299
            },
            {
              "key": "hp",
              "value": 10.5
            }
          ]
        },
        "3": {
          "name": "金铜时晷",
          "set": "千岩牢固",
          "level": 20,
          "main": {
            "key": "hp",
            "value": 46.6
          },
          "attrs": [
            {
              "key": "mastery",
              "value": 37
            },
            {
              "key": "defPlus",
              "value": 58
            },
            {
              "key": "hpPlus",
              "value": 239
            },
            {
              "key": "atkPlus",
              "value": 29
            }
          ]
        },
        "4": {
          "name": "盟誓金爵",
          "set": "千岩牢固",
          "level": 20,
          "main": {
            "key": "hp",
            "value": 46.6
          },
          "attrs": [
            {
              "key": "cpct",
              "value": 3.1
            },
            {
              "key": "defPlus",
              "value": 56
            },
            {
              "key": "mastery",
              "value": 61
            },
            {
              "key": "hpPlus",
              "value": 269
            }
          ]
        },
        "5": {
          "name": "将帅兜鍪",
          "set": "千岩牢固",
          "level": 20,
          "main": {
            "key": "hp",
            "value": 46.6
          },
          "attrs": [
            {
              "key": "atkPlus",
              "value": 18
            },
            {
              "key": "hpPlus",
              "value": 538
            },
            {
              "key": "cdmg",
              "value": 17.9
            },
            {
              "key": "atk",
              "value": 11.7
            }
          ]
        }
      },
      "dataSource": "enka",
      "_time": 1675257680194
    },
    "10000066": {
      "id": 10000066,
      "name": "神里绫人",
      "elem": "hydro",
      "level": 90,
      "promote": 6,
      "fetter": 10,
      "costume": 0,
      "cons": 0,
      "talent": {
        "a": 7,
        "e": 8,
        "q": 7
      },
      "attr": {
        "atk": 936.2575578682608,
        "atkBase": 654.2512817382812,
        "def": 807.9044189453125,
        "defBase": 768.554443359375,
        "hp": 14970.169921875,
        "hpBase": 13715.419921875,
        "mastery": 23.309999465942383,
        "recharge": 123.32000732421875,
        "heal": 0,
        "cpct": 22.499999403953552,
        "cdmg": 205.77800273895264,
        "dmg": 7.000000029802322,
        "phy": 0
      },
      "weapon": {
        "name": "黎明神剑",
        "star": 3,
        "level": 80,
        "promote": 5,
        "affix": 5
      },
      "artis": {
        "1": {
          "name": "魂香之花",
          "set": "来歆余响",
          "level": 1,
          "main": {
            "key": "hpPlus",
            "value": 717
          },
          "attrs": [
            {
              "key": "cpct",
              "value": 3.1
            },
            {
              "key": "cdmg",
              "value": 6.2
            },
            {
              "key": "defPlus",
              "value": 16
            },
            {}
          ]
        },
        "2": {
          "name": "垂玉之叶",
          "set": "来歆余响",
          "level": 1,
          "main": {
            "key": "atkPlus",
            "value": 47
          },
          "attrs": [
            {
              "key": "mastery",
              "value": 23
            },
            {
              "key": "atk",
              "value": 4.1
            },
            {
              "key": "defPlus",
              "value": 23
            },
            {}
          ]
        },
        "3": {
          "name": "祝祀之凭",
          "set": "来歆余响",
          "level": 1,
          "main": {
            "key": "atk",
            "value": 7
          },
          "attrs": [
            {
              "key": "atkPlus",
              "value": 14
            },
            {
              "key": "recharge",
              "value": 5.2
            },
            {
              "key": "cpct",
              "value": 3.1
            },
            {}
          ]
        },
        "4": {
          "name": "涌泉之盏",
          "set": "来歆余响",
          "level": 1,
          "main": {
            "key": "hydro",
            "value": 7
          },
          "attrs": [
            {
              "key": "atkPlus",
              "value": 14
            },
            {
              "key": "cdmg",
              "value": 6.2
            },
            {
              "key": "recharge",
              "value": 6.5
            },
            {}
          ]
        },
        "5": {
          "name": "浮溯之珏",
          "set": "来歆余响",
          "level": 20,
          "main": {
            "key": "cdmg",
            "value": 62.2
          },
          "attrs": [
            {
              "key": "recharge",
              "value": 11.7
            },
            {
              "key": "hpPlus",
              "value": 538
            },
            {
              "key": "cpct",
              "value": 11.3
            },
            {
              "key": "atkPlus",
              "value": 18
            }
          ]
        }
      },
      "dataSource": "enka",
      "_time": 1675257680192
    }
  }
}