{"uid":"215549034","chars":{"10000026":{"id":10000026,"name":"魈","elem":"anemo","level":90,"promote":6,"fetter":10,"costume":0,"cons":3,"talent":{"a":10,"e":10,"q":10},"attr":{"atk":2354.0978028177233,"atkBase":1023.5349731445312,"def":882.6265869140625,"defBase":799.2965698242188,"hp":20487.73046875,"hpBase":12735.748046875,"mastery":251.76998901367188,"recharge":111.01000308990479,"heal":0,"cpct":64.14120197296143,"cdmg":197.68999814987183,"dmg":0,"phy":0},"weapon":{"name":"和璞鸢","star":5,"level":90,"promote":6,"affix":1},"artis":{"1":{"name":"生灵之华","set":"辰砂往生录","level":20,"main":{"key":"hpPlus","value":4780},"attrs":[{"key":"atkPlus","value":14},{"key":"mastery","value":42},{"key":"cdmg","value":21},{"key":"atk","value":9.3}]},"2":{"name":"潜光片羽","set":"辰砂往生录","level":20,"main":{"key":"atkPlus","value":311},"attrs":[{"key":"cpct","value":3.9},{"key":"defPlus","value":21},{"key":"cdmg","value":32.6},{"key":"recharge","value":11}]},"3":{"name":"阳辔之遗","set":"辰砂往生录","level":20,"main":{"key":"mastery","value":187},"attrs":[{"key":"cdmg","value":17.9},{"key":"hp","value":9.9},{"key":"cpct","value":7.4},{"key":"atk","value":5.3}]},"4":{"name":"翠绿猎人的容器","set":"翠绿之影","level":20,"main":{"key":"atk","value":46.6},"attrs":[{"key":"mastery","value":23},{"key":"defPlus","value":63},{"key":"cdmg","value":14},{"key":"hp","value":11.1}]},"5":{"name":"虺雷之姿","set":"辰砂往生录","level":20,"main":{"key":"cdmg","value":62.2},"attrs":[{"key":"atk","value":14},{"key":"atkPlus","value":53},{"key":"hpPlus","value":299},{"key":"cpct","value":6.6}]}},"dataSource":"enka","_time":1675483387270},"10000033":{"id":10000033,"name":"达达利亚","elem":"hydro","level":90,"promote":6,"fetter":4,"costume":0,"cons":0,"talent":{"a":6,"e":7,"q":7},"attr":{"atk":1588.9577880215074,"atkBase":689.0242919921875,"def":911.765625,"defBase":814.6676025390625,"hp":19376.884765625,"hpBase":13103.125,"mastery":242.44000244140625,"recharge":111.66000366210938,"heal":0,"cpct":58.25999975204468,"cdmg":104.39000129699707,"dmg":90.39999842643738,"phy":0},"weapon":{"name":"弓藏","star":4,"level":70,"promote":4,"affix":4},"artis":{"1":{"name":"饰金胸花","set":"沉沦之心","level":20,"main":{"key":"hpPlus","value":4780},"attrs":[{"key":"mastery","value":77},{"key":"recharge","value":5.8},{"key":"cdmg","value":13.2},{"key":"atkPlus","value":18}]},"2":{"name":"追忆之风","set":"沉沦之心","level":20,"main":{"key":"atkPlus","value":311},"attrs":[{"key":"hpPlus","value":478},{"key":"cpct","value":10.1},{"key":"cdmg","value":7.8},{"key":"mastery","value":63}]},"3":{"name":"坚铜罗盘","set":"沉沦之心","level":20,"main":{"key":"atk","value":46.6},"attrs":[{"key":"recharge","value":5.8},{"key":"mastery","value":40},{"key":"cpct","value":8.9},{"key":"defPlus","value":35}]},"4":{"name":"魔女的心之火","set":"炽烈的炎之魔女","level":20,"main":{"key":"hydro","value":46.6},"attrs":[{"key":"cdmg","value":14.8},{"key":"hpPlus","value":1016},{"key":"cpct","value":3.1},{"key":"defPlus","value":21}]},"5":{"name":"酒渍船帽","set":"沉沦之心","level":20,"main":{"key":"cpct","value":31.1},"attrs":[{"key":"cdmg","value":18.7},{"key":"mastery","value":63},{"key":"atkPlus","value":16},{"key":"def","value":5.1}]}},"dataSource":"enka","_time":1675483387271},"10000037":{"id":10000037,"name":"甘雨","elem":"cryo","level":90,"promote":6,"fetter":10,"costume":0,"cons":0,"talent":{"a":9,"e":7,"q":6},"attr":{"atk":1827.1529277411828,"atkBase":735.5104370117188,"def":814.4308471679688,"defBase":630.214599609375,"hp":15185.5654296875,"hpBase":9796.7294921875,"mastery":142.94000244140625,"recharge":122.67000675201416,"heal":0,"cpct":62.16999888420105,"cdmg":212.75999546051025,"dmg":46.59999907016754,"phy":0},"weapon":{"name":"破魔之弓","star":4,"level":80,"promote":5,"affix":2},"artis":{"1":{"name":"乐团的晨光","set":"流浪大地的乐团","level":20,"main":{"key":"hpPlus","value":4780},"attrs":[{"key":"mastery","value":21},{"key":"cdmg","value":14.8},{"key":"cpct","value":19.1},{"key":"recharge","value":6.5}]},"2":{"name":"琴师的箭羽","set":"流浪大地的乐团","level":20,"main":{"key":"atkPlus","value":311},"attrs":[{"key":"def","value":19.7},{"key":"cdmg","value":19.4},{"key":"recharge","value":9.7},{"key":"cpct","value":3.5}]},"3":{"name":"终幕的时计","set":"流浪大地的乐团","level":20,"main":{"key":"atk","value":46.6},"attrs":[{"key":"atkPlus","value":33},{"key":"recharge","value":6.5},{"key":"hpPlus","value":209},{"key":"cpct","value":13.6}]},"4":{"name":"结契之刻","set":"辰砂往生录","level":20,"main":{"key":"cryo","value":46.6},"attrs":[{"key":"cpct","value":7},{"key":"cdmg","value":28},{"key":"defPlus","value":23},{"key":"atkPlus","value":35}]},"5":{"name":"指挥的礼帽","set":"流浪大地的乐团","level":20,"main":{"key":"cdmg","value":62.2},"attrs":[{"key":"hp","value":4.1},{"key":"mastery","value":42},{"key":"defPlus","value":37},{"key":"cpct","value":14}]}},"dataSource":"enka","_time":1675483387271},"10000038":{"id":10000038,"name":"阿贝多","elem":"geo","level":90,"promote":6,"fetter":7,"costume":0,"cons":0,"talent":{"a":4,"e":8,"q":5},"attr":{"atk":1175.3076218853457,"atkBase":652.430908203125,"def":1849.44677734375,"defBase":876.1519775390625,"hp":19368.78515625,"hpBase":13225.583984375,"mastery":165.50999450683594,"recharge":125.2500057220459,"heal":0,"cpct":23.269999027252197,"cdmg":194.0287947654724,"dmg":75.39999485015869,"phy":0},"weapon":{"name":"黎明神剑","star":3,"level":90,"promote":6,"affix":5},"artis":{"1":{"name":"荣花之期","set":"华馆梦醒形骸记","level":20,"main":{"key":"hpPlus","value":4780},"attrs":[{"key":"cpct","value":2.7},{"key":"atk","value":14.6},{"key":"defPlus","value":21},{"key":"def","value":20.4}]},"2":{"name":"华馆之羽","set":"华馆梦醒形骸记","level":20,"main":{"key":"atkPlus","value":311},"attrs":[{"key":"cpct","value":5.8},{"key":"mastery","value":42},{"key":"atk","value":8.2},{"key":"hpPlus","value":538}]},"3":{"name":"众生之谣","set":"华馆梦醒形骸记","level":20,"main":{"key":"def","value":58.3},"attrs":[{"key":"cpct","value":6.2},{"key":"recharge","value":6.5},{"key":"mastery","value":40},{"key":"cdmg","value":19.4}]},"4":{"name":"遍结寒霜的傲骨","set":"冰风迷途的勇士","level":20,"main":{"key":"geo","value":46.6},"attrs":[{"key":"recharge","value":18.8},{"key":"cdmg","value":15.5},{"key":"cpct","value":3.5},{"key":"hp","value":4.7}]},"5":{"name":"形骸之笠","set":"华馆梦醒形骸记","level":20,"main":{"key":"cdmg","value":62.2},"attrs":[{"key":"mastery","value":84},{"key":"hpPlus","value":209},{"key":"atkPlus","value":37},{"key":"atk","value":4.1}]}},"dataSource":"enka","_time":1675483387272},"10000052":{"id":10000052,"name":"雷电将军","elem":"electro","level":90,"promote":6,"fetter":7,"costume":0,"cons":0,"talent":{"a":3,"e":8,"q":9},"attr":{"atk":1338.839130029457,"atkBase":785.9242553710938,"def":1044.1807861328125,"defBase":789.305419921875,"hp":22069.419921875,"hpBase":12907.1904296875,"mastery":0,"recharge":260.5900049209595,"heal":0,"cpct":50.48999786376953,"cdmg":84.96999740600586,"dmg":0.0000011920928955078125,"phy":0},"weapon":{"name":"「渔获」","star":4,"level":80,"promote":5,"affix":5},"artis":{"1":{"name":"明威之镡","set":"绝缘之旗印","level":20,"main":{"key":"hpPlus","value":4780},"attrs":[{"key":"cpct","value":7.4},{"key":"defPlus","value":37},{"key":"recharge","value":9.7},{"key":"hp","value":11.7}]},"2":{"name":"切落之羽","set":"绝缘之旗印","level":20,"main":{"key":"atkPlus","value":311},"attrs":[{"key":"hpPlus","value":866},{"key":"cdmg","value":14},{"key":"atk","value":9.9},{"key":"cpct","value":7}]},"3":{"name":"终幕的时计","set":"流浪大地的乐团","level":20,"main":{"key":"recharge","value":51.8},"attrs":[{"key":"cdmg","value":7.8},{"key":"atkPlus","value":31},{"key":"defPlus","value":63},{"key":"hpPlus","value":508}]},"4":{"name":"绯花之壶","set":"绝缘之旗印","level":1,"main":{"key":"atk","value":7},"attrs":[{"key":"recharge","value":5.2},{"key":"cdmg","value":7.8},{"key":"hpPlus","value":299},{}]},"5":{"name":"华饰之兜","set":"绝缘之旗印","level":20,"main":{"key":"cpct","value":31.1},"attrs":[{"key":"def","value":19.7},{"key":"cdmg","value":5.4},{"key":"atk","value":9.9},{"key":"hp","value":9.3}]}},"dataSource":"enka","_time":1675483387271}}}