{
  "uid": "225996604",
  "name": "",
  "level": "",
  "word": "",
  "face": "",
  "card": "",
  "sign": "",
  "info": false,
  "_profile": 1685184156367,
  "avatars": {
    "10000002": {
      "name": "神里绫华",
      "id": 10000002,
      "elem": "cryo",
      "level": 90,
      "promote": 6,
      "fetter": 10,
      "costume": 0,
      "cons": 0,
      "talent": {
        "a": 10,
        "e": 10,
        "q": 10
      },
      "weapon": {
        "name": "天目影打刀",
        "level": 90,
        "promote": 6,
        "affix": 5
      },
      "artis": {
        "1": {
          "level": 20,
          "star": 5,
          "name": "历经风雪的思念",
          "mainId": 14001,
          "attrIds": [
            501084,
            501224,
            501204,
            501053,
            501224,
            501224,
            501083,
            501053
          ]
        },
        "2": {
          "level": 20,
          "star": 5,
          "name": "追忆之风",
          "mainId": 12001,
          "attrIds": [
            501222,
            501094,
            501201,
            501033,
            501221,
            501224,
            501224,
            501221
          ]
        },
        "3": {
          "level": 20,
          "star": 5,
          "name": "冰雪故园的终期",
          "mainId": 10004,
          "attrIds": [
            501021,
            501224,
            501201,
            501243,
            501223,
            501021,
            501021,
            501223
          ]
        },
        "4": {
          "level": 20,
          "star": 5,
          "name": "遍结寒霜的傲骨",
          "mainId": 15010,
          "attrIds": [
            501062,
            501032,
            501222,
            501051,
            501052,
            501224,
            501063,
            501033,
            501054
          ]
        },
        "5": {
          "level": 20,
          "star": 5,
          "name": "破冰踏雪的回音",
          "mainId": 13008,
          "attrIds": [
            501084,
            501232,
            501024,
            501201,
            501201,
            501202,
            501234,
            501024,
            501233
          ]
        }
      },
      "_source": "enka",
      "_time": 1685184156359,
      "_update": 1685184156359,
      "_talent": 1685184156359
    },
    "10000016": {
      "name": "迪卢克",
      "id": 10000016,
      "elem": "pyro",
      "level": 73,
      "promote": 5,
      "fetter": 10,
      "costume": 0,
      "cons": 1,
      "talent": {
        "a": 3,
        "e": 7,
        "q": 7
      },
      "weapon": {
        "name": "以理服人",
        "level": 70,
        "promote": 4,
        "affix": 5
      },
      "artis": {
        "1": {
          "level": 20,
          "star": 5,
          "name": "羁缠之花",
          "main": {
            "key": "hpPlus",
            "value": 4780
          },
          "attrs": [
            {
              "key": "cdmg",
              "value": 16.3
            },
            {
              "key": "cpct",
              "value": 10.1
            },
            {
              "key": "defPlus",
              "value": 21
            },
            {
              "key": "atkPlus",
              "value": 18
            }
          ]
        },
        "2": {
          "level": 20,
          "star": 5,
          "name": "魔女常燃之羽",
          "main": {
            "key": "atkPlus",
            "value": 311
          },
          "attrs": [
            {
              "key": "mastery",
              "value": 49
            },
            {
              "key": "hp",
              "value": 11.7
            },
            {
              "key": "atk",
              "value": 5.3
            },
            {
              "key": "cdmg",
              "value": 20.2
            }
          ]
        },
        "3": {
          "level": 20,
          "star": 5,
          "name": "终幕的时计",
          "main": {
            "key": "hp",
            "value": 46.6
          },
          "attrs": [
            {
              "key": "cpct",
              "value": 3.1
            },
            {
              "key": "cdmg",
              "value": 20.2
            },
            {
              "key": "mastery",
              "value": 35
            },
            {
              "key": "recharge",
              "value": 9.1
            }
          ]
        },
        "4": {
          "level": 20,
          "star": 5,
          "name": "祈望之心",
          "main": {
            "key": "atk",
            "value": 46.6
          },
          "attrs": [
            {
              "key": "defPlus",
              "value": 21
            },
            {
              "key": "cpct",
              "value": 6.6
            },
            {
              "key": "cdmg",
              "value": 13.2
            },
            {
              "key": "atkPlus",
              "value": 60
            }
          ]
        },
        "5": {
          "level": 20,
          "star": 5,
          "name": "焦灼的魔女帽",
          "main": {
            "key": "cdmg",
            "value": 62.2
          },
          "attrs": [
            {
              "key": "atkPlus",
              "value": 19
            },
            {
              "key": "mastery",
              "value": 63
            },
            {
              "key": "hp",
              "value": 10.5
            },
            {
              "key": "recharge",
              "value": 13
            }
          ]
        }
      },
      "_source": "enka",
      "_time": 1675263468398,
      "_update": 1677535934600,
      "_talent": 1677535934600
    },
    "10000022": {
      "name": "温迪",
      "id": 10000022,
      "elem": "anemo",
      "level": 82,
      "promote": 6,
      "fetter": 10,
      "costume": 0,
      "cons": 0,
      "talent": {
        "a": 6,
        "e": 8,
        "q": 9
      },
      "weapon": {
        "name": "西风猎弓",
        "level": 90,
        "promote": 6,
        "affix": 5
      },
      "artis": {
        "1": {
          "level": 20,
          "star": 5,
          "name": "野花记忆的绿野",
          "mainId": 14001,
          "attrIds": [
            501063,
            501094,
            501221,
            501054,
            501224,
            501223,
            501052,
            501053
          ]
        },
        "2": {
          "level": 20,
          "star": 5,
          "name": "猎人青翠的箭羽",
          "mainId": 12001,
          "attrIds": [
            501082,
            501233,
            501224,
            501063,
            501064,
            501062,
            501064,
            501221
          ]
        },
        "3": {
          "level": 20,
          "star": 5,
          "name": "翠绿猎人的笃定",
          "mainId": 10007,
          "attrIds": [
            501204,
            501054,
            501241,
            501081,
            501244,
            501244,
            501053,
            501242
          ]
        },
        "4": {
          "level": 20,
          "star": 5,
          "name": "涌泉之盏",
          "mainId": 15012,
          "attrIds": [
            501022,
            501234,
            501064,
            501051,
            501234,
            501064,
            501231,
            501062
          ]
        },
        "5": {
          "level": 20,
          "star": 5,
          "name": "翠绿的猎人之冠",
          "mainId": 13010,
          "attrIds": [
            501223,
            501063,
            501022,
            501082,
            501223,
            501064,
            501024,
            501224
          ]
        }
      },
      "_source": "enka",
      "_time": 1685184156360,
      "_update": 1685184156360,
      "_talent": 1685184156360
    },
    "10000025": {
      "name": "行秋",
      "id": 10000025,
      "elem": "hydro",
      "level": 81,
      "promote": 6,
      "fetter": 10,
      "costume": 0,
      "cons": 6,
      "talent": {
        "a": 3,
        "e": 9,
        "q": 10
      },
      "weapon": {
        "name": "祭礼剑",
        "level": 90,
        "promote": 6,
        "affix": 2
      },
      "artis": {
        "1": {
          "level": 20,
          "star": 5,
          "name": "明威之镡",
          "mainId": 14001,
          "attrIds": [
            501203,
            501033,
            501063,
            501231,
            501033,
            501234,
            501204,
            501202
          ]
        },
        "2": {
          "level": 20,
          "star": 5,
          "name": "思忆之矢",
          "mainId": 12001,
          "attrIds": [
            501022,
            501231,
            501223,
            501203,
            501202,
            501231,
            501232,
            501204,
            501022
          ]
        },
        "3": {
          "level": 20,
          "star": 5,
          "name": "雷云之笼",
          "mainId": 10007,
          "attrIds": [
            501054,
            501201,
            501242,
            501032,
            501033,
            501202,
            501033,
            501054
          ]
        },
        "4": {
          "level": 20,
          "star": 5,
          "name": "结契之刻",
          "mainId": 15011,
          "attrIds": [
            501033,
            501203,
            501223,
            501054,
            501224,
            501204,
            501203,
            501051
          ]
        },
        "5": {
          "level": 20,
          "star": 5,
          "name": "角斗士的凯旋",
          "mainId": 13007,
          "attrIds": [
            501054,
            501221,
            501243,
            501231,
            501224,
            501231,
            501223,
            501242
          ]
        }
      },
      "_source": "enka",
      "_time": 1685184156366,
      "_update": 1685184156366,
      "_talent": 1685184156366
    },
    "10000026": {
      "name": "魈",
      "id": 10000026,
      "elem": "anemo",
      "level": 90,
      "promote": 6,
      "fetter": 10,
      "costume": 0,
      "cons": 0,
      "talent": {
        "a": 10,
        "e": 9,
        "q": 10
      },
      "weapon": {
        "name": "和璞鸢",
        "level": 90,
        "promote": 6,
        "affix": 1
      },
      "artis": {
        "1": {
          "level": 20,
          "star": 5,
          "name": "生灵之华",
          "mainId": 14001,
          "attrIds": [
            501222,
            501053,
            501061,
            501084,
            501224,
            501221,
            501084,
            501053,
            501224
          ]
        },
        "2": {
          "level": 20,
          "star": 5,
          "name": "潜光片羽",
          "mainId": 12001,
          "attrIds": [
            501203,
            501022,
            501034,
            501224,
            501224,
            501223,
            501021,
            501222,
            501222
          ]
        },
        "3": {
          "level": 20,
          "star": 5,
          "name": "阳辔之遗",
          "mainId": 10004,
          "attrIds": [
            501222,
            501034,
            501054,
            501022,
            501224,
            501051,
            501222,
            501052
          ]
        },
        "4": {
          "level": 20,
          "star": 5,
          "name": "涌泉之盏",
          "mainId": 15004,
          "attrIds": [
            501221,
            501203,
            501244,
            501052,
            501242,
            501204,
            501201,
            501223
          ]
        },
        "5": {
          "level": 20,
          "star": 5,
          "name": "虺雷之姿",
          "mainId": 13008,
          "attrIds": [
            501241,
            501053,
            501204,
            501083,
            501203,
            501201,
            501244,
            501083
          ]
        }
      },
      "_source": "enka",
      "_time": 1682183081444,
      "_update": 1682183081444,
      "_talent": 1682183081444
    },
    "10000030": {
      "name": "钟离",
      "id": 10000030,
      "elem": "geo",
      "level": 90,
      "promote": 6,
      "fetter": 10,
      "costume": 0,
      "cons": 0,
      "talent": {
        "a": 3,
        "e": 10,
        "q": 6
      },
      "weapon": {
        "name": "黑缨枪",
        "level": 90,
        "promote": 6,
        "affix": 5
      },
      "artis": {
        "1": {
          "level": 20,
          "star": 5,
          "name": "勋绩之花",
          "mainId": 14001,
          "attrIds": [
            501241,
            501052,
            501032,
            501064,
            501033,
            501034,
            501034,
            501031
          ]
        },
        "2": {
          "level": 20,
          "star": 5,
          "name": "昭武翎羽",
          "mainId": 12001,
          "attrIds": [
            501033,
            501024,
            501062,
            501092,
            501024,
            501022,
            501064,
            501024
          ]
        },
        "3": {
          "level": 20,
          "star": 5,
          "name": "金铜时晷",
          "mainId": 10002,
          "attrIds": [
            501062,
            501021,
            501224,
            501082,
            501083,
            501081,
            501023,
            501224
          ]
        },
        "4": {
          "level": 20,
          "star": 5,
          "name": "吟游者之壶",
          "mainId": 15002,
          "attrIds": [
            501083,
            501202,
            501224,
            501021,
            501224,
            501201,
            501221,
            501084,
            501222
          ]
        },
        "5": {
          "level": 20,
          "star": 5,
          "name": "将帅兜鍪",
          "mainId": 13002,
          "attrIds": [
            501221,
            501024,
            501094,
            501054,
            501093,
            501052,
            501054,
            501024
          ]
        }
      },
      "_source": "enka",
      "_time": 1680882728613,
      "_update": 1680882728613,
      "_talent": 1680882728613
    },
    "10000032": {
      "name": "班尼特",
      "id": 10000032,
      "elem": "pyro",
      "level": 90,
      "promote": 6,
      "fetter": 9,
      "costume": 0,
      "cons": 3,
      "talent": {
        "a": 1,
        "e": 3,
        "q": 9
      },
      "weapon": {
        "name": "西风剑",
        "level": 90,
        "promote": 6,
        "affix": 3
      },
      "artis": {
        "1": {
          "level": 20,
          "star": 5,
          "name": "宗室之花",
          "mainId": 14001,
          "attrIds": [
            501241,
            501234,
            501201,
            501034,
            501243,
            501232,
            501231,
            501243
          ]
        },
        "2": {
          "level": 20,
          "star": 5,
          "name": "宗室之翎",
          "mainId": 12001,
          "attrIds": [
            501033,
            501232,
            501203,
            501064,
            501063,
            501231,
            501063,
            501033,
            501032
          ]
        },
        "3": {
          "level": 20,
          "star": 5,
          "name": "宗室时计",
          "mainId": 10007,
          "attrIds": [
            501062,
            501204,
            501084,
            501021,
            501082,
            501202,
            501024,
            501022
          ]
        },
        "4": {
          "level": 20,
          "star": 5,
          "name": "宗室银瓮",
          "mainId": 15002,
          "attrIds": [
            501024,
            501243,
            501224,
            501061,
            501024,
            501023,
            501024,
            501223,
            501062
          ]
        },
        "5": {
          "level": 20,
          "star": 5,
          "name": "虺雷之姿",
          "mainId": 13009,
          "attrIds": [
            501022,
            501051,
            501082,
            501223,
            501024,
            501081,
            501022,
            501051,
            501021
          ]
        }
      },
      "_source": "mgg",
      "_time": 1678977755333,
      "_update": 1678977755333,
      "_talent": 1678977755333
    },
    "10000035": {
      "name": "七七",
      "id": 10000035,
      "elem": "cryo",
      "level": 50,
      "promote": 3,
      "fetter": 1,
      "costume": 0,
      "cons": 1,
      "talent": {
        "a": 1,
        "e": 1,
        "q": 1
      },
      "weapon": {
        "name": "铁蜂刺",
        "level": 90,
        "promote": 6,
        "affix": 1
      },
      "artis": {
        "1": {
          "level": 20,
          "star": 5,
          "name": "野花记忆的绿野",
          "mainId": 14001,
          "attrIds": [
            501222,
            501241,
            501062,
            501082,
            501223,
            501223,
            501062,
            501243
          ]
        },
        "2": {
          "level": 20,
          "star": 5,
          "name": "猎人青翠的箭羽",
          "mainId": 12001,
          "attrIds": [
            501222,
            501203,
            501062,
            501243,
            501224,
            501223,
            501241,
            501241
          ]
        },
        "3": {
          "level": 20,
          "star": 5,
          "name": "翠绿猎人的笃定",
          "mainId": 10008,
          "attrIds": [
            501032,
            501224,
            501204,
            501231,
            501033,
            501221,
            501224,
            501031
          ]
        },
        "4": {
          "level": 20,
          "star": 5,
          "name": "涌泉之盏",
          "mainId": 15007,
          "attrIds": [
            501231,
            501083,
            501021,
            501032,
            501033,
            501023,
            501023,
            501081,
            501082
          ]
        }
      },
      "_source": "enka",
      "_time": 1685184156365,
      "_update": 1685184156365,
      "_talent": 1685184156365
    },
    "10000037": {
      "name": "甘雨",
      "id": 10000037,
      "elem": "cryo",
      "level": 81,
      "promote": 6,
      "fetter": 7,
      "costume": 0,
      "cons": 0,
      "talent": {
        "a": 10,
        "e": 6,
        "q": 6
      },
      "weapon": {
        "name": "破魔之弓",
        "level": 90,
        "promote": 6,
        "affix": 5
      },
      "artis": {
        "1": {
          "level": 20,
          "star": 5,
          "name": "乐团的晨光",
          "mainId": 14001,
          "attrIds": [
            501031,
            501233,
            501221,
            501064,
            501223,
            501222,
            501221,
            501222
          ]
        },
        "2": {
          "level": 20,
          "star": 5,
          "name": "摧冰而行的执望",
          "mainId": 12001,
          "attrIds": [
            501031,
            501061,
            501221,
            501082,
            501064,
            501033,
            501064,
            501224
          ]
        },
        "3": {
          "level": 20,
          "star": 5,
          "name": "冰雪故园的终期",
          "mainId": 10004,
          "attrIds": [
            501202,
            501023,
            501054,
            501221,
            501024,
            501222,
            501052,
            501022,
            501054
          ]
        },
        "4": {
          "level": 20,
          "star": 5,
          "name": "遍结寒霜的傲骨",
          "mainId": 15010,
          "attrIds": [
            501062,
            501032,
            501222,
            501051,
            501052,
            501224,
            501063,
            501033,
            501054
          ]
        },
        "5": {
          "level": 20,
          "star": 5,
          "name": "破冰踏雪的回音",
          "mainId": 13007,
          "attrIds": [
            501224,
            501033,
            501234,
            501054,
            501054,
            501231,
            501222,
            501221
          ]
        }
      },
      "_source": "enka",
      "_time": 1678200234193,
      "_update": 1678200234193,
      "_talent": 1678200234193
    },
    "10000038": {
      "name": "阿贝多",
      "id": 10000038,
      "elem": "geo",
      "level": 81,
      "promote": 6,
      "fetter": 9,
      "costume": 0,
      "cons": 0,
      "talent": {
        "a": 1,
        "e": 9,
        "q": 9
      },
      "weapon": {
        "name": "黎明神剑",
        "level": 90,
        "promote": 6,
        "affix": 5
      },
      "artis": {
        "1": {
          "level": 20,
          "star": 5,
          "name": "荣花之期",
          "mainId": 14001,
          "attrIds": [
            501201,
            501063,
            501234,
            501222,
            501221,
            501201,
            501231,
            501231
          ]
        },
        "2": {
          "level": 20,
          "star": 5,
          "name": "华馆之羽",
          "mainId": 12001,
          "attrIds": [
            501033,
            501224,
            501201,
            501061,
            501223,
            501062,
            501221,
            501061
          ]
        },
        "3": {
          "level": 20,
          "star": 5,
          "name": "众生之谣",
          "mainId": 10006,
          "attrIds": [
            501204,
            501224,
            501084,
            501062,
            501222,
            501224,
            501203,
            501204
          ]
        },
        "4": {
          "level": 20,
          "star": 5,
          "name": "守秘的魔瓶",
          "mainId": 15013,
          "attrIds": [
            501243,
            501093,
            501053,
            501231,
            501051,
            501241,
            501092,
            501091
          ]
        },
        "5": {
          "level": 20,
          "star": 5,
          "name": "形骸之笠",
          "mainId": 13006,
          "attrIds": [
            501204,
            501081,
            501223,
            501051,
            501054,
            501051,
            501222,
            501203,
            501083
          ]
        }
      },
      "_source": "enka",
      "_time": 1680882728614,
      "_update": 1680882728614,
      "_talent": 1680882728614
    },
    "10000046": {
      "name": "胡桃",
      "id": 10000046,
      "elem": "pyro",
      "level": 86,
      "promote": 6,
      "fetter": 6,
      "costume": 0,
      "cons": 0,
      "talent": {
        "a": 9,
        "e": 9,
        "q": 9
      },
      "weapon": {
        "name": "决斗之枪",
        "level": 90,
        "promote": 6,
        "affix": 2
      },
      "artis": {
        "1": {
          "level": 20,
          "star": 5,
          "name": "魔女的炎之花",
          "mainId": 14001,
          "attrIds": [
            501203,
            501242,
            501053,
            501223,
            501224,
            501244,
            501203,
            501051,
            501203
          ]
        },
        "2": {
          "level": 20,
          "star": 5,
          "name": "黄金邦国的结末",
          "mainId": 12001,
          "attrIds": [
            501061,
            501222,
            501242,
            501204,
            501241,
            501204,
            501204,
            501203
          ]
        },
        "3": {
          "level": 20,
          "star": 5,
          "name": "魔女破灭之时",
          "mainId": 10002,
          "attrIds": [
            501222,
            501051,
            501241,
            501061,
            501222,
            501222,
            501241,
            501224,
            501241
          ]
        },
        "4": {
          "level": 20,
          "star": 5,
          "name": "魔女的心之火",
          "mainId": 15008,
          "attrIds": [
            501022,
            501062,
            501033,
            501203,
            501062,
            501063,
            501032,
            501034
          ]
        },
        "5": {
          "level": 20,
          "star": 5,
          "name": "焦灼的魔女帽",
          "mainId": 13008,
          "attrIds": [
            501054,
            501243,
            501032,
            501234,
            501242,
            501034,
            501234,
            501244
          ]
        }
      },
      "_source": "enka",
      "_time": 1685184156361,
      "_update": 1685184156361,
      "_talent": 1685184156361
    },
    "10000054": {
      "name": "珊瑚宫心海",
      "id": 10000054,
      "elem": "hydro",
      "level": 89,
      "promote": 6,
      "fetter": 10,
      "costume": 0,
      "cons": 0,
      "talent": {
        "a": 2,
        "e": 9,
        "q": 8
      },
      "weapon": {
        "name": "讨龙英杰谭",
        "level": 90,
        "promote": 6,
        "affix": 5
      },
      "artis": {
        "1": {
          "level": 20,
          "star": 5,
          "name": "海染之花",
          "mainId": 14001,
          "attrIds": [
            501084,
            501242,
            501233,
            501203,
            501233,
            501083,
            501233,
            501231
          ]
        },
        "2": {
          "level": 20,
          "star": 5,
          "name": "渊宫之羽",
          "mainId": 12001,
          "attrIds": [
            501022,
            501063,
            501221,
            501033,
            501064,
            501062,
            501063,
            501061
          ]
        },
        "3": {
          "level": 20,
          "star": 5,
          "name": "离别之贝",
          "mainId": 10002,
          "attrIds": [
            501081,
            501064,
            501221,
            501233,
            501222,
            501222,
            501064,
            501061
          ]
        },
        "4": {
          "level": 20,
          "star": 5,
          "name": "遍结寒霜的傲骨",
          "mainId": 15002,
          "attrIds": [
            501223,
            501234,
            501202,
            501093,
            501223,
            501232,
            501223,
            501223
          ]
        },
        "5": {
          "level": 20,
          "star": 5,
          "name": "海祇之冠",
          "mainId": 13009,
          "attrIds": [
            501023,
            501241,
            501201,
            501064,
            501243,
            501201,
            501022,
            501064
          ]
        }
      },
      "_source": "enka",
      "_time": 1685184156360,
      "_update": 1685184156360,
      "_talent": 1685184156360
    },
    "10000058": {
      "name": "八重神子",
      "id": 10000058,
      "elem": "electro",
      "level": 81,
      "promote": 6,
      "fetter": 7,
      "costume": 0,
      "cons": 0,
      "talent": {
        "a": 8,
        "e": 8,
        "q": 8
      },
      "weapon": {
        "name": "昭心",
        "level": 50,
        "promote": 2,
        "affix": 5
      },
      "artis": {
        "1": {
          "level": 20,
          "star": 5,
          "name": "月女的华彩",
          "mainId": 14001,
          "attrIds": [
            501051,
            501243,
            501234,
            501224,
            501224,
            501231,
            501234,
            501224,
            501222
          ]
        },
        "2": {
          "level": 20,
          "star": 5,
          "name": "谢落的筵席",
          "mainId": 12001,
          "attrIds": [
            501204,
            501064,
            501231,
            501224,
            501061,
            501061,
            501221,
            501063,
            501222
          ]
        },
        "3": {
          "level": 20,
          "star": 5,
          "name": "凝结的时刻",
          "mainId": 10004,
          "attrIds": [
            501024,
            501054,
            501201,
            501081,
            501084,
            501204,
            501053,
            501053
          ]
        },
        "4": {
          "level": 20,
          "star": 5,
          "name": "吟游者之壶",
          "mainId": 15009,
          "attrIds": [
            501084,
            501032,
            501241,
            501223,
            501224,
            501224,
            501243,
            501081,
            501243
          ]
        },
        "5": {
          "level": 20,
          "star": 5,
          "name": "破冰踏雪的回音",
          "mainId": 13007,
          "attrIds": [
            501052,
            501231,
            501223,
            501062,
            501062,
            501221,
            501221,
            501064
          ]
        }
      },
      "_source": "enka",
      "_time": 1678200234194,
      "_update": 1678200234194,
      "_talent": 1678200234194
    },
    "10000063": {
      "name": "申鹤",
      "id": 10000063,
      "elem": "cryo",
      "level": 90,
      "promote": 6,
      "fetter": 6,
      "costume": 0,
      "cons": 0,
      "talent": {
        "a": 1,
        "e": 9,
        "q": 9
      },
      "weapon": {
        "name": "和璞鸢",
        "level": 90,
        "promote": 6,
        "affix": 1
      },
      "artis": {
        "1": {
          "level": 20,
          "star": 5,
          "name": "魂香之花",
          "mainId": 14001,
          "attrIds": [
            501201,
            501061,
            501051,
            501223,
            501224,
            501054,
            501053,
            501054,
            501224
          ]
        },
        "2": {
          "level": 20,
          "star": 5,
          "name": "猎人青翠的箭羽",
          "mainId": 12001,
          "attrIds": [
            501063,
            501201,
            501222,
            501034,
            501221,
            501064,
            501062,
            501061
          ]
        },
        "3": {
          "level": 20,
          "star": 5,
          "name": "阳辔之遗",
          "mainId": 10004,
          "attrIds": [
            501224,
            501242,
            501231,
            501023,
            501233,
            501233,
            501021,
            501242,
            501234
          ]
        },
        "4": {
          "level": 20,
          "star": 5,
          "name": "涌泉之盏",
          "mainId": 15004,
          "attrIds": [
            501224,
            501231,
            501052,
            501092,
            501223,
            501091,
            501223,
            501091
          ]
        },
        "5": {
          "level": 20,
          "star": 5,
          "name": "虺雷之姿",
          "mainId": 13004,
          "attrIds": [
            501224,
            501203,
            501052,
            501031,
            501053,
            501033,
            501204,
            501221
          ]
        }
      },
      "_source": "enka",
      "_time": 1685184156360,
      "_update": 1685184156360,
      "_talent": 1685184156360
    },
    "10000066": {
      "name": "神里绫人",
      "id": 10000066,
      "elem": "hydro",
      "level": 90,
      "promote": 6,
      "fetter": 10,
      "costume": 0,
      "cons": 0,
      "talent": {
        "a": 7,
        "e": 10,
        "q": 10
      },
      "weapon": {
        "name": "黑剑",
        "level": 90,
        "promote": 6,
        "affix": 3
      },
      "artis": {
        "1": {
          "level": 20,
          "star": 5,
          "name": "饰金胸花",
          "mainId": 14001,
          "attrIds": [
            501204,
            501223,
            501031,
            501234,
            501221,
            501223,
            501223,
            501031
          ]
        },
        "2": {
          "level": 20,
          "star": 5,
          "name": "追忆之风",
          "mainId": 12001,
          "attrIds": [
            501061,
            501204,
            501241,
            501221,
            501242,
            501062,
            501202,
            501222
          ]
        },
        "3": {
          "level": 20,
          "star": 5,
          "name": "坚铜罗盘",
          "mainId": 10004,
          "attrIds": [
            501244,
            501081,
            501092,
            501224,
            501091,
            501084,
            501221,
            501222,
            501223
          ]
        },
        "4": {
          "level": 20,
          "star": 5,
          "name": "结契之刻",
          "mainId": 15011,
          "attrIds": [
            501031,
            501063,
            501233,
            501222,
            501234,
            501224,
            501222,
            501063
          ]
        },
        "5": {
          "level": 20,
          "star": 5,
          "name": "酒渍船帽",
          "mainId": 13008,
          "attrIds": [
            501032,
            501233,
            501062,
            501204,
            501204,
            501234,
            501232,
            501231
          ]
        }
      },
      "_source": "enka",
      "_time": 1682183081445,
      "_update": 1682183081445,
      "_talent": 1682183081445
    },
    "10000071": {
      "name": "赛诺",
      "id": 10000071,
      "elem": "electro",
      "level": 82,
      "promote": 6,
      "fetter": 5,
      "costume": 0,
      "cons": 0,
      "talent": {
        "a": 2,
        "e": 8,
        "q": 9
      },
      "weapon": {
        "name": "风信之锋",
        "level": 90,
        "promote": 6,
        "affix": 5
      },
      "artis": {
        "1": {
          "level": 20,
          "star": 5,
          "name": "羁缠之花",
          "mainId": 14001,
          "attrIds": [
            501203,
            501223,
            501063,
            501231,
            501064,
            501221,
            501204,
            501203
          ]
        },
        "2": {
          "level": 20,
          "star": 5,
          "name": "思忆之矢",
          "mainId": 12001,
          "attrIds": [
            501082,
            501222,
            501201,
            501033,
            501221,
            501222,
            501084,
            501203,
            501031
          ]
        },
        "3": {
          "level": 20,
          "star": 5,
          "name": "宗室时计",
          "mainId": 10004,
          "attrIds": [
            501204,
            501223,
            501023,
            501093,
            501024,
            501223,
            501091,
            501221,
            501091
          ]
        },
        "4": {
          "level": 20,
          "star": 5,
          "name": "守秘的魔瓶",
          "mainId": 15009,
          "attrIds": [
            501204,
            501221,
            501091,
            501032,
            501221,
            501222,
            501201,
            501031,
            501202
          ]
        },
        "5": {
          "level": 20,
          "star": 5,
          "name": "宗室面具",
          "mainId": 13008,
          "attrIds": [
            501032,
            501202,
            501241,
            501062,
            501032,
            501062,
            501062,
            501242,
            501032
          ]
        }
      },
      "_source": "enka",
      "_time": 1678200234192,
      "_update": 1678200234192,
      "_talent": 1678200234192
    },
    "10000075": {
      "name": "流浪者",
      "id": 10000075,
      "elem": "anemo",
      "level": 90,
      "promote": 6,
      "fetter": 10,
      "costume": 0,
      "cons": 0,
      "talent": {
        "a": 10,
        "e": 10,
        "q": 10
      },
      "weapon": {
        "name": "流浪乐章",
        "level": 90,
        "promote": 6,
        "affix": 2
      },
      "artis": {
        "1": {
          "level": 20,
          "star": 5,
          "name": "众王之都的开端",
          "mainId": 14001,
          "attrIds": [
            501231,
            501052,
            501202,
            501221,
            501204,
            501222,
            501051,
            501203
          ]
        },
        "2": {
          "level": 20,
          "star": 5,
          "name": "黄金邦国的结末",
          "mainId": 12001,
          "attrIds": [
            501032,
            501224,
            501202,
            501063,
            501224,
            501203,
            501064,
            501033
          ]
        },
        "3": {
          "level": 20,
          "star": 5,
          "name": "失落迷途的机芯",
          "mainId": 10004,
          "attrIds": [
            501053,
            501204,
            501221,
            501084,
            501224,
            501082,
            501222,
            501084
          ]
        },
        "4": {
          "level": 20,
          "star": 5,
          "name": "魔女的心之火",
          "mainId": 15012,
          "attrIds": [
            501062,
            501234,
            501222,
            501204,
            501063,
            501221,
            501203,
            501203,
            501064
          ]
        },
        "5": {
          "level": 20,
          "star": 5,
          "name": "流沙贵嗣的遗宝",
          "mainId": 13008,
          "attrIds": [
            501203,
            501093,
            501062,
            501241,
            501204,
            501243,
            501203,
            501242
          ]
        }
      },
      "_source": "enka",
      "_time": 1685184156361,
      "_update": 1685184156361,
      "_talent": 1685184156361
    },
    "10000076": {
      "name": "珐露珊",
      "id": 10000076,
      "elem": "anemo",
      "level": 60,
      "promote": 3,
      "fetter": 2,
      "costume": 0,
      "cons": 3,
      "talent": {
        "a": 1,
        "e": 4,
        "q": 4
      },
      "weapon": {
        "name": "落霞",
        "level": 80,
        "promote": 5,
        "affix": 5
      },
      "artis": {
        "1": {
          "level": 20,
          "star": 5,
          "name": "生灵之华",
          "main": {
            "key": "hpPlus",
            "value": 4780
          },
          "attrs": [
            {
              "key": "atk",
              "value": 11.7
            },
            {
              "key": "mastery",
              "value": 16
            },
            {
              "key": "cdmg",
              "value": 26.4
            },
            {
              "key": "recharge",
              "value": 6.5
            }
          ]
        },
        "2": {
          "level": 20,
          "star": 5,
          "name": "追忆之风",
          "main": {
            "key": "atkPlus",
            "value": 311
          },
          "attrs": [
            {
              "key": "atk",
              "value": 8.7
            },
            {
              "key": "cpct",
              "value": 7
            },
            {
              "key": "mastery",
              "value": 35
            },
            {
              "key": "cdmg",
              "value": 11.7
            }
          ]
        },
        "5": {
          "level": 20,
          "star": 5,
          "name": "酒渍船帽",
          "main": {
            "key": "atk",
            "value": 46.6
          },
          "attrs": [
            {
              "key": "cdmg",
              "value": 23.3
            },
            {
              "key": "mastery",
              "value": 40
            },
            {
              "key": "recharge",
              "value": 11
            },
            {
              "key": "defPlus",
              "value": 16
            }
          ]
        }
      },
      "_source": "enka",
      "_time": 1675263468395,
      "_update": 1677535934607,
      "_talent": 1677535934607
    }
  }
}