{
  "uid": "226420947",
  "name": "",
  "level": "",
  "word": "",
  "face": "",
  "card": "",
  "sign": "",
  "info": false,
  "_profile": 1680016573746,
  "avatars": {
    "10000002": {
      "name": "神里绫华",
      "id": 10000002,
      "elem": "cryo",
      "level": 80,
      "promote": 5,
      "fetter": 10,
      "costume": 200201,
      "cons": 0,
      "talent": {
        "a": 2,
        "e": 4,
        "q": 7
      },
      "weapon": {
        "name": "天目影打刀",
        "level": 80,
        "promote": 5,
        "affix": 1
      },
      "artis": {
        "1": {
          "name": "历经风雪的思念",
          "level": 20,
          "star": 5,
          "mainId": 14001,
          "attrIds": [
            501221,
            501033,
            501201,
            501241,
            501244,
            501203,
            501033,
            501201,
            501222
          ]
        },
        "2": {
          "name": "摧冰而行的执望",
          "level": 20,
          "star": 5,
          "mainId": 12001,
          "attrIds": [
            501083,
            501223,
            501023,
            501062,
            501064,
            501224,
            501221,
            501084,
            501221
          ]
        },
        "3": {
          "name": "朝露之时",
          "level": 20,
          "star": 5,
          "mainId": 10004,
          "attrIds": [
            501201,
            501224,
            501032,
            501023,
            501223,
            501031,
            501204,
            501032,
            501224
          ]
        },
        "4": {
          "name": "遍结寒霜的傲骨",
          "level": 20,
          "star": 5,
          "mainId": 15004,
          "attrIds": [
            501082,
            501223,
            501204,
            501021,
            501203,
            501084,
            501203,
            501084,
            501083
          ]
        },
        "5": {
          "name": "破冰踏雪的回音",
          "level": 20,
          "star": 5,
          "mainId": 13008,
          "attrIds": [
            501232,
            501034,
            501053,
            501062,
            501033,
            501063,
            501054,
            501031
          ]
        }
      },
      "_source": "mgg",
      "_time": 1679981587490,
      "_update": 1679981587490,
      "_talent": 1679981587490
    },
    "10000016": {
      "name": "迪卢克",
      "id": 10000016,
      "elem": "pyro",
      "level": 20,
      "promote": 1,
      "fetter": 1,
      "costume": 0,
      "cons": 0,
      "talent": {
        "a": 1,
        "e": 1,
        "q": 1
      },
      "weapon": {
        "name": "训练大剑",
        "level": 1,
        "promote": 0,
        "affix": 1
      },
      "artis": {},
      "_source": "mgg",
      "_time": 1679981587492,
      "_update": 1679981587492,
      "_talent": 1679981587492
    },
    "10000025": {
      "name": "行秋",
      "id": 10000025,
      "elem": "hydro",
      "level": 80,
      "promote": 5,
      "fetter": 10,
      "costume": 0,
      "cons": 5,
      "talent": {
        "a": 1,
        "e": 5,
        "q": 6
      },
      "weapon": {
        "name": "飞天御剑",
        "level": 40,
        "promote": 1,
        "affix": 5
      },
      "artis": {
        "1": {
          "name": "羁缠之花",
          "level": 20,
          "star": 5,
          "mainId": 14001,
          "attrIds": [
            501094,
            501221,
            501204,
            501233,
            501222,
            501203,
            501091,
            501091
          ]
        },
        "2": {
          "name": "切落之羽",
          "level": 20,
          "star": 5,
          "mainId": 12001,
          "attrIds": [
            501063,
            501021,
            501202,
            501221,
            501201,
            501224,
            501061,
            501203,
            501021
          ]
        },
        "3": {
          "name": "朝露之时",
          "level": 16,
          "star": 5,
          "mainId": 10004,
          "attrIds": [
            501054,
            501202,
            501031,
            501083,
            501052,
            501203,
            501054,
            501051
          ]
        },
        "4": {
          "name": "角斗士的酣醉",
          "level": 20,
          "star": 5,
          "mainId": 15004,
          "attrIds": [
            501053,
            501203,
            501221,
            501242,
            501222,
            501202,
            501202,
            501204
          ]
        },
        "5": {
          "name": "翠绿的猎人之冠",
          "level": 20,
          "star": 5,
          "mainId": 13007,
          "attrIds": [
            501024,
            501083,
            501062,
            501231,
            501232,
            501022,
            501083,
            501232
          ]
        }
      },
      "_source": "mgg",
      "_time": 1679981587492,
      "_update": 1679981587492,
      "_talent": 1679981587492
    },
    "10000035": {
      "name": "七七",
      "id": 10000035,
      "elem": "cryo",
      "level": 20,
      "promote": 1,
      "fetter": 1,
      "costume": 0,
      "cons": 0,
      "talent": {
        "a": 1,
        "e": 1,
        "q": 1
      },
      "weapon": {
        "name": "无锋剑",
        "level": 1,
        "promote": 0,
        "affix": 1
      },
      "artis": {},
      "_source": "mgg",
      "_time": 1679981587491,
      "_update": 1679981587491,
      "_talent": 1679981587491
    },
    "10000042": {
      "name": "刻晴",
      "id": 10000042,
      "elem": "electro",
      "level": 60,
      "promote": 3,
      "fetter": 6,
      "costume": 0,
      "cons": 0,
      "talent": {
        "a": 1,
        "e": 1,
        "q": 1
      },
      "weapon": {
        "name": "匣里龙吟",
        "level": 40,
        "promote": 1,
        "affix": 1
      },
      "artis": {},
      "_source": "mgg",
      "_time": 1679981587490,
      "_update": 1679981587490,
      "_talent": 1679981587490
    },
    "10000049": {
      "name": "宵宫",
      "id": 10000049,
      "elem": "pyro",
      "level": 70,
      "promote": 4,
      "fetter": 10,
      "costume": 0,
      "cons": 0,
      "talent": {
        "a": 4,
        "e": 4,
        "q": 1
      },
      "weapon": {
        "name": "阿莫斯之弓",
        "level": 60,
        "promote": 3,
        "affix": 1
      },
      "artis": {
        "1": {
          "name": "明威之镡",
          "level": 1,
          "star": 5,
          "_name": "明威之镡",
          "_level": 16,
          "_star": 5,
          "mainId": 14001,
          "attrIds": [
            501052,
            501203,
            501094
          ]
        },
        "2": {
          "name": "思忆之矢",
          "level": 15,
          "star": 5,
          "mainId": 12001,
          "attrIds": [
            501093,
            501232,
            501203,
            501081,
            501081,
            501233
          ]
        },
        "3": {
          "name": "雷云之笼",
          "level": 1,
          "star": 5,
          "_name": "雷云之笼",
          "_level": 16,
          "_star": 5,
          "mainId": 10004,
          "attrIds": [
            501024,
            501053,
            501233
          ]
        },
        "4": {
          "name": "祈望之心",
          "level": 1,
          "star": 5,
          "mainId": 15004,
          "attrIds": [
            501083,
            501094,
            501204
          ]
        },
        "5": {
          "name": "宗室面具",
          "level": 1,
          "star": 5,
          "_name": "宗室面具",
          "_level": 18,
          "_star": 5,
          "mainId": 13008,
          "attrIds": [
            501032,
            501091,
            501243
          ]
        }
      },
      "_source": "mgg",
      "_time": 1679981587491,
      "_update": 1679981587491,
      "_talent": 1679981587491
    },
    "10000052": {
      "name": "雷电将军",
      "id": 10000052,
      "elem": "electro",
      "level": 80,
      "promote": 5,
      "fetter": 8,
      "costume": 0,
      "cons": 2,
      "talent": {
        "a": 1,
        "e": 6,
        "q": 7
      },
      "weapon": {
        "name": "「渔获」",
        "level": 60,
        "promote": 3,
        "affix": 1
      },
      "artis": {
        "1": {
          "name": "羁缠之花",
          "level": 16,
          "star": 5,
          "mainId": 14001,
          "attrIds": [
            501032,
            501053,
            501223,
            501202,
            501223,
            501033,
            501034
          ]
        },
        "2": {
          "name": "切落之羽",
          "level": 1,
          "star": 5,
          "_name": "切落之羽",
          "_level": 20,
          "_star": 5,
          "mainId": 12001,
          "attrIds": [
            501094,
            501082,
            501232
          ]
        },
        "3": {
          "name": "雷云之笼",
          "level": 20,
          "star": 5,
          "main": {
            "key": "recharge",
            "value": 51.8
          },
          "attrs": [
            {
              "key": "hp",
              "value": 4.1
            },
            {
              "key": "cpct",
              "value": 10.5
            },
            {
              "key": "defPlus",
              "value": 56
            },
            {
              "key": "cdmg",
              "value": 6.2
            }
          ]
        },
        "4": {
          "name": "绯花之壶",
          "level": 20,
          "star": 5,
          "mainId": 15009,
          "attrIds": [
            501231,
            501221,
            501094,
            501242,
            501233,
            501242,
            501234,
            501244,
            501092
          ]
        },
        "5": {
          "name": "华饰之兜",
          "level": 1,
          "star": 5,
          "mainId": 13008,
          "attrIds": [
            501091,
            501202,
            501024
          ]
        }
      },
      "_source": "mgg",
      "_time": 1679981587491,
      "_update": 1679981587491,
      "_talent": 1679981587491
    },
    "10000054": {
      "name": "珊瑚宫心海",
      "id": 10000054,
      "elem": "hydro",
      "level": 50,
      "promote": 2,
      "fetter": 10,
      "costume": 0,
      "cons": 0,
      "talent": {
        "a": 1,
        "e": 1,
        "q": 1
      },
      "weapon": {
        "name": "祭礼残章",
        "level": 50,
        "promote": 2,
        "affix": 3
      },
      "artis": {
        "1": {
          "name": "羁缠之花",
          "level": 4,
          "star": 5,
          "mainId": 14001,
          "attrIds": [
            501201,
            501051,
            501222,
            501063
          ]
        },
        "2": {
          "name": "昭武翎羽",
          "level": 12,
          "star": 5,
          "mainId": 12001,
          "attrIds": [
            501062,
            501033,
            501082,
            501204,
            501064,
            501034
          ]
        },
        "3": {
          "name": "角斗士的希冀",
          "level": 1,
          "star": 5,
          "_name": "角斗士的希冀",
          "_level": 12,
          "_star": 5,
          "mainId": 10007,
          "attrIds": [
            501223,
            501241,
            501083
          ]
        },
        "4": {
          "name": "教官的茶杯",
          "level": 1,
          "star": 3,
          "_name": "教官的茶杯",
          "_level": 20,
          "_star": 3,
          "mainId": 15004,
          "attrIds": [
            301032,
            301243
          ]
        },
        "5": {
          "name": "将帅兜鍪",
          "level": 12,
          "star": 4,
          "mainId": 13009,
          "attrIds": [
            401024,
            401032,
            401094,
            401051,
            401034
          ]
        }
      },
      "_source": "mgg",
      "_time": 1679981587491,
      "_update": 1679981587491,
      "_talent": 1679981587491
    }
  }
}