{
  "uid": "235526274",
  "name": "",
  "level": "",
  "word": "",
  "face": "",
  "card": "",
  "sign": "",
  "info": false,
  "_profile": 1681483324290,
  "avatars": {
    "10000003": {
      "name": "琴",
      "id": 10000003,
      "elem": "anemo",
      "level": 80,
      "promote": 5,
      "fetter": 10,
      "costume": 0,
      "cons": 1,
      "talent": {
        "a": 5,
        "e": 6,
        "q": 6
      },
      "weapon": {
        "name": "西风剑",
        "level": 60,
        "promote": 3,
        "affix": 3
      },
      "artis": {},
      "_source": "enka",
      "_time": 1681483324289,
      "_update": 1681483324289,
      "_talent": 1681483324289
    },
    "10000022": {
      "name": "温迪",
      "id": 10000022,
      "elem": "anemo",
      "level": 80,
      "promote": 6,
      "fetter": 10,
      "costume": 0,
      "cons": 0,
      "talent": {
        "a": 5,
        "e": 6,
        "q": 10
      },
      "weapon": {
        "name": "西风猎弓",
        "level": 80,
        "promote": 5,
        "affix": 4
      },
      "artis": {
        "1": {
          "name": "野花记忆的绿野",
          "level": 20,
          "star": 5,
          "mainId": 14001,
          "attrIds": [
            501242,
            501234,
            501062,
            501084,
            501063,
            501064,
            501233,
            501242,
            501084
          ]
        },
        "2": {
          "name": "猎人青翠的箭羽",
          "level": 20,
          "star": 5,
          "mainId": 12001,
          "attrIds": [
            501224,
            501082,
            501204,
            501024,
            501204,
            501024,
            501084,
            501221,
            501223
          ]
        },
        "3": {
          "name": "翠绿猎人的笃定",
          "level": 20,
          "star": 5,
          "mainId": 10008,
          "attrIds": [
            501064,
            501082,
            501221,
            501021,
            501022,
            501064,
            501224,
            501062
          ]
        },
        "4": {
          "name": "角斗士的酣醉",
          "level": 20,
          "star": 5,
          "mainId": 15007,
          "attrIds": [
            501233,
            501051,
            501224,
            501084,
            501224,
            501231,
            501084,
            501224
          ]
        },
        "5": {
          "name": "翠绿的猎人之冠",
          "level": 20,
          "star": 5,
          "mainId": 13010,
          "attrIds": [
            501232,
            501081,
            501064,
            501032,
            501084,
            501064,
            501084,
            501082
          ]
        }
      },
      "_source": "enka",
      "_time": 1681483324288,
      "_update": 1681483324288,
      "_talent": 1681483324288
    },
    "10000026": {
      "name": "魈",
      "id": 10000026,
      "elem": "anemo",
      "level": 80,
      "promote": 5,
      "fetter": 7,
      "costume": 0,
      "cons": 0,
      "talent": {
        "a": 8,
        "e": 7,
        "q": 7
      },
      "weapon": {
        "name": "新手长枪",
        "level": 1,
        "promote": 0,
        "affix": 1
      },
      "artis": {
        "1": {
          "name": "明威之镡",
          "level": 20,
          "star": 5,
          "mainId": 14001,
          "attrIds": [
            501203,
            501242,
            501221,
            501082,
            501244,
            501242,
            501242,
            501224
          ]
        },
        "2": {
          "name": "切落之羽",
          "level": 20,
          "star": 5,
          "mainId": 12001,
          "attrIds": [
            501033,
            501064,
            501232,
            501243,
            501231,
            501244,
            501231,
            501243
          ]
        },
        "3": {
          "name": "凝结的时刻",
          "level": 20,
          "star": 5,
          "mainId": 10002,
          "attrIds": [
            501201,
            501242,
            501223,
            501051,
            501224,
            501204,
            501221,
            501222,
            501053
          ]
        },
        "4": {
          "name": "吟游者之壶",
          "level": 20,
          "star": 5,
          "mainId": 15008,
          "attrIds": [
            501052,
            501224,
            501202,
            501094,
            501223,
            501203,
            501201,
            501201,
            501202
          ]
        },
        "5": {
          "name": "指挥的礼帽",
          "level": 20,
          "star": 5,
          "mainId": 13008,
          "attrIds": [
            501201,
            501023,
            501051,
            501233,
            501234,
            501022,
            501053,
            501053
          ]
        }
      },
      "_source": "enka",
      "_time": 1681483324289,
      "_update": 1681483324289,
      "_talent": 1681483324289
    },
    "10000029": {
      "name": "可莉",
      "id": 10000029,
      "elem": "pyro",
      "level": 90,
      "promote": 6,
      "fetter": 10,
      "costume": 0,
      "cons": 0,
      "talent": {
        "a": 9,
        "e": 7,
        "q": 6
      },
      "weapon": {
        "name": "昭心",
        "level": 80,
        "promote": 5,
        "affix": 4
      },
      "artis": {
        "1": {
          "name": "众王之都的开端",
          "level": 20,
          "star": 5,
          "mainId": 14001,
          "attrIds": [
            501221,
            501083,
            501204,
            501061,
            501224,
            501222,
            501223,
            501201
          ]
        },
        "2": {
          "name": "角斗士的归宿",
          "level": 20,
          "star": 5,
          "mainId": 12001,
          "attrIds": [
            501202,
            501224,
            501232,
            501061,
            501203,
            501224,
            501062,
            501224,
            501232
          ]
        },
        "3": {
          "name": "终幕的时计",
          "level": 20,
          "star": 5,
          "mainId": 10004,
          "attrIds": [
            501231,
            501223,
            501033,
            501054,
            501222,
            501222,
            501032,
            501222,
            501033
          ]
        },
        "4": {
          "name": "吟游者之壶",
          "level": 20,
          "star": 5,
          "mainId": 15008,
          "attrIds": [
            501052,
            501224,
            501202,
            501094,
            501223,
            501203,
            501201,
            501201,
            501202
          ]
        },
        "5": {
          "name": "指挥的礼帽",
          "level": 20,
          "star": 5,
          "mainId": 13008,
          "attrIds": [
            501201,
            501023,
            501051,
            501233,
            501234,
            501022,
            501053,
            501053
          ]
        }
      },
      "_source": "enka",
      "_time": 1681483324286,
      "_update": 1681483324286,
      "_talent": 1681483324286
    },
    "10000030": {
      "name": "钟离",
      "id": 10000030,
      "elem": "geo",
      "level": 90,
      "promote": 6,
      "fetter": 10,
      "costume": 0,
      "cons": 0,
      "talent": {
        "a": 10,
        "e": 10,
        "q": 10
      },
      "weapon": {
        "name": "黑缨枪",
        "level": 90,
        "promote": 6,
        "affix": 5
      },
      "artis": {
        "1": {
          "name": "乐团的晨光",
          "level": 20,
          "star": 5,
          "mainId": 14001,
          "attrIds": [
            501244,
            501032,
            501053,
            501091,
            501033,
            501244,
            501054,
            501033,
            501092
          ]
        },
        "2": {
          "name": "昭武翎羽",
          "level": 20,
          "star": 5,
          "mainId": 12001,
          "attrIds": [
            501032,
            501224,
            501234,
            501022,
            501021,
            501021,
            501032,
            501031
          ]
        },
        "3": {
          "name": "金铜时晷",
          "level": 20,
          "star": 5,
          "mainId": 10002,
          "attrIds": [
            501081,
            501231,
            501052,
            501244,
            501231,
            501051,
            501234,
            501233,
            501081
          ]
        },
        "4": {
          "name": "盟誓金爵",
          "level": 20,
          "star": 5,
          "mainId": 15002,
          "attrIds": [
            501022,
            501063,
            501053,
            501232,
            501061,
            501234,
            501063,
            501062
          ]
        },
        "5": {
          "name": "将帅兜鍪",
          "level": 20,
          "star": 5,
          "mainId": 13002,
          "attrIds": [
            501021,
            501083,
            501051,
            501231,
            501024,
            501081,
            501022,
            501053
          ]
        }
      },
      "_source": "enka",
      "_time": 1681483324287,
      "_update": 1681483324287,
      "_talent": 1681483324287
    },
    "10000037": {
      "name": "甘雨",
      "id": 10000037,
      "elem": "cryo",
      "level": 89,
      "promote": 6,
      "fetter": 10,
      "costume": 0,
      "cons": 0,
      "talent": {
        "a": 10,
        "e": 5,
        "q": 6
      },
      "weapon": {
        "name": "破魔之弓",
        "level": 90,
        "promote": 6,
        "affix": 5
      },
      "artis": {
        "1": {
          "name": "乐团的晨光",
          "level": 20,
          "star": 5,
          "mainId": 14001,
          "attrIds": [
            501224,
            501031,
            501203,
            501242,
            501202,
            501202,
            501032,
            501223,
            501201
          ]
        },
        "2": {
          "name": "琴师的箭羽",
          "level": 20,
          "star": 5,
          "mainId": 12001,
          "attrIds": [
            501224,
            501021,
            501202,
            501062,
            501222,
            501062,
            501221,
            501064,
            501222
          ]
        },
        "3": {
          "name": "终幕的时计",
          "level": 20,
          "star": 5,
          "mainId": 10004,
          "attrIds": [
            501031,
            501203,
            501223,
            501241,
            501243,
            501224,
            501202,
            501031
          ]
        },
        "4": {
          "name": "吟游者之壶",
          "level": 20,
          "star": 5,
          "mainId": 15010,
          "attrIds": [
            501203,
            501242,
            501051,
            501222,
            501242,
            501242,
            501223,
            501053,
            501243
          ]
        },
        "5": {
          "name": "流沙贵嗣的遗宝",
          "level": 20,
          "star": 5,
          "mainId": 13008,
          "attrIds": [
            501053,
            501201,
            501024,
            501231,
            501024,
            501234,
            501231,
            501204
          ]
        }
      },
      "_source": "enka",
      "_time": 1681483324288,
      "_update": 1681483324288,
      "_talent": 1681483324288
    },
    "10000073": {
      "name": "纳西妲",
      "id": 10000073,
      "elem": "dendro",
      "level": 80,
      "promote": 6,
      "fetter": 10,
      "costume": 0,
      "cons": 0,
      "talent": {
        "a": 5,
        "e": 10,
        "q": 9
      },
      "weapon": {
        "name": "祭礼残章",
        "level": 90,
        "promote": 6,
        "affix": 3
      },
      "artis": {
        "1": {
          "name": "迷宫的游人",
          "level": 20,
          "star": 5,
          "mainId": 14001,
          "attrIds": [
            501063,
            501243,
            501033,
            501054,
            501244,
            501242,
            501242,
            501062,
            501241
          ]
        },
        "2": {
          "name": "翠蔓的智者",
          "level": 20,
          "star": 5,
          "mainId": 12001,
          "attrIds": [
            501024,
            501033,
            501232,
            501061,
            501021,
            501032,
            501234,
            501063
          ]
        },
        "3": {
          "name": "贤智的定期",
          "level": 20,
          "star": 5,
          "mainId": 10008,
          "attrIds": [
            501201,
            501091,
            501053,
            501083,
            501203,
            501204,
            501084,
            501053
          ]
        },
        "4": {
          "name": "绯花之壶",
          "level": 20,
          "star": 5,
          "mainId": 15007,
          "attrIds": [
            501083,
            501204,
            501224,
            501061,
            501201,
            501223,
            501222,
            501083
          ]
        },
        "5": {
          "name": "月桂的宝冠",
          "level": 20,
          "star": 5,
          "mainId": 13010,
          "attrIds": [
            501093,
            501222,
            501061,
            501054,
            501063,
            501051,
            501094,
            501093
          ]
        }
      },
      "_source": "enka",
      "_time": 1681483324288,
      "_update": 1681483324288,
      "_talent": 1681483324288
    },
    "10000075": {
      "name": "流浪者",
      "id": 10000075,
      "elem": "anemo",
      "level": 90,
      "promote": 6,
      "fetter": 10,
      "costume": 0,
      "cons": 0,
      "talent": {
        "a": 10,
        "e": 8,
        "q": 8
      },
      "weapon": {
        "name": "流浪乐章",
        "level": 90,
        "promote": 6,
        "affix": 1
      },
      "artis": {
        "1": {
          "name": "乐团的晨光",
          "level": 20,
          "star": 5,
          "mainId": 14001,
          "attrIds": [
            501062,
            501204,
            501222,
            501051,
            501223,
            501222,
            501222,
            501221
          ]
        },
        "2": {
          "name": "琴师的箭羽",
          "level": 20,
          "star": 5,
          "mainId": 12001,
          "attrIds": [
            501222,
            501204,
            501093,
            501021,
            501223,
            501203,
            501221,
            501204
          ]
        },
        "3": {
          "name": "翠绿猎人的笃定",
          "level": 20,
          "star": 5,
          "mainId": 10004,
          "attrIds": [
            501032,
            501052,
            501224,
            501202,
            501223,
            501203,
            501221,
            501053
          ]
        },
        "4": {
          "name": "吟游者之壶",
          "level": 20,
          "star": 5,
          "mainId": 15012,
          "attrIds": [
            501031,
            501224,
            501022,
            501233,
            501032,
            501223,
            501224,
            501033
          ]
        },
        "5": {
          "name": "指挥的礼帽",
          "level": 20,
          "star": 5,
          "mainId": 13007,
          "attrIds": [
            501221,
            501022,
            501052,
            501062,
            501222,
            501222,
            501221,
            501063,
            501224
          ]
        }
      },
      "_source": "enka",
      "_time": 1681483324289,
      "_update": 1681483324289,
      "_talent": 1681483324289
    }
  }
}