{
  "uid": "235618703",
  "name": "",
  "level": "",
  "word": "",
  "face": "",
  "card": "",
  "sign": "",
  "info": false,
  "_profile": 1686023584131,
  "avatars": {
    "10000002": {
      "name": "神里绫华",
      "id": 10000002,
      "elem": "cryo",
      "level": 90,
      "promote": 6,
      "fetter": 10,
      "costume": 0,
      "cons": 0,
      "talent": {
        "a": 10,
        "e": 7,
        "q": 10
      },
      "weapon": {
        "name": "天目影打刀",
        "level": 90,
        "promote": 6,
        "affix": 5
      },
      "artis": {
        "1": {
          "level": 20,
          "star": 5,
          "name": "历经风雪的思念",
          "mainId": 14001,
          "attrIds": [
            501243,
            501223,
            501204,
            501093,
            501204,
            501093,
            501203,
            501203,
            501241
          ]
        },
        "2": {
          "level": 20,
          "star": 5,
          "name": "摧冰而行的执望",
          "mainId": 12001,
          "attrIds": [
            501204,
            501034,
            501223,
            501233,
            501034,
            501223,
            501233,
            501223,
            501202
          ]
        },
        "3": {
          "level": 20,
          "star": 5,
          "name": "冰雪故园的终期",
          "mainId": 10004,
          "attrIds": [
            501021,
            501221,
            501081,
            501034,
            501224,
            501223,
            501022,
            501222,
            501224
          ]
        },
        "4": {
          "level": 20,
          "star": 5,
          "name": "遍结寒霜的傲骨",
          "mainId": 15010,
          "attrIds": [
            501243,
            501203,
            501022,
            501223,
            501021,
            501222,
            501024,
            501204
          ]
        },
        "5": {
          "level": 20,
          "star": 5,
          "name": "指挥的礼帽",
          "mainId": 13008,
          "attrIds": [
            501233,
            501242,
            501083,
            501203,
            501203,
            501202,
            501242,
            501241,
            501232
          ]
        }
      },
      "_source": "enka",
      "_time": 1686015740744,
      "_update": 1686015740744,
      "_talent": 1686015740744
    },
    "10000007": {
      "name": "荧",
      "id": 10000007,
      "elem": "geo",
      "level": 81,
      "promote": 6,
      "fetter": 1,
      "costume": 0,
      "cons": 6,
      "talent": {
        "a": 1,
        "e": 1,
        "q": 1
      },
      "weapon": {
        "name": "铁蜂刺",
        "level": 80,
        "promote": 5,
        "affix": 1
      },
      "artis": {
        "1": {
          "level": 20,
          "star": 5,
          "name": "角斗士的留恋",
          "mainId": 14001,
          "attrIds": [
            501242,
            501222,
            501234,
            501094,
            501224,
            501093,
            501093,
            501231
          ]
        },
        "2": {
          "level": 20,
          "star": 5,
          "name": "切落之羽",
          "mainId": 12001,
          "attrIds": [
            501202,
            501063,
            501231,
            501243,
            501201,
            501204,
            501202,
            501242
          ]
        },
        "3": {
          "level": 20,
          "star": 5,
          "name": "雷云之笼",
          "mainId": 10008,
          "attrIds": [
            501233,
            501204,
            501223,
            501082,
            501223,
            501224,
            501201,
            501232
          ]
        },
        "4": {
          "level": 20,
          "star": 5,
          "name": "翠绿猎人的容器",
          "mainId": 15014,
          "attrIds": [
            501232,
            501201,
            501241,
            501062,
            501061,
            501241,
            501063,
            501063,
            501243
          ]
        },
        "5": {
          "level": 20,
          "star": 5,
          "name": "焦灼的魔女帽",
          "mainId": 13004,
          "attrIds": [
            501033,
            501222,
            501234,
            501022,
            501223,
            501233,
            501024,
            501223
          ]
        }
      },
      "_source": "enka",
      "_time": 1686023584129,
      "_update": 1686023584129,
      "_talent": 1686023584129
    },
    "10000025": {
      "name": "行秋",
      "id": 10000025,
      "elem": "hydro",
      "level": 90,
      "promote": 6,
      "fetter": 10,
      "costume": 0,
      "cons": 3,
      "talent": {
        "a": 2,
        "e": 7,
        "q": 9
      },
      "weapon": {
        "name": "西风剑",
        "level": 90,
        "promote": 6,
        "affix": 4
      },
      "artis": {
        "1": {
          "level": 20,
          "star": 5,
          "name": "明威之镡",
          "mainId": 14001,
          "attrIds": [
            501223,
            501232,
            501064,
            501243,
            501224,
            501224,
            501062,
            501233
          ]
        },
        "2": {
          "level": 20,
          "star": 5,
          "name": "切落之羽",
          "mainId": 12001,
          "attrIds": [
            501063,
            501223,
            501231,
            501032,
            501224,
            501033,
            501223,
            501223
          ]
        },
        "3": {
          "level": 20,
          "star": 5,
          "name": "雷云之笼",
          "mainId": 10007,
          "attrIds": [
            501023,
            501244,
            501222,
            501053,
            501222,
            501244,
            501222,
            501053
          ]
        },
        "4": {
          "level": 20,
          "star": 5,
          "name": "渡火者的醒悟",
          "mainId": 15011,
          "attrIds": [
            501082,
            501053,
            501202,
            501224,
            501203,
            501223,
            501221,
            501202
          ]
        },
        "5": {
          "level": 20,
          "star": 5,
          "name": "华饰之兜",
          "mainId": 13007,
          "attrIds": [
            501231,
            501223,
            501032,
            501084,
            501223,
            501031,
            501232,
            501233
          ]
        }
      },
      "_source": "enka",
      "_time": 1686023584129,
      "_update": 1686023584129,
      "_talent": 1686023584129
    },
    "10000029": {
      "name": "可莉",
      "id": 10000029,
      "elem": "pyro",
      "level": 80,
      "promote": 5,
      "fetter": 10,
      "costume": 0,
      "cons": 0,
      "talent": {
        "a": 8,
        "e": 6,
        "q": 5
      },
      "weapon": {
        "name": "流浪乐章",
        "level": 90,
        "promote": 6,
        "affix": 5
      },
      "artis": {
        "1": {
          "level": 20,
          "star": 5,
          "name": "魔女的炎之花",
          "mainId": 14001,
          "attrIds": [
            501223,
            501033,
            501234,
            501202,
            501234,
            501231,
            501032,
            501223,
            501221
          ]
        },
        "2": {
          "level": 20,
          "star": 5,
          "name": "魔女常燃之羽",
          "mainId": 12001,
          "attrIds": [
            501224,
            501083,
            501204,
            501232,
            501084,
            501223,
            501221,
            501083,
            501084
          ]
        },
        "3": {
          "level": 20,
          "star": 5,
          "name": "翠绿猎人的笃定",
          "mainId": 10004,
          "attrIds": [
            501024,
            501223,
            501244,
            501233,
            501222,
            501022,
            501221,
            501242,
            501243
          ]
        },
        "4": {
          "level": 20,
          "star": 5,
          "name": "遍结寒霜的傲骨",
          "mainId": 15008,
          "attrIds": [
            501021,
            501223,
            501204,
            501061,
            501223,
            501022,
            501064,
            501024
          ]
        },
        "5": {
          "level": 20,
          "star": 5,
          "name": "沙王的投影",
          "mainId": 13007,
          "attrIds": [
            501083,
            501242,
            501234,
            501221,
            501232,
            501223,
            501231,
            501231,
            501221
          ]
        }
      },
      "_source": "enka",
      "_time": 1685370116101,
      "_update": 1685370116101,
      "_talent": 1685370116101
    },
    "10000030": {
      "name": "钟离",
      "id": 10000030,
      "elem": "geo",
      "level": 90,
      "promote": 6,
      "fetter": 10,
      "costume": 0,
      "cons": 0,
      "talent": {
        "a": 1,
        "e": 9,
        "q": 9
      },
      "weapon": {
        "name": "黑缨枪",
        "level": 90,
        "promote": 6,
        "affix": 5
      },
      "artis": {
        "1": {
          "level": 20,
          "star": 5,
          "name": "勋绩之花",
          "mainId": 14001,
          "attrIds": [
            501054,
            501223,
            501234,
            501201,
            501201,
            501234,
            501053,
            501234
          ]
        },
        "2": {
          "level": 20,
          "star": 5,
          "name": "昭武翎羽",
          "mainId": 12001,
          "attrIds": [
            501223,
            501022,
            501094,
            501033,
            501033,
            501221,
            501023,
            501032
          ]
        },
        "3": {
          "level": 20,
          "star": 5,
          "name": "金铜时晷",
          "mainId": 10002,
          "attrIds": [
            501051,
            501243,
            501022,
            501084,
            501024,
            501053,
            501021,
            501022
          ]
        },
        "4": {
          "level": 20,
          "star": 5,
          "name": "盟誓金爵",
          "mainId": 15002,
          "attrIds": [
            501024,
            501054,
            501241,
            501083,
            501052,
            501083,
            501081,
            501053
          ]
        },
        "5": {
          "level": 20,
          "star": 5,
          "name": "少女易逝的芳颜",
          "mainId": 13002,
          "attrIds": [
            501201,
            501024,
            501221,
            501082,
            501221,
            501221,
            501202,
            501021,
            501024
          ]
        }
      },
      "_source": "enka",
      "_time": 1686023584128,
      "_update": 1686023584128,
      "_talent": 1686023584128
    },
    "10000032": {
      "name": "班尼特",
      "id": 10000032,
      "elem": "pyro",
      "level": 81,
      "promote": 6,
      "fetter": 1,
      "costume": 0,
      "cons": 0,
      "talent": {
        "a": 1,
        "e": 1,
        "q": 9
      },
      "weapon": {
        "name": "原木刀",
        "level": 90,
        "promote": 6,
        "affix": 1
      },
      "artis": {
        "1": {
          "level": 1,
          "star": 5,
          "name": "宗室之花",
          "mainId": 14001,
          "attrIds": [
            501084,
            501241,
            501221
          ]
        },
        "2": {
          "level": 2,
          "star": 5,
          "name": "宗室之翎",
          "mainId": 12001,
          "attrIds": [
            501241,
            501232,
            501032
          ]
        },
        "3": {
          "level": 20,
          "star": 5,
          "name": "翠绿猎人的笃定",
          "mainId": 10007,
          "attrIds": [
            501051,
            501022,
            501202,
            501221,
            501203,
            501222,
            501052,
            501052,
            501204
          ]
        },
        "4": {
          "level": 1,
          "star": 5,
          "name": "宗室银瓮",
          "mainId": 15002,
          "attrIds": [
            501092,
            501053,
            501022,
            501224
          ]
        },
        "5": {
          "level": 1,
          "star": 5,
          "name": "宗室面具",
          "mainId": 13009,
          "attrIds": [
            501093,
            501052,
            501233
          ]
        }
      },
      "_source": "enka",
      "_time": 1686023584118,
      "_update": 1686023584118,
      "_talent": 1686023584118
    },
    "10000036": {
      "name": "重云",
      "id": 10000036,
      "elem": "cryo",
      "level": 80,
      "promote": 5,
      "fetter": 10,
      "costume": 0,
      "cons": 1,
      "talent": {
        "a": 1,
        "e": 4,
        "q": 4
      },
      "weapon": {
        "name": "祭礼大剑",
        "level": 50,
        "promote": 2,
        "affix": 3
      },
      "artis": {
        "1": {
          "level": 20,
          "star": 5,
          "name": "角斗士的留恋",
          "mainId": 14001,
          "attrIds": [
            501052,
            501222,
            501061,
            501241,
            501224,
            501051,
            501242,
            501064
          ]
        },
        "2": {
          "level": 20,
          "star": 5,
          "name": "摧冰而行的执望",
          "mainId": 12001,
          "attrIds": [
            501031,
            501234,
            501241,
            501083,
            501083,
            501082,
            501232,
            501243
          ]
        },
        "3": {
          "level": 20,
          "star": 5,
          "name": "渡火者的煎熬",
          "mainId": 10004,
          "attrIds": [
            501091,
            501202,
            501034,
            501224,
            501221,
            501094,
            501031,
            501094,
            501221
          ]
        },
        "4": {
          "level": 20,
          "star": 5,
          "name": "遍结寒霜的傲骨",
          "mainId": 15010,
          "attrIds": [
            501092,
            501234,
            501223,
            501243,
            501221,
            501234,
            501233,
            501234
          ]
        },
        "5": {
          "level": 20,
          "star": 5,
          "name": "破冰踏雪的回音",
          "mainId": 13004,
          "attrIds": [
            501243,
            501033,
            501051,
            501234,
            501234,
            501242,
            501233,
            501032
          ]
        }
      },
      "_source": "enka",
      "_time": 1686023584128,
      "_update": 1686023584128,
      "_talent": 1686023584128
    },
    "10000037": {
      "name": "甘雨",
      "id": 10000037,
      "elem": "cryo",
      "level": 90,
      "promote": 6,
      "fetter": 3,
      "costume": 0,
      "cons": 0,
      "talent": {
        "a": 9,
        "e": 1,
        "q": 1
      },
      "weapon": {
        "name": "破魔之弓",
        "level": 90,
        "promote": 6,
        "affix": 5
      },
      "artis": {
        "1": {
          "level": 20,
          "star": 5,
          "name": "乐团的晨光",
          "mainId": 14001,
          "attrIds": [
            501224,
            501091,
            501202,
            501063,
            501224,
            501223,
            501091,
            501094
          ]
        },
        "2": {
          "level": 20,
          "star": 5,
          "name": "琴师的箭羽",
          "mainId": 12001,
          "attrIds": [
            501094,
            501081,
            501221,
            501202,
            501202,
            501204,
            501224,
            501224,
            501092
          ]
        },
        "3": {
          "level": 20,
          "star": 5,
          "name": "终幕的时计",
          "mainId": 10004,
          "attrIds": [
            501233,
            501221,
            501024,
            501053,
            501223,
            501023,
            501233,
            501022,
            501234
          ]
        },
        "4": {
          "level": 20,
          "star": 5,
          "name": "角斗士的酣醉",
          "mainId": 15010,
          "attrIds": [
            501232,
            501064,
            501051,
            501223,
            501223,
            501064,
            501231,
            501222,
            501061
          ]
        },
        "5": {
          "level": 20,
          "star": 5,
          "name": "指挥的礼帽",
          "mainId": 13007,
          "attrIds": [
            501224,
            501033,
            501064,
            501021,
            501224,
            501224,
            501064,
            501033
          ]
        }
      },
      "_source": "enka",
      "_time": 1686015740746,
      "_update": 1686015740746,
      "_talent": 1686015740746
    },
    "10000046": {
      "name": "胡桃",
      "id": 10000046,
      "elem": "pyro",
      "level": 90,
      "promote": 6,
      "fetter": 8,
      "costume": 0,
      "cons": 0,
      "talent": {
        "a": 10,
        "e": 10,
        "q": 10
      },
      "weapon": {
        "name": "匣里灭辰",
        "level": 90,
        "promote": 6,
        "affix": 5
      },
      "artis": {
        "1": {
          "level": 20,
          "star": 5,
          "name": "魔女的炎之花",
          "mainId": 14001,
          "attrIds": [
            501224,
            501204,
            501241,
            501234,
            501202,
            501223,
            501223,
            501232
          ]
        },
        "2": {
          "level": 20,
          "star": 5,
          "name": "魔女常燃之羽",
          "mainId": 12001,
          "attrIds": [
            501241,
            501201,
            501224,
            501232,
            501243,
            501243,
            501221,
            501244,
            501223
          ]
        },
        "3": {
          "level": 20,
          "star": 5,
          "name": "魔女破灭之时",
          "mainId": 10002,
          "attrIds": [
            501203,
            501242,
            501024,
            501224,
            501224,
            501201,
            501204,
            501242
          ]
        },
        "4": {
          "level": 20,
          "star": 5,
          "name": "魔女的心之火",
          "mainId": 15008,
          "attrIds": [
            501224,
            501024,
            501234,
            501053,
            501223,
            501232,
            501053,
            501022,
            501054
          ]
        },
        "5": {
          "level": 20,
          "star": 5,
          "name": "将帅兜鍪",
          "mainId": 13008,
          "attrIds": [
            501033,
            501231,
            501204,
            501063,
            501032,
            501204,
            501201,
            501062,
            501032
          ]
        }
      },
      "_source": "enka",
      "_time": 1686023584130,
      "_update": 1686023584130,
      "_talent": 1686023584130
    },
    "10000047": {
      "name": "枫原万叶",
      "id": 10000047,
      "elem": "anemo",
      "level": 90,
      "promote": 6,
      "fetter": 10,
      "costume": 0,
      "cons": 0,
      "talent": {
        "a": 1,
        "e": 10,
        "q": 10
      },
      "weapon": {
        "name": "苍古自由之誓",
        "level": 90,
        "promote": 6,
        "affix": 1
      },
      "artis": {
        "1": {
          "level": 20,
          "star": 5,
          "name": "野花记忆的绿野",
          "mainId": 14001,
          "attrIds": [
            501224,
            501234,
            501244,
            501054,
            501052,
            501224,
            501244,
            501234
          ]
        },
        "2": {
          "level": 20,
          "star": 5,
          "name": "猎人青翠的箭羽",
          "mainId": 12001,
          "attrIds": [
            501084,
            501242,
            501221,
            501231,
            501231,
            501224,
            501231,
            501241
          ]
        },
        "3": {
          "level": 20,
          "star": 5,
          "name": "翠绿猎人的笃定",
          "mainId": 10008,
          "attrIds": [
            501204,
            501061,
            501081,
            501053,
            501051,
            501063,
            501204,
            501062,
            501201
          ]
        },
        "4": {
          "level": 20,
          "star": 5,
          "name": "翠绿猎人的容器",
          "mainId": 15012,
          "attrIds": [
            501204,
            501242,
            501231,
            501053,
            501234,
            501201,
            501054,
            501234,
            501054
          ]
        },
        "5": {
          "level": 20,
          "star": 5,
          "name": "流沙贵嗣的遗宝",
          "mainId": 13010,
          "attrIds": [
            501224,
            501033,
            501054,
            501202,
            501053,
            501032,
            501204,
            501201,
            501223
          ]
        }
      },
      "_source": "enka",
      "_time": 1686023584129,
      "_update": 1686023584129,
      "_talent": 1686023584129
    },
    "10000048": {
      "name": "烟绯",
      "id": 10000048,
      "elem": "pyro",
      "level": 90,
      "promote": 6,
      "fetter": 10,
      "costume": 0,
      "cons": 2,
      "talent": {
        "a": 9,
        "e": 6,
        "q": 7
      },
      "weapon": {
        "name": "万国诸海图谱",
        "level": 90,
        "promote": 6,
        "affix": 3
      },
      "artis": {
        "1": {
          "level": 20,
          "star": 5,
          "name": "魔女的炎之花",
          "mainId": 14001,
          "attrIds": [
            501231,
            501241,
            501224,
            501092,
            501233,
            501222,
            501241,
            501244,
            501223
          ]
        },
        "2": {
          "level": 20,
          "star": 5,
          "name": "思忆之矢",
          "mainId": 12001,
          "attrIds": [
            501082,
            501241,
            501222,
            501061,
            501241,
            501222,
            501081,
            501221
          ]
        },
        "3": {
          "level": 20,
          "star": 5,
          "name": "朝露之时",
          "mainId": 10008,
          "attrIds": [
            501222,
            501031,
            501082,
            501063,
            501064,
            501084,
            501063,
            501032
          ]
        },
        "4": {
          "level": 20,
          "star": 5,
          "name": "魔女的心之火",
          "mainId": 15008,
          "attrIds": [
            501022,
            501092,
            501064,
            501031,
            501061,
            501094,
            501094,
            501064,
            501022
          ]
        },
        "5": {
          "level": 20,
          "star": 5,
          "name": "华饰之兜",
          "mainId": 13007,
          "attrIds": [
            501221,
            501243,
            501051,
            501022,
            501221,
            501223,
            501054,
            501241
          ]
        }
      },
      "_source": "enka",
      "_time": 1686023584130,
      "_update": 1686023584130,
      "_talent": 1686023584130
    },
    "10000049": {
      "name": "宵宫",
      "id": 10000049,
      "elem": "pyro",
      "level": 90,
      "promote": 6,
      "fetter": 10,
      "costume": 0,
      "cons": 0,
      "talent": {
        "a": 10,
        "e": 10,
        "q": 1
      },
      "weapon": {
        "name": "弓藏",
        "level": 90,
        "promote": 6,
        "affix": 3
      },
      "artis": {
        "1": {
          "level": 20,
          "star": 5,
          "name": "羁缠之花",
          "mainId": 14001,
          "attrIds": [
            501054,
            501204,
            501082,
            501223,
            501203,
            501202,
            501201,
            501221,
            501222
          ]
        },
        "2": {
          "level": 20,
          "star": 5,
          "name": "思忆之矢",
          "mainId": 12001,
          "attrIds": [
            501222,
            501204,
            501092,
            501034,
            501094,
            501223,
            501224,
            501223
          ]
        },
        "3": {
          "level": 20,
          "star": 5,
          "name": "雷云之笼",
          "mainId": 10004,
          "attrIds": [
            501033,
            501201,
            501242,
            501224,
            501221,
            501204,
            501203,
            501224
          ]
        },
        "4": {
          "level": 20,
          "star": 5,
          "name": "祈望之心",
          "mainId": 15008,
          "attrIds": [
            501082,
            501203,
            501022,
            501054,
            501054,
            501083,
            501203,
            501024
          ]
        },
        "5": {
          "level": 20,
          "star": 5,
          "name": "无常之面",
          "mainId": 13008,
          "attrIds": [
            501231,
            501092,
            501204,
            501053,
            501234,
            501204,
            501202,
            501234,
            501091
          ]
        }
      },
      "_source": "enka",
      "_time": 1686015740747,
      "_update": 1686015740747,
      "_talent": 1686015740747
    },
    "10000054": {
      "name": "珊瑚宫心海",
      "id": 10000054,
      "elem": "hydro",
      "level": 90,
      "promote": 6,
      "fetter": 10,
      "costume": 0,
      "cons": 0,
      "talent": {
        "a": 1,
        "e": 10,
        "q": 3
      },
      "weapon": {
        "name": "讨龙英杰谭",
        "level": 90,
        "promote": 6,
        "affix": 5
      },
      "artis": {
        "1": {
          "level": 20,
          "star": 5,
          "name": "海染之花",
          "mainId": 14001,
          "attrIds": [
            501033,
            501233,
            501094,
            501084,
            501232,
            501034,
            501232,
            501231
          ]
        },
        "2": {
          "level": 20,
          "star": 5,
          "name": "渊宫之羽",
          "mainId": 12001,
          "attrIds": [
            501022,
            501234,
            501034,
            501062,
            501032,
            501021,
            501022,
            501021
          ]
        },
        "3": {
          "level": 20,
          "star": 5,
          "name": "离别之贝",
          "mainId": 10002,
          "attrIds": [
            501083,
            501201,
            501064,
            501244,
            501242,
            501062,
            501243,
            501062
          ]
        },
        "4": {
          "level": 20,
          "star": 5,
          "name": "真珠之笼",
          "mainId": 15002,
          "attrIds": [
            501241,
            501024,
            501234,
            501051,
            501241,
            501023,
            501021,
            501024
          ]
        },
        "5": {
          "level": 20,
          "star": 5,
          "name": "指挥的礼帽",
          "mainId": 13009,
          "attrIds": [
            501234,
            501054,
            501202,
            501031,
            501031,
            501033,
            501201,
            501032,
            501202
          ]
        }
      },
      "_source": "enka",
      "_time": 1686015740745,
      "_update": 1686015740745,
      "_talent": 1686015740745
    },
    "10000058": {
      "name": "八重神子",
      "id": 10000058,
      "elem": "electro",
      "level": 90,
      "promote": 6,
      "fetter": 10,
      "costume": 0,
      "cons": 0,
      "talent": {
        "a": 5,
        "e": 10,
        "q": 10
      },
      "weapon": {
        "name": "神乐之真意",
        "level": 80,
        "promote": 5,
        "affix": 1
      },
      "artis": {
        "1": {
          "level": 20,
          "star": 5,
          "name": "羁缠之花",
          "mainId": 14001,
          "attrIds": [
            501081,
            501203,
            501053,
            501221,
            501051,
            501221,
            501224,
            501051,
            501202
          ]
        },
        "2": {
          "level": 20,
          "star": 5,
          "name": "雷灾的孑遗",
          "mainId": 12001,
          "attrIds": [
            501064,
            501223,
            501242,
            501203,
            501062,
            501222,
            501202,
            501221,
            501221
          ]
        },
        "3": {
          "level": 20,
          "star": 5,
          "name": "雷霆的时计",
          "mainId": 10004,
          "attrIds": [
            501022,
            501083,
            501222,
            501032,
            501024,
            501033,
            501224,
            501223
          ]
        },
        "4": {
          "level": 20,
          "star": 5,
          "name": "翠绿猎人的容器",
          "mainId": 15009,
          "attrIds": [
            501203,
            501023,
            501222,
            501091,
            501203,
            501204,
            501224,
            501224
          ]
        },
        "5": {
          "level": 20,
          "star": 5,
          "name": "唤雷的头冠",
          "mainId": 13007,
          "attrIds": [
            501092,
            501033,
            501222,
            501023,
            501223,
            501094,
            501221,
            501091
          ]
        }
      },
      "_source": "enka",
      "_time": 1686015740745,
      "_update": 1686015740745,
      "_talent": 1686015740745
    },
    "10000063": {
      "name": "申鹤",
      "id": 10000063,
      "elem": "cryo",
      "level": 90,
      "promote": 6,
      "fetter": 9,
      "costume": 0,
      "cons": 0,
      "talent": {
        "a": 1,
        "e": 10,
        "q": 9
      },
      "weapon": {
        "name": "和璞鸢",
        "level": 90,
        "promote": 6,
        "affix": 1
      },
      "artis": {
        "1": {
          "level": 20,
          "star": 5,
          "name": "角斗士的留恋",
          "mainId": 14001,
          "attrIds": [
            501061,
            501203,
            501082,
            501224,
            501064,
            501084,
            501064,
            501063,
            501081
          ]
        },
        "2": {
          "level": 20,
          "star": 5,
          "name": "角斗士的归宿",
          "mainId": 12001,
          "attrIds": [
            501243,
            501021,
            501062,
            501222,
            501241,
            501063,
            501021,
            501062,
            501064
          ]
        },
        "3": {
          "level": 20,
          "star": 5,
          "name": "朝露之时",
          "mainId": 10004,
          "attrIds": [
            501092,
            501034,
            501051,
            501231,
            501232,
            501033,
            501051,
            501093
          ]
        },
        "4": {
          "level": 20,
          "star": 5,
          "name": "祈望之心",
          "mainId": 15004,
          "attrIds": [
            501221,
            501032,
            501054,
            501083,
            501222,
            501222,
            501081,
            501222
          ]
        },
        "5": {
          "level": 20,
          "star": 5,
          "name": "角斗士的凯旋",
          "mainId": 13004,
          "attrIds": [
            501242,
            501223,
            501051,
            501203,
            501223,
            501221,
            501244,
            501202
          ]
        }
      },
      "_source": "enka",
      "_time": 1686015740746,
      "_update": 1686015740746,
      "_talent": 1686015740746
    },
    "10000073": {
      "name": "纳西妲",
      "id": 10000073,
      "elem": "dendro",
      "level": 90,
      "promote": 6,
      "fetter": 10,
      "costume": 0,
      "cons": 0,
      "talent": {
        "a": 5,
        "e": 10,
        "q": 4
      },
      "weapon": {
        "name": "祭礼残章",
        "level": 90,
        "promote": 6,
        "affix": 3
      },
      "artis": {
        "1": {
          "level": 20,
          "star": 5,
          "name": "梦中的铁花",
          "mainId": 14001,
          "attrIds": [
            501221,
            501082,
            501241,
            501233,
            501234,
            501223,
            501221,
            501083,
            501231
          ]
        },
        "2": {
          "level": 20,
          "star": 5,
          "name": "裁断的翎羽",
          "mainId": 12001,
          "attrIds": [
            501023,
            501234,
            501221,
            501244,
            501221,
            501223,
            501021,
            501224,
            501244
          ]
        },
        "3": {
          "level": 20,
          "star": 5,
          "name": "沉金的岁月",
          "mainId": 10008,
          "attrIds": [
            501233,
            501082,
            501031,
            501064,
            501064,
            501232,
            501062,
            501062
          ]
        },
        "4": {
          "level": 20,
          "star": 5,
          "name": "平雷之器",
          "mainId": 15007,
          "attrIds": [
            501222,
            501233,
            501201,
            501054,
            501224,
            501222,
            501234,
            501231
          ]
        },
        "5": {
          "level": 20,
          "star": 5,
          "name": "沙王的投影",
          "mainId": 13010,
          "attrIds": [
            501063,
            501234,
            501054,
            501083,
            501081,
            501082,
            501081,
            501064
          ]
        }
      },
      "_source": "enka",
      "_time": 1686015740745,
      "_update": 1686015740745,
      "_talent": 1686015740745
    }
  }
}