{
  "uid": "237203068",
  "name": "",
  "level": "",
  "word": "",
  "face": "",
  "card": "",
  "sign": "",
  "info": false,
  "_profile": 1685337645035,
  "avatars": {
    "10000023": {
      "name": "香菱",
      "id": 10000023,
      "elem": "pyro",
      "level": 80,
      "promote": 5,
      "fetter": 10,
      "costume": 0,
      "cons": 0,
      "talent": {
        "a": 1,
        "e": 1,
        "q": 8
      },
      "weapon": {
        "name": "「渔获」",
        "level": 90,
        "promote": 6,
        "affix": 5
      },
      "artis": {
        "1": {
          "level": 20,
          "star": 5,
          "name": "明威之镡",
          "mainId": 14001,
          "attrIds": [
            501064,
            501234,
            501202,
            501224,
            501063,
            501233,
            501202,
            501221
          ]
        },
        "2": {
          "level": 20,
          "star": 5,
          "name": "切落之羽",
          "mainId": 12001,
          "attrIds": [
            501241,
            501203,
            501032,
            501223,
            501201,
            501241,
            501222,
            501202
          ]
        },
        "3": {
          "level": 20,
          "star": 5,
          "name": "雷云之笼",
          "mainId": 10007,
          "attrIds": [
            501084,
            501222,
            501053,
            501091,
            501081,
            501224,
            501223,
            501092,
            501082
          ]
        },
        "4": {
          "level": 20,
          "star": 5,
          "name": "魔女的心之火",
          "mainId": 15008,
          "attrIds": [
            501083,
            501222,
            501051,
            501241,
            501244,
            501223,
            501244,
            501244,
            501051
          ]
        },
        "5": {
          "level": 20,
          "star": 5,
          "name": "华饰之兜",
          "mainId": 13008,
          "attrIds": [
            501062,
            501053,
            501202,
            501242,
            501202,
            501063,
            501063,
            501064
          ]
        }
      },
      "_source": "enka",
      "_time": 1678166674745,
      "_update": 1678166674745,
      "_talent": 1678166674745
    },
    "10000025": {
      "name": "行秋",
      "id": 10000025,
      "elem": "hydro",
      "level": 81,
      "promote": 6,
      "fetter": 10,
      "costume": 0,
      "cons": 5,
      "talent": {
        "a": 1,
        "e": 7,
        "q": 8
      },
      "weapon": {
        "name": "祭礼剑",
        "level": 80,
        "promote": 5,
        "affix": 3
      },
      "artis": {
        "1": {
          "level": 20,
          "star": 5,
          "name": "饰金胸花",
          "mainId": 14001,
          "attrIds": [
            501051,
            501202,
            501224,
            501032,
            501201,
            501203,
            501223,
            501052
          ]
        },
        "2": {
          "level": 20,
          "star": 5,
          "name": "追忆之风",
          "mainId": 12001,
          "attrIds": [
            501221,
            501204,
            501233,
            501024,
            501022,
            501223,
            501224,
            501023,
            501201
          ]
        },
        "3": {
          "level": 20,
          "star": 5,
          "name": "贤智的定期",
          "mainId": 10007,
          "attrIds": [
            501221,
            501203,
            501023,
            501083,
            501223,
            501224,
            501221,
            501223
          ]
        },
        "4": {
          "level": 20,
          "star": 5,
          "name": "绯花之壶",
          "mainId": 15011,
          "attrIds": [
            501024,
            501204,
            501051,
            501222,
            501024,
            501052,
            501053,
            501023
          ]
        },
        "5": {
          "level": 20,
          "star": 5,
          "name": "华饰之兜",
          "mainId": 13008,
          "attrIds": [
            501062,
            501053,
            501202,
            501242,
            501202,
            501063,
            501063,
            501064
          ]
        }
      },
      "_source": "enka",
      "_time": 1685337645033,
      "_update": 1685337645033,
      "_talent": 1685337645033
    },
    "10000031": {
      "name": "菲谢尔",
      "id": 10000031,
      "elem": "electro",
      "level": 71,
      "promote": 5,
      "fetter": 9,
      "costume": 203101,
      "cons": 2,
      "talent": {
        "a": 1,
        "e": 7,
        "q": 7
      },
      "weapon": {
        "name": "飞雷之弦振",
        "level": 90,
        "promote": 6,
        "affix": 1
      },
      "artis": {
        "1": {
          "level": 20,
          "star": 5,
          "name": "羁缠之花",
          "mainId": 14001,
          "attrIds": [
            501202,
            501233,
            501223,
            501062,
            501063,
            501222,
            501203,
            501203
          ]
        },
        "2": {
          "level": 20,
          "star": 5,
          "name": "裁断的翎羽",
          "mainId": 12001,
          "attrIds": [
            501023,
            501203,
            501224,
            501064,
            501202,
            501024,
            501204,
            501023
          ]
        },
        "3": {
          "level": 20,
          "star": 5,
          "name": "沉金的岁月",
          "mainId": 10004,
          "attrIds": [
            501093,
            501242,
            501224,
            501203,
            501201,
            501094,
            501221,
            501204
          ]
        },
        "4": {
          "level": 20,
          "star": 5,
          "name": "绯花之壶",
          "mainId": 15009,
          "attrIds": [
            501202,
            501084,
            501223,
            501094,
            501222,
            501201,
            501203,
            501221,
            501094
          ]
        },
        "5": {
          "level": 20,
          "star": 5,
          "name": "无常之面",
          "mainId": 13008,
          "attrIds": [
            501051,
            501243,
            501201,
            501033,
            501202,
            501203,
            501243,
            501054
          ]
        }
      },
      "_source": "enka",
      "_time": 1685337645033,
      "_update": 1685337645033,
      "_talent": 1685337645033
    },
    "10000032": {
      "name": "班尼特",
      "id": 10000032,
      "elem": "pyro",
      "level": 90,
      "promote": 6,
      "fetter": 10,
      "costume": 0,
      "cons": 1,
      "talent": {
        "a": 1,
        "e": 1,
        "q": 9
      },
      "weapon": {
        "name": "暗巷闪光",
        "level": 90,
        "promote": 6,
        "affix": 3
      },
      "artis": {
        "1": {
          "level": 20,
          "star": 5,
          "name": "宗室之花",
          "mainId": 14001,
          "attrIds": [
            501092,
            501051,
            501082,
            501062,
            501063,
            501064,
            501092,
            501084
          ]
        },
        "2": {
          "level": 1,
          "star": 5,
          "name": "宗室之翎",
          "_name": "宗室之翎",
          "_level": 20,
          "_star": 5,
          "mainId": 12001,
          "attrIds": [
            501231,
            501062,
            501222,
            501094
          ]
        },
        "3": {
          "level": 20,
          "star": 5,
          "name": "宗室时计",
          "mainId": 10007,
          "attrIds": [
            501022,
            501053,
            501241,
            501062,
            501052,
            501021,
            501064,
            501243
          ]
        },
        "4": {
          "level": 20,
          "star": 5,
          "name": "宗室银瓮",
          "mainId": 15002,
          "attrIds": [
            501234,
            501061,
            501051,
            501242,
            501244,
            501244,
            501232,
            501244
          ]
        },
        "5": {
          "level": 20,
          "star": 5,
          "name": "华饰之兜",
          "mainId": 13009,
          "attrIds": [
            501051,
            501204,
            501233,
            501024,
            501203,
            501232,
            501202,
            501233,
            501233
          ]
        }
      },
      "_source": "mgg",
      "_time": 1679114592806,
      "_update": 1679114592806,
      "_talent": 1679114592806
    },
    "10000033": {
      "name": "达达利亚",
      "id": 10000033,
      "elem": "hydro",
      "level": 90,
      "promote": 6,
      "fetter": 10,
      "costume": 0,
      "cons": 0,
      "talent": {
        "a": 6,
        "e": 10,
        "q": 10
      },
      "weapon": {
        "name": "冬极白星",
        "level": 90,
        "promote": 6,
        "affix": 1
      },
      "artis": {
        "1": {
          "level": 20,
          "star": 5,
          "name": "饰金胸花",
          "mainId": 14001,
          "attrIds": [
            501204,
            501084,
            501224,
            501063,
            501224,
            501063,
            501221,
            501222
          ]
        },
        "2": {
          "level": 20,
          "star": 5,
          "name": "追忆之风",
          "mainId": 12001,
          "attrIds": [
            501034,
            501202,
            501223,
            501232,
            501223,
            501233,
            501223,
            501201,
            501222
          ]
        },
        "3": {
          "level": 20,
          "star": 5,
          "name": "终幕的时计",
          "mainId": 10004,
          "attrIds": [
            501243,
            501224,
            501084,
            501202,
            501083,
            501202,
            501204,
            501221
          ]
        },
        "4": {
          "level": 20,
          "star": 5,
          "name": "结契之刻",
          "mainId": 15011,
          "attrIds": [
            501051,
            501081,
            501202,
            501063,
            501204,
            501064,
            501202,
            501052
          ]
        },
        "5": {
          "level": 20,
          "star": 5,
          "name": "指挥的礼帽",
          "mainId": 13008,
          "attrIds": [
            501084,
            501093,
            501033,
            501201,
            501201,
            501203,
            501202,
            501083,
            501092
          ]
        }
      },
      "_source": "enka",
      "_time": 1685337645034,
      "_update": 1685337645034,
      "_talent": 1685337645034
    },
    "10000037": {
      "name": "甘雨",
      "id": 10000037,
      "elem": "cryo",
      "level": 90,
      "promote": 6,
      "fetter": 10,
      "costume": 0,
      "cons": 0,
      "talent": {
        "a": 9,
        "e": 2,
        "q": 5
      },
      "weapon": {
        "name": "阿莫斯之弓",
        "level": 90,
        "promote": 6,
        "affix": 2
      },
      "artis": {
        "1": {
          "level": 20,
          "star": 5,
          "name": "历经风雪的思念",
          "mainId": 14001,
          "attrIds": [
            501223,
            501033,
            501064,
            501052,
            501224,
            501061,
            501064,
            501224
          ]
        },
        "2": {
          "level": 20,
          "star": 5,
          "name": "摧冰而行的执望",
          "mainId": 12001,
          "attrIds": [
            501201,
            501222,
            501083,
            501034,
            501221,
            501222,
            501204,
            501202
          ]
        },
        "3": {
          "level": 20,
          "star": 5,
          "name": "冰雪故园的终期",
          "mainId": 10004,
          "attrIds": [
            501242,
            501204,
            501094,
            501221,
            501202,
            501223,
            501221,
            501223
          ]
        },
        "4": {
          "level": 20,
          "star": 5,
          "name": "祈望之心",
          "mainId": 15010,
          "attrIds": [
            501233,
            501223,
            501202,
            501023,
            501223,
            501234,
            501024,
            501224,
            501204
          ]
        },
        "5": {
          "level": 20,
          "star": 5,
          "name": "破冰踏雪的回音",
          "mainId": 13008,
          "attrIds": [
            501204,
            501034,
            501093,
            501053,
            501204,
            501051,
            501202,
            501032
          ]
        }
      },
      "_source": "enka",
      "_time": 1685337645034,
      "_update": 1685337645034,
      "_talent": 1685337645034
    },
    "10000041": {
      "name": "莫娜",
      "id": 10000041,
      "elem": "hydro",
      "level": 70,
      "promote": 5,
      "fetter": 8,
      "costume": 0,
      "cons": 1,
      "talent": {
        "a": 1,
        "e": 1,
        "q": 8
      },
      "weapon": {
        "name": "讨龙英杰谭",
        "level": 20,
        "promote": 1,
        "affix": 5
      },
      "artis": {
        "1": {
          "level": 20,
          "star": 5,
          "name": "梦中的铁花",
          "mainId": 14001,
          "attrIds": [
            501201,
            501034,
            501234,
            501222,
            501224,
            501203,
            501202,
            501231
          ]
        },
        "2": {
          "level": 20,
          "star": 5,
          "name": "切落之羽",
          "mainId": 12001,
          "attrIds": [
            501081,
            501203,
            501022,
            501234,
            501202,
            501204,
            501022,
            501232,
            501204
          ]
        },
        "3": {
          "level": 20,
          "star": 5,
          "name": "雷云之笼",
          "mainId": 10007,
          "attrIds": [
            501093,
            501034,
            501024,
            501224,
            501021,
            501092,
            501221,
            501094
          ]
        },
        "4": {
          "level": 20,
          "star": 5,
          "name": "吟游者之壶",
          "mainId": 15012,
          "attrIds": [
            501233,
            501221,
            501061,
            501203,
            501234,
            501201,
            501234,
            501224,
            501224
          ]
        },
        "5": {
          "level": 1,
          "star": 5,
          "name": "华饰之兜",
          "mainId": 13002,
          "attrIds": [
            501203,
            501092,
            501234
          ]
        }
      },
      "_source": "enka",
      "_time": 1685337645033,
      "_update": 1685337645033,
      "_talent": 1685337645033
    },
    "10000046": {
      "name": "胡桃",
      "id": 10000046,
      "elem": "pyro",
      "level": 90,
      "promote": 6,
      "fetter": 9,
      "costume": 0,
      "cons": 0,
      "talent": {
        "a": 10,
        "e": 10,
        "q": 8
      },
      "weapon": {
        "name": "决斗之枪",
        "level": 90,
        "promote": 6,
        "affix": 1
      },
      "artis": {
        "1": {
          "level": 20,
          "star": 5,
          "name": "渡火者的决绝",
          "mainId": 14001,
          "attrIds": [
            501034,
            501201,
            501223,
            501084,
            501221,
            501224,
            501204,
            501221,
            501031
          ]
        },
        "2": {
          "level": 20,
          "star": 5,
          "name": "思忆之矢",
          "mainId": 12001,
          "attrIds": [
            501222,
            501062,
            501204,
            501241,
            501063,
            501241,
            501222,
            501202,
            501224
          ]
        },
        "3": {
          "level": 20,
          "star": 5,
          "name": "朝露之时",
          "mainId": 10002,
          "attrIds": [
            501232,
            501201,
            501094,
            501224,
            501201,
            501201,
            501204,
            501221,
            501231
          ]
        },
        "4": {
          "level": 20,
          "star": 5,
          "name": "祈望之心",
          "mainId": 15008,
          "attrIds": [
            501222,
            501241,
            501032,
            501204,
            501241,
            501243,
            501223,
            501243
          ]
        },
        "5": {
          "level": 20,
          "star": 5,
          "name": "无常之面",
          "mainId": 13008,
          "attrIds": [
            501084,
            501034,
            501241,
            501203,
            501242,
            501203,
            501201,
            501243,
            501033
          ]
        }
      },
      "_source": "enka",
      "_time": 1685337645032,
      "_update": 1685337645032,
      "_talent": 1685337645032
    },
    "10000047": {
      "name": "枫原万叶",
      "id": 10000047,
      "elem": "anemo",
      "level": 90,
      "promote": 6,
      "fetter": 10,
      "costume": 0,
      "cons": 0,
      "talent": {
        "a": 7,
        "e": 8,
        "q": 9
      },
      "weapon": {
        "name": "西福斯的月光",
        "level": 90,
        "promote": 6,
        "affix": 2
      },
      "artis": {
        "1": {
          "level": 20,
          "star": 5,
          "name": "野花记忆的绿野",
          "mainId": 14001,
          "attrIds": [
            501232,
            501224,
            501244,
            501203,
            501224,
            501242,
            501224,
            501234,
            501224
          ]
        },
        "2": {
          "level": 20,
          "star": 5,
          "name": "猎人青翠的箭羽",
          "mainId": 12001,
          "attrIds": [
            501244,
            501064,
            501081,
            501233,
            501231,
            501241,
            501242,
            501083
          ]
        },
        "3": {
          "level": 20,
          "star": 5,
          "name": "翠绿猎人的笃定",
          "mainId": 10008,
          "attrIds": [
            501094,
            501083,
            501224,
            501201,
            501202,
            501204,
            501092,
            501081,
            501093
          ]
        },
        "4": {
          "level": 20,
          "star": 5,
          "name": "渡火者的醒悟",
          "mainId": 15007,
          "attrIds": [
            501202,
            501224,
            501083,
            501231,
            501083,
            501234,
            501082,
            501201,
            501234
          ]
        },
        "5": {
          "level": 20,
          "star": 5,
          "name": "翠绿的猎人之冠",
          "mainId": 13010,
          "attrIds": [
            501053,
            501092,
            501064,
            501083,
            501053,
            501091,
            501094,
            501093,
            501061
          ]
        }
      },
      "_source": "enka",
      "_time": 1685337645035,
      "_update": 1685337645035,
      "_talent": 1685337645035
    },
    "10000049": {
      "name": "宵宫",
      "id": 10000049,
      "elem": "pyro",
      "level": 90,
      "promote": 6,
      "fetter": 10,
      "costume": 0,
      "cons": 0,
      "talent": {
        "a": 10,
        "e": 9,
        "q": 4
      },
      "weapon": {
        "name": "绝弦",
        "level": 50,
        "promote": 2,
        "affix": 3
      },
      "artis": {
        "1": {
          "level": 20,
          "star": 5,
          "name": "羁缠之花",
          "mainId": 14001,
          "attrIds": [
            501054,
            501092,
            501223,
            501204,
            501202,
            501223,
            501222,
            501202,
            501052
          ]
        },
        "2": {
          "level": 20,
          "star": 5,
          "name": "魔女常燃之羽",
          "mainId": 12001,
          "attrIds": [
            501202,
            501081,
            501222,
            501063,
            501201,
            501224,
            501063,
            501202,
            501221
          ]
        },
        "3": {
          "level": 1,
          "star": 5,
          "name": "终幕的时计",
          "_name": "终幕的时计",
          "_level": 20,
          "_star": 5,
          "mainId": 10004,
          "attrIds": [
            501023,
            501053,
            501202
          ]
        },
        "4": {
          "level": 20,
          "star": 5,
          "name": "魔女的心之火",
          "mainId": 15008,
          "attrIds": [
            501093,
            501023,
            501202,
            501033,
            501034,
            501024,
            501032,
            501033,
            501204
          ]
        },
        "5": {
          "level": 20,
          "star": 5,
          "name": "无常之面",
          "mainId": 13007,
          "attrIds": [
            501241,
            501031,
            501223,
            501022,
            501223,
            501221,
            501244,
            501023
          ]
        }
      },
      "_source": "enka",
      "_time": 1681477177891,
      "_update": 1681477177891,
      "_talent": 1681477177891
    },
    "10000074": {
      "name": "莱依拉",
      "id": 10000074,
      "elem": "cryo",
      "level": 70,
      "promote": 5,
      "fetter": 1,
      "costume": 0,
      "cons": 0,
      "talent": {
        "a": 1,
        "e": 7,
        "q": 1
      },
      "weapon": {
        "name": "西风剑",
        "level": 60,
        "promote": 3,
        "affix": 4
      },
      "artis": {
        "1": {
          "level": 20,
          "star": 5,
          "name": "生灵之华",
          "mainId": 14001,
          "attrIds": [
            501204,
            501223,
            501031,
            501233,
            501221,
            501223,
            501202,
            501231,
            501033
          ]
        },
        "2": {
          "level": 20,
          "star": 5,
          "name": "宗室之翎",
          "mainId": 12001,
          "attrIds": [
            501023,
            501061,
            501083,
            501032,
            501032,
            501024,
            501064,
            501023
          ]
        },
        "3": {
          "level": 20,
          "star": 5,
          "name": "宗室时计",
          "mainId": 10002,
          "attrIds": [
            501081,
            501051,
            501223,
            501022,
            501223,
            501084,
            501022,
            501021,
            501054
          ]
        },
        "4": {
          "level": 20,
          "star": 5,
          "name": "宗室银瓮",
          "mainId": 15002,
          "attrIds": [
            501054,
            501063,
            501023,
            501093,
            501052,
            501024,
            501052,
            501052,
            501052
          ]
        },
        "5": {
          "level": 20,
          "star": 5,
          "name": "宗室面具",
          "mainId": 13002,
          "attrIds": [
            501231,
            501243,
            501082,
            501022,
            501021,
            501022,
            501082,
            501084
          ]
        }
      },
      "_source": "enka",
      "_time": 1680880996208,
      "_update": 1680880996208,
      "_talent": 1680880996208
    },
    "10000078": {
      "name": "艾尔海森",
      "id": 10000078,
      "elem": "dendro",
      "level": 80,
      "promote": 5,
      "fetter": 6,
      "costume": 0,
      "cons": 0,
      "talent": {
        "a": 8,
        "e": 8,
        "q": 7
      },
      "weapon": {
        "name": "黎明神剑",
        "level": 90,
        "promote": 6,
        "affix": 5
      },
      "artis": {
        "1": {
          "level": 20,
          "star": 5,
          "name": "梦中的铁花",
          "mainId": 14001,
          "attrIds": [
            501222,
            501243,
            501204,
            501054,
            501203,
            501204,
            501243,
            501202
          ]
        },
        "2": {
          "level": 20,
          "star": 5,
          "name": "琴师的箭羽",
          "mainId": 12001,
          "attrIds": [
            501242,
            501223,
            501032,
            501061,
            501221,
            501222,
            501224,
            501242
          ]
        },
        "3": {
          "level": 20,
          "star": 5,
          "name": "沉金的岁月",
          "mainId": 10008,
          "attrIds": [
            501203,
            501091,
            501222,
            501033,
            501202,
            501204,
            501091,
            501034
          ]
        },
        "4": {
          "level": 20,
          "star": 5,
          "name": "吟游者之壶",
          "mainId": 15014,
          "attrIds": [
            501203,
            501223,
            501063,
            501241,
            501201,
            501204,
            501063,
            501203
          ]
        },
        "5": {
          "level": 20,
          "star": 5,
          "name": "焦灼的魔女帽",
          "mainId": 13008,
          "attrIds": [
            501202,
            501242,
            501234,
            501083,
            501244,
            501204,
            501243,
            501201,
            501082
          ]
        }
      },
      "_source": "enka",
      "_time": 1685337645034,
      "_update": 1685337645034,
      "_talent": 1685337645034
    }
  }
}