{
  "uid": "238773994",
  "name": "",
  "level": "",
  "word": "",
  "face": "",
  "card": "",
  "sign": "",
  "info": false,
  "_profile": 1685802969393,
  "avatars": {
    "10000002": {
      "name": "神里绫华",
      "id": 10000002,
      "elem": "cryo",
      "level": 80,
      "promote": 6,
      "fetter": 3,
      "costume": 0,
      "cons": 0,
      "talent": {
        "a": 7,
        "e": 7,
        "q": 6
      },
      "weapon": {
        "name": "天目影打刀",
        "level": 80,
        "promote": 5,
        "affix": 1
      },
      "artis": {
        "1": {
          "level": 20,
          "star": 5,
          "name": "历经风雪的思念",
          "mainId": 14001,
          "attrIds": [
            501232,
            501204,
            501224,
            501064,
            501204,
            501064,
            501232,
            501203
          ]
        },
        "2": {
          "level": 20,
          "star": 5,
          "name": "摧冰而行的执望",
          "mainId": 12001,
          "attrIds": [
            501061,
            501032,
            501222,
            501204,
            501201,
            501224,
            501202,
            501221,
            501222
          ]
        },
        "3": {
          "level": 20,
          "star": 5,
          "name": "坚铜罗盘",
          "mainId": 10004,
          "attrIds": [
            501221,
            501052,
            501201,
            501034,
            501203,
            501221,
            501202,
            501053
          ]
        },
        "4": {
          "level": 20,
          "star": 5,
          "name": "遍结寒霜的傲骨",
          "mainId": 15010,
          "attrIds": [
            501202,
            501231,
            501092,
            501243,
            501203,
            501242,
            501204,
            501241
          ]
        },
        "5": {
          "level": 20,
          "star": 5,
          "name": "破冰踏雪的回音",
          "mainId": 13008,
          "attrIds": [
            501234,
            501061,
            501032,
            501083,
            501082,
            501032,
            501083,
            501232
          ]
        }
      },
      "_source": "enka",
      "_time": 1685802969392,
      "_update": 1685802969392,
      "_talent": 1685802969392
    },
    "10000023": {
      "name": "香菱",
      "id": 10000023,
      "elem": "pyro",
      "level": 80,
      "promote": 5,
      "fetter": 7,
      "costume": 0,
      "cons": 1,
      "talent": {
        "a": 1,
        "e": 3,
        "q": 7
      },
      "weapon": {
        "name": "西风长枪",
        "level": 80,
        "promote": 5,
        "affix": 2
      },
      "artis": {
        "1": {
          "level": 20,
          "star": 5,
          "name": "明威之镡",
          "mainId": 14001,
          "attrIds": [
            501244,
            501201,
            501221,
            501231,
            501203,
            501233,
            501204,
            501202,
            501242
          ]
        },
        "2": {
          "level": 20,
          "star": 5,
          "name": "切落之羽",
          "mainId": 12001,
          "attrIds": [
            501224,
            501231,
            501201,
            501023,
            501221,
            501232,
            501224,
            501221
          ]
        },
        "3": {
          "level": 20,
          "star": 5,
          "name": "沉金的岁月",
          "mainId": 10007,
          "attrIds": [
            501081,
            501203,
            501223,
            501243,
            501242,
            501082,
            501241,
            501224
          ]
        },
        "4": {
          "level": 20,
          "star": 5,
          "name": "绯花之壶",
          "mainId": 15008,
          "attrIds": [
            501232,
            501084,
            501243,
            501053,
            501243,
            501053,
            501241,
            501084
          ]
        },
        "5": {
          "level": 17,
          "star": 5,
          "name": "华饰之兜",
          "mainId": 13007,
          "attrIds": [
            501231,
            501051,
            501081,
            501244,
            501083,
            501231,
            501084
          ]
        }
      },
      "_source": "enka",
      "_time": 1685802969392,
      "_update": 1685802969392,
      "_talent": 1685802969392
    },
    "10000025": {
      "name": "行秋",
      "id": 10000025,
      "elem": "hydro",
      "level": 70,
      "promote": 5,
      "fetter": 10,
      "costume": 0,
      "cons": 2,
      "talent": {
        "a": 2,
        "e": 7,
        "q": 8
      },
      "weapon": {
        "name": "祭礼剑",
        "level": 80,
        "promote": 5,
        "affix": 3
      },
      "artis": {
        "1": {
          "level": 12,
          "star": 5,
          "name": "明威之镡",
          "mainId": 14001,
          "attrIds": [
            501081,
            501203,
            501032,
            501233,
            501202,
            501084
          ]
        },
        "2": {
          "level": 20,
          "star": 5,
          "name": "切落之羽",
          "mainId": 12001,
          "attrIds": [
            501021,
            501032,
            501223,
            501233,
            501034,
            501031,
            501023,
            501233,
            501223
          ]
        },
        "3": {
          "level": 18,
          "star": 5,
          "name": "魔女破灭之时",
          "mainId": 10007,
          "attrIds": [
            501221,
            501204,
            501034,
            501083,
            501223,
            501201,
            501032,
            501201
          ]
        },
        "4": {
          "level": 4,
          "star": 5,
          "name": "绯花之壶",
          "mainId": 15011,
          "attrIds": [
            501243,
            501231,
            501202,
            501061,
            501204
          ]
        },
        "5": {
          "level": 4,
          "star": 5,
          "name": "华饰之兜",
          "mainId": 13008,
          "attrIds": [
            501084,
            501242,
            501031,
            501023
          ]
        }
      },
      "_source": "enka",
      "_time": 1685802969391,
      "_update": 1685802969391,
      "_talent": 1685802969391
    },
    "10000032": {
      "name": "班尼特",
      "id": 10000032,
      "elem": "pyro",
      "level": 80,
      "promote": 5,
      "fetter": 10,
      "costume": 0,
      "cons": 3,
      "talent": {
        "a": 1,
        "e": 5,
        "q": 8
      },
      "weapon": {
        "name": "原木刀",
        "level": 80,
        "promote": 5,
        "affix": 1
      },
      "artis": {
        "1": {
          "level": 20,
          "star": 5,
          "name": "宗室之花",
          "mainId": 14001,
          "attrIds": [
            501203,
            501033,
            501233,
            501081,
            501233,
            501034,
            501033,
            501203
          ]
        },
        "2": {
          "level": 12,
          "star": 5,
          "name": "宗室之翎",
          "mainId": 12001,
          "attrIds": [
            501032,
            501064,
            501244,
            501024,
            501023,
            501022
          ]
        },
        "3": {
          "level": 20,
          "star": 5,
          "name": "终幕的时计",
          "mainId": 10007,
          "attrIds": [
            501244,
            501031,
            501204,
            501084,
            501202,
            501034,
            501082,
            501201
          ]
        },
        "4": {
          "level": 20,
          "star": 5,
          "name": "宗室银瓮",
          "mainId": 15002,
          "attrIds": [
            501051,
            501242,
            501201,
            501091,
            501201,
            501093,
            501053,
            501091
          ]
        },
        "5": {
          "level": 20,
          "star": 5,
          "name": "宗室面具",
          "mainId": 13009,
          "attrIds": [
            501091,
            501201,
            501021,
            501084,
            501083,
            501203,
            501202,
            501022
          ]
        }
      },
      "_source": "enka",
      "_time": 1685802969390,
      "_update": 1685802969390,
      "_talent": 1685802969390
    },
    "10000037": {
      "name": "甘雨",
      "id": 10000037,
      "elem": "cryo",
      "level": 90,
      "promote": 6,
      "fetter": 10,
      "costume": 0,
      "cons": 0,
      "talent": {
        "a": 10,
        "e": 4,
        "q": 7
      },
      "weapon": {
        "name": "试作澹月",
        "level": 90,
        "promote": 6,
        "affix": 1
      },
      "artis": {
        "1": {
          "level": 20,
          "star": 5,
          "name": "乐团的晨光",
          "mainId": 14001,
          "attrIds": [
            501203,
            501222,
            501241,
            501234,
            501202,
            501244,
            501203,
            501243,
            501233
          ]
        },
        "2": {
          "level": 20,
          "star": 5,
          "name": "琴师的箭羽",
          "mainId": 12001,
          "attrIds": [
            501023,
            501202,
            501223,
            501242,
            501023,
            501203,
            501203,
            501243
          ]
        },
        "3": {
          "level": 20,
          "star": 5,
          "name": "角斗士的希冀",
          "mainId": 10004,
          "attrIds": [
            501224,
            501092,
            501202,
            501054,
            501224,
            501204,
            501224,
            501051
          ]
        },
        "4": {
          "level": 20,
          "star": 5,
          "name": "吟游者之壶",
          "mainId": 15010,
          "attrIds": [
            501022,
            501084,
            501224,
            501094,
            501224,
            501221,
            501223,
            501091
          ]
        },
        "5": {
          "level": 20,
          "star": 5,
          "name": "指挥的礼帽",
          "mainId": 13007,
          "attrIds": [
            501243,
            501231,
            501222,
            501052,
            501242,
            501052,
            501232,
            501054,
            501233
          ]
        }
      },
      "_source": "enka",
      "_time": 1685802969391,
      "_update": 1685802969391,
      "_talent": 1685802969391
    },
    "10000046": {
      "name": "胡桃",
      "id": 10000046,
      "elem": "pyro",
      "level": 90,
      "promote": 6,
      "fetter": 6,
      "costume": 0,
      "cons": 0,
      "talent": {
        "a": 9,
        "e": 9,
        "q": 8
      },
      "weapon": {
        "name": "匣里灭辰",
        "level": 90,
        "promote": 6,
        "affix": 4
      },
      "artis": {
        "1": {
          "level": 20,
          "star": 5,
          "name": "魔女的炎之花",
          "mainId": 14001,
          "attrIds": [
            501031,
            501241,
            501202,
            501224,
            501203,
            501201,
            501242,
            501223
          ]
        },
        "2": {
          "level": 20,
          "star": 5,
          "name": "魔女常燃之羽",
          "mainId": 12001,
          "attrIds": [
            501023,
            501064,
            501221,
            501203,
            501223,
            501021,
            501221,
            501221
          ]
        },
        "3": {
          "level": 20,
          "star": 5,
          "name": "朝露之时",
          "mainId": 10002,
          "attrIds": [
            501082,
            501231,
            501204,
            501221,
            501223,
            501084,
            501221,
            501224,
            501202
          ]
        },
        "4": {
          "level": 20,
          "star": 5,
          "name": "魔女的心之火",
          "mainId": 15002,
          "attrIds": [
            501222,
            501202,
            501053,
            501063,
            501064,
            501201,
            501221,
            501061
          ]
        },
        "5": {
          "level": 20,
          "star": 5,
          "name": "焦灼的魔女帽",
          "mainId": 13007,
          "attrIds": [
            501024,
            501243,
            501222,
            501031,
            501223,
            501224,
            501222,
            501223
          ]
        }
      },
      "_source": "enka",
      "_time": 1685802969391,
      "_update": 1685802969391,
      "_talent": 1685802969391
    },
    "10000052": {
      "name": "雷电将军",
      "id": 10000052,
      "elem": "electro",
      "level": 90,
      "promote": 6,
      "fetter": 10,
      "costume": 0,
      "cons": 0,
      "talent": {
        "a": 1,
        "e": 9,
        "q": 10
      },
      "weapon": {
        "name": "「渔获」",
        "level": 90,
        "promote": 6,
        "affix": 5
      },
      "artis": {
        "1": {
          "level": 20,
          "star": 5,
          "name": "明威之镡",
          "mainId": 14001,
          "attrIds": [
            501243,
            501234,
            501061,
            501222,
            501061,
            501223,
            501221,
            501224
          ]
        },
        "2": {
          "level": 20,
          "star": 5,
          "name": "切落之羽",
          "mainId": 12001,
          "attrIds": [
            501204,
            501231,
            501094,
            501021,
            501092,
            501201,
            501233,
            501232
          ]
        },
        "3": {
          "level": 20,
          "star": 5,
          "name": "雷云之笼",
          "mainId": 10007,
          "attrIds": [
            501053,
            501241,
            501032,
            501092,
            501033,
            501093,
            501053,
            501092
          ]
        },
        "4": {
          "level": 20,
          "star": 5,
          "name": "绯花之壶",
          "mainId": 15009,
          "attrIds": [
            501222,
            501082,
            501244,
            501063,
            501082,
            501082,
            501241,
            501081
          ]
        },
        "5": {
          "level": 20,
          "star": 5,
          "name": "破冰踏雪的回音",
          "mainId": 13007,
          "attrIds": [
            501091,
            501052,
            501223,
            501031,
            501224,
            501032,
            501094,
            501221
          ]
        }
      },
      "_source": "enka",
      "_time": 1685802969389,
      "_update": 1685802969389,
      "_talent": 1685802969389
    },
    "10000065": {
      "name": "久岐忍",
      "id": 10000065,
      "elem": "electro",
      "level": 60,
      "promote": 3,
      "fetter": 3,
      "costume": 0,
      "cons": 0,
      "talent": {
        "a": 1,
        "e": 3,
        "q": 1
      },
      "weapon": {
        "name": "铁蜂刺",
        "level": 70,
        "promote": 4,
        "affix": 1
      },
      "artis": {
        "1": {
          "level": 1,
          "star": 4,
          "name": "梦中的铁花",
          "mainId": 14001,
          "attrIds": [
            401052,
            401244
          ]
        },
        "2": {
          "level": 1,
          "star": 5,
          "name": "琴师的箭羽",
          "mainId": 12001,
          "attrIds": [
            501243,
            501082,
            501091
          ]
        },
        "4": {
          "level": 20,
          "star": 5,
          "name": "绯花之壶",
          "mainId": 15007,
          "attrIds": [
            501054,
            501221,
            501093,
            501083,
            501053,
            501053,
            501054,
            501093
          ]
        }
      },
      "_source": "mgg",
      "_time": 1679413338048,
      "_update": 1679413338048,
      "_talent": 1679413338048
    },
    "10000073": {
      "name": "纳西妲",
      "id": 10000073,
      "elem": "dendro",
      "level": 70,
      "promote": 5,
      "fetter": 10,
      "costume": 0,
      "cons": 0,
      "talent": {
        "a": 1,
        "e": 7,
        "q": 2
      },
      "weapon": {
        "name": "魔导绪论",
        "level": 80,
        "promote": 5,
        "affix": 5
      },
      "artis": {
        "1": {
          "level": 8,
          "star": 5,
          "name": "迷宫的游人",
          "mainId": 14001,
          "attrIds": [
            501063,
            501091,
            501033,
            501242,
            501093,
            501092
          ]
        },
        "2": {
          "level": 8,
          "star": 5,
          "name": "翠蔓的智者",
          "mainId": 12001,
          "attrIds": [
            501094,
            501242,
            501201,
            501084,
            501201,
            501084
          ]
        },
        "3": {
          "level": 1,
          "star": 5,
          "name": "失落迷途的机芯",
          "_name": "失落迷途的机芯",
          "_level": 18,
          "_star": 5,
          "mainId": 10008,
          "attrIds": [
            501054,
            501022,
            501093
          ]
        },
        "4": {
          "level": 1,
          "star": 5,
          "name": "迷误者之灯",
          "mainId": 15014,
          "attrIds": [
            501064,
            501082,
            501241
          ]
        },
        "5": {
          "level": 1,
          "star": 5,
          "name": "月桂的宝冠",
          "mainId": 13008,
          "attrIds": [
            501084,
            501064,
            501202
          ]
        }
      },
      "_source": "enka",
      "_time": 1685802969390,
      "_update": 1685802969390,
      "_talent": 1685802969390
    }
  }
}