{
  "uid": "242839672",
  "name": "",
  "level": "",
  "word": "",
  "face": "",
  "card": "",
  "sign": "",
  "info": false,
  "_profile": 1686016241617,
  "avatars": {
    "10000022": {
      "name": "温迪",
      "id": 10000022,
      "elem": "anemo",
      "level": 80,
      "promote": 5,
      "fetter": 10,
      "costume": 0,
      "cons": 0,
      "talent": {
        "a": 4,
        "e": 4,
        "q": 7
      },
      "weapon": {
        "name": "西风猎弓",
        "level": 80,
        "promote": 5,
        "affix": 1
      },
      "artis": {
        "1": {
          "level": 19,
          "star": 5,
          "name": "迷宫的游人",
          "mainId": 14001,
          "attrIds": [
            501052,
            501244,
            501232,
            501061,
            501243,
            501051,
            501051
          ]
        },
        "2": {
          "level": 15,
          "star": 5,
          "name": "猎人青翠的箭羽",
          "mainId": 12001,
          "attrIds": [
            501224,
            501062,
            501232,
            501244,
            501244,
            501222
          ]
        },
        "3": {
          "level": 13,
          "star": 5,
          "name": "朝露之时",
          "mainId": 10007,
          "attrIds": [
            501242,
            501034,
            501022,
            501093,
            501022,
            501094
          ]
        },
        "4": {
          "level": 17,
          "star": 5,
          "name": "吟游者之壶",
          "mainId": 15012,
          "attrIds": [
            501082,
            501063,
            501234,
            501202,
            501203,
            501083,
            501203,
            501231
          ]
        },
        "5": {
          "level": 20,
          "star": 5,
          "name": "角斗士的凯旋",
          "mainId": 13007,
          "attrIds": [
            501083,
            501052,
            501234,
            501241,
            501081,
            501244,
            501232,
            501053,
            501243
          ]
        }
      },
      "_source": "enka",
      "_time": 1677877291398,
      "_update": 1677877291398,
      "_talent": 1677877291398
    },
    "10000025": {
      "name": "行秋",
      "id": 10000025,
      "elem": "hydro",
      "level": 80,
      "promote": 5,
      "fetter": 10,
      "costume": 0,
      "cons": 4,
      "talent": {
        "a": 3,
        "e": 5,
        "q": 6
      },
      "weapon": {
        "name": "祭礼剑",
        "level": 90,
        "promote": 6,
        "affix": 2
      },
      "artis": {
        "1": {
          "level": 20,
          "star": 5,
          "name": "饰金胸花",
          "mainId": 14001,
          "attrIds": [
            501091,
            501203,
            501224,
            501244,
            501204,
            501092,
            501224,
            501241
          ]
        },
        "2": {
          "level": 20,
          "star": 5,
          "name": "切落之羽",
          "mainId": 12001,
          "attrIds": [
            501223,
            501024,
            501202,
            501084,
            501204,
            501203,
            501201,
            501221
          ]
        },
        "3": {
          "level": 20,
          "star": 5,
          "name": "沉金的岁月",
          "mainId": 10007,
          "attrIds": [
            501031,
            501224,
            501081,
            501201,
            501033,
            501081,
            501221,
            501081
          ]
        },
        "4": {
          "level": 20,
          "star": 5,
          "name": "绯花之壶",
          "mainId": 15002,
          "attrIds": [
            501223,
            501091,
            501233,
            501082,
            501223,
            501092,
            501222,
            501092
          ]
        },
        "5": {
          "level": 20,
          "star": 5,
          "name": "月桂的宝冠",
          "mainId": 13007,
          "attrIds": [
            501233,
            501022,
            501061,
            501224,
            501021,
            501234,
            501224,
            501232,
            501061
          ]
        }
      },
      "_source": "enka",
      "_time": 1681537300211,
      "_update": 1681537300211,
      "_talent": 1681537300211
    },
    "10000030": {
      "name": "钟离",
      "id": 10000030,
      "elem": "geo",
      "level": 90,
      "promote": 6,
      "fetter": 10,
      "costume": 0,
      "cons": 0,
      "talent": {
        "a": 5,
        "e": 10,
        "q": 8
      },
      "weapon": {
        "name": "黑缨枪",
        "level": 80,
        "promote": 5,
        "affix": 5
      },
      "artis": {
        "1": {
          "level": 20,
          "star": 5,
          "name": "勋绩之花",
          "mainId": 14001,
          "attrIds": [
            501234,
            501094,
            501224,
            501061,
            501221,
            501231,
            501221,
            501093,
            501222
          ]
        },
        "2": {
          "level": 20,
          "star": 5,
          "name": "昭武翎羽",
          "mainId": 12001,
          "attrIds": [
            501091,
            501201,
            501221,
            501232,
            501094,
            501223,
            501234,
            501221,
            501232
          ]
        },
        "3": {
          "level": 20,
          "star": 5,
          "name": "金铜时晷",
          "mainId": 10002,
          "attrIds": [
            501224,
            501063,
            501022,
            501054,
            501061,
            501063,
            501052,
            501064
          ]
        },
        "4": {
          "level": 20,
          "star": 5,
          "name": "盟誓金爵",
          "mainId": 15002,
          "attrIds": [
            501204,
            501224,
            501023,
            501084,
            501223,
            501022,
            501224,
            501204
          ]
        },
        "5": {
          "level": 20,
          "star": 5,
          "name": "沙王的投影",
          "mainId": 13002,
          "attrIds": [
            501204,
            501223,
            501022,
            501052,
            501221,
            501222,
            501054,
            501201,
            501021
          ]
        }
      },
      "_source": "enka",
      "_time": 1686016241614,
      "_update": 1686016241614,
      "_talent": 1686016241614
    },
    "10000032": {
      "name": "班尼特",
      "id": 10000032,
      "elem": "pyro",
      "level": 80,
      "promote": 5,
      "fetter": 9,
      "costume": 0,
      "cons": 2,
      "talent": {
        "a": 3,
        "e": 7,
        "q": 6
      },
      "weapon": {
        "name": "原木刀",
        "level": 80,
        "promote": 5,
        "affix": 1
      },
      "artis": {
        "1": {
          "level": 12,
          "star": 5,
          "name": "宗室之花",
          "main": {
            "key": "hpPlus",
            "value": 3155
          },
          "attrs": [
            {
              "key": "cdmg",
              "value": 12.4
            },
            {
              "key": "def",
              "value": 5.1
            },
            {
              "key": "atk",
              "value": 9.3
            },
            {
              "key": "cpct",
              "value": 3.9
            }
          ]
        },
        "2": {
          "level": 20,
          "star": 5,
          "name": "宗室之翎",
          "main": {
            "key": "atkPlus",
            "value": 311
          },
          "attrs": [
            {
              "key": "cdmg",
              "value": 6.2
            },
            {
              "key": "recharge",
              "value": 6.5
            },
            {
              "key": "mastery",
              "value": 89
            },
            {
              "key": "hp",
              "value": 8.2
            }
          ]
        },
        "3": {
          "level": 20,
          "star": 5,
          "name": "贤智的定期",
          "main": {
            "key": "recharge",
            "value": 51.8
          },
          "attrs": [
            {
              "key": "cpct",
              "value": 2.7
            },
            {
              "key": "atkPlus",
              "value": 29
            },
            {
              "key": "hpPlus",
              "value": 777
            },
            {
              "key": "hp",
              "value": 11.1
            }
          ]
        },
        "4": {
          "level": 16,
          "star": 5,
          "name": "宗室银瓮",
          "main": {
            "key": "hp",
            "value": 38.7
          },
          "attrs": [
            {
              "key": "atkPlus",
              "value": 27
            },
            {
              "key": "cpct",
              "value": 7.8
            },
            {
              "key": "atk",
              "value": 4.7
            },
            {
              "key": "hpPlus",
              "value": 508
            }
          ]
        },
        "5": {
          "level": 16,
          "star": 5,
          "name": "渡火者的智慧",
          "main": {
            "key": "heal",
            "value": 29.8
          },
          "attrs": [
            {
              "key": "mastery",
              "value": 40
            },
            {
              "key": "hpPlus",
              "value": 508
            },
            {
              "key": "hp",
              "value": 9.3
            },
            {
              "key": "atk",
              "value": 5.8
            }
          ]
        }
      },
      "_source": "enka",
      "_time": 1676715193222,
      "_update": 1677852942815,
      "_talent": 1677852942815
    },
    "10000033": {
      "name": "达达利亚",
      "id": 10000033,
      "elem": "hydro",
      "level": 90,
      "promote": 6,
      "fetter": 10,
      "costume": 0,
      "cons": 0,
      "talent": {
        "a": 5,
        "e": 8,
        "q": 8
      },
      "weapon": {
        "name": "绝弦",
        "level": 90,
        "promote": 6,
        "affix": 1
      },
      "artis": {
        "1": {
          "level": 20,
          "star": 5,
          "name": "角斗士的留恋",
          "mainId": 14001,
          "attrIds": [
            501052,
            501223,
            501232,
            501203,
            501203,
            501202,
            501051,
            501052,
            501231
          ]
        },
        "2": {
          "level": 20,
          "star": 5,
          "name": "追忆之风",
          "mainId": 12001,
          "attrIds": [
            501241,
            501202,
            501222,
            501083,
            501204,
            501084,
            501222,
            501244
          ]
        },
        "3": {
          "level": 20,
          "star": 5,
          "name": "坚铜罗盘",
          "mainId": 10004,
          "attrIds": [
            501024,
            501084,
            501052,
            501223,
            501022,
            501084,
            501081,
            501021
          ]
        },
        "4": {
          "level": 20,
          "star": 5,
          "name": "沉波之盏",
          "mainId": 15004,
          "attrIds": [
            501053,
            501222,
            501083,
            501203,
            501203,
            501084,
            501202,
            501084
          ]
        },
        "5": {
          "level": 20,
          "star": 5,
          "name": "角斗士的凯旋",
          "mainId": 13008,
          "attrIds": [
            501034,
            501081,
            501022,
            501202,
            501023,
            501203,
            501032,
            501021,
            501082
          ]
        }
      },
      "_source": "enka",
      "_time": 1677877291394,
      "_update": 1677877291394,
      "_talent": 1677877291394
    },
    "10000038": {
      "name": "阿贝多",
      "id": 10000038,
      "elem": "geo",
      "level": 60,
      "promote": 3,
      "fetter": 3,
      "costume": 0,
      "cons": 0,
      "talent": {
        "a": 3,
        "e": 4,
        "q": 3
      },
      "weapon": {
        "name": "黎明神剑",
        "level": 80,
        "promote": 5,
        "affix": 5
      },
      "artis": {
        "1": {
          "level": 20,
          "star": 5,
          "name": "乐团的晨光",
          "mainId": 14001,
          "attrIds": [
            501244,
            501204,
            501052,
            501223,
            501243,
            501221,
            501051,
            501222
          ]
        },
        "2": {
          "level": 20,
          "star": 5,
          "name": "琴师的箭羽",
          "mainId": 12001,
          "attrIds": [
            501093,
            501224,
            501203,
            501032,
            501204,
            501221,
            501202,
            501203
          ]
        },
        "3": {
          "level": 1,
          "star": 4,
          "name": "冰雪故园的终期",
          "mainId": 10006,
          "attrIds": [
            401023,
            401243
          ]
        },
        "4": {
          "level": 7,
          "star": 4,
          "name": "迷误者之灯",
          "mainId": 15006,
          "attrIds": [
            401022,
            401054,
            401063
          ]
        },
        "5": {
          "level": 20,
          "star": 5,
          "name": "角斗士的凯旋",
          "mainId": 13004,
          "attrIds": [
            501204,
            501082,
            501222,
            501052,
            501221,
            501084,
            501051,
            501051
          ]
        }
      },
      "_source": "enka",
      "_time": 1677877291400,
      "_update": 1677877291400,
      "_talent": 1677877291400
    },
    "10000039": {
      "name": "迪奥娜",
      "id": 10000039,
      "elem": "cryo",
      "level": 84,
      "promote": 6,
      "fetter": 6,
      "costume": 0,
      "cons": 0,
      "talent": {
        "a": 2,
        "e": 5,
        "q": 5
      },
      "weapon": {
        "name": "反曲弓",
        "level": 50,
        "promote": 2,
        "affix": 3
      },
      "artis": {
        "1": {
          "level": 10,
          "star": 5,
          "name": "历经风雪的思念",
          "main": {
            "key": "hpPlus",
            "value": 2749
          },
          "attrs": [
            {
              "key": "cdmg",
              "value": 7.8
            },
            {
              "key": "recharge",
              "value": 11
            },
            {
              "key": "defPlus",
              "value": 19
            },
            {
              "key": "hp",
              "value": 5.3
            }
          ]
        },
        "2": {
          "level": 5,
          "star": 5,
          "name": "摧冰而行的执望",
          "main": {
            "key": "atkPlus",
            "value": 102
          },
          "attrs": [
            {
              "key": "cpct",
              "value": 2.8
            },
            {
              "key": "mastery",
              "value": 15
            },
            {
              "key": "def",
              "value": 5.3
            },
            {}
          ]
        },
        "3": {
          "level": 5,
          "star": 5,
          "name": "冰雪故园的终期",
          "main": {
            "key": "hp",
            "value": 15.2
          },
          "attrs": [
            {
              "key": "cdmg",
              "value": 4.4
            },
            {
              "key": "atk",
              "value": 3.7
            },
            {
              "key": "atkPlus",
              "value": 12
            },
            {}
          ]
        },
        "4": {
          "level": 10,
          "star": 5,
          "name": "遍结寒霜的傲骨",
          "main": {
            "key": "atk",
            "value": 26.8
          },
          "attrs": [
            {
              "key": "cdmg",
              "value": 7.8
            },
            {
              "key": "defPlus",
              "value": 16
            },
            {
              "key": "recharge",
              "value": 11.7
            },
            {
              "key": "cpct",
              "value": 7
            }
          ]
        },
        "5": {
          "level": 8,
          "star": 5,
          "name": "虺雷之姿",
          "main": {
            "key": "hp",
            "value": 20.6
          },
          "attrs": [
            {
              "key": "hpPlus",
              "value": 191
            },
            {
              "key": "cpct",
              "value": 2.5
            },
            {
              "key": "atk",
              "value": 4.7
            },
            {
              "key": "atkPlus",
              "value": 12
            }
          ]
        }
      },
      "_source": "enka",
      "_time": 1676715193218,
      "_update": 1677852942815,
      "_talent": 1677852942815
    },
    "10000046": {
      "name": "胡桃",
      "id": 10000046,
      "elem": "pyro",
      "level": 90,
      "promote": 6,
      "fetter": 10,
      "costume": 0,
      "cons": 1,
      "talent": {
        "a": 10,
        "e": 10,
        "q": 9
      },
      "weapon": {
        "name": "匣里灭辰",
        "level": 90,
        "promote": 6,
        "affix": 5
      },
      "artis": {
        "1": {
          "level": 20,
          "star": 5,
          "name": "魔女的炎之花",
          "mainId": 14001,
          "attrIds": [
            501062,
            501221,
            501202,
            501034,
            501223,
            501062,
            501034,
            501224,
            501032
          ]
        },
        "2": {
          "level": 20,
          "star": 5,
          "name": "魔女常燃之羽",
          "mainId": 12001,
          "attrIds": [
            501223,
            501093,
            501083,
            501204,
            501203,
            501221,
            501204,
            501224,
            501224
          ]
        },
        "3": {
          "level": 20,
          "star": 5,
          "name": "魔女破灭之时",
          "mainId": 10002,
          "attrIds": [
            501051,
            501224,
            501201,
            501081,
            501223,
            501224,
            501081,
            501053
          ]
        },
        "4": {
          "level": 20,
          "star": 5,
          "name": "魔女的心之火",
          "mainId": 15008,
          "attrIds": [
            501201,
            501024,
            501092,
            501242,
            501093,
            501203,
            501241,
            501203
          ]
        },
        "5": {
          "level": 20,
          "star": 5,
          "name": "酒渍船帽",
          "mainId": 13007,
          "attrIds": [
            501221,
            501084,
            501032,
            501054,
            501081,
            501083,
            501224,
            501053,
            501222
          ]
        }
      },
      "_source": "enka",
      "_time": 1686016241615,
      "_update": 1686016241615,
      "_talent": 1686016241615
    },
    "10000048": {
      "name": "烟绯",
      "id": 10000048,
      "elem": "pyro",
      "level": 80,
      "promote": 5,
      "fetter": 10,
      "costume": 0,
      "cons": 2,
      "talent": {
        "a": 7,
        "e": 7,
        "q": 6
      },
      "weapon": {
        "name": "学徒笔记",
        "level": 1,
        "promote": 0,
        "affix": 1
      },
      "artis": {
        "1": {
          "level": 20,
          "star": 5,
          "name": "魔女的炎之花",
          "mainId": 14001,
          "attrIds": [
            501034,
            501223,
            501203,
            501094,
            501221,
            501222,
            501223,
            501093
          ]
        },
        "2": {
          "level": 20,
          "star": 5,
          "name": "魔女常燃之羽",
          "mainId": 12001,
          "attrIds": [
            501202,
            501022,
            501222,
            501232,
            501221,
            501224,
            501233,
            501224,
            501221
          ]
        },
        "3": {
          "level": 20,
          "star": 5,
          "name": "魔女破灭之时",
          "mainId": 10004,
          "attrIds": [
            501081,
            501222,
            501093,
            501021,
            501082,
            501082,
            501221,
            501093,
            501084
          ]
        },
        "4": {
          "level": 18,
          "star": 5,
          "name": "魔女的心之火",
          "mainId": 15008,
          "attrIds": [
            501034,
            501224,
            501024,
            501093,
            501024,
            501091,
            501094
          ]
        },
        "5": {
          "level": 20,
          "star": 5,
          "name": "流沙贵嗣的遗宝",
          "mainId": 13007,
          "attrIds": [
            501094,
            501064,
            501234,
            501031,
            501032,
            501093,
            501061,
            501092
          ]
        }
      },
      "_source": "enka",
      "_time": 1686016241616,
      "_update": 1686016241616,
      "_talent": 1686016241616
    },
    "10000054": {
      "name": "珊瑚宫心海",
      "id": 10000054,
      "elem": "hydro",
      "level": 70,
      "promote": 4,
      "fetter": 10,
      "costume": 0,
      "cons": 0,
      "talent": {
        "a": 4,
        "e": 6,
        "q": 6
      },
      "weapon": {
        "name": "祭礼残章",
        "level": 70,
        "promote": 4,
        "affix": 3
      },
      "artis": {
        "1": {
          "level": 20,
          "star": 5,
          "name": "海染之花",
          "mainId": 14001,
          "attrIds": [
            501081,
            501231,
            501222,
            501204,
            501082,
            501201,
            501221,
            501231
          ]
        },
        "2": {
          "level": 20,
          "star": 5,
          "name": "渊宫之羽",
          "mainId": 12001,
          "attrIds": [
            501201,
            501244,
            501032,
            501081,
            501203,
            501033,
            501084,
            501201
          ]
        },
        "3": {
          "level": 20,
          "star": 5,
          "name": "离别之贝",
          "mainId": 10002,
          "attrIds": [
            501232,
            501083,
            501064,
            501023,
            501082,
            501081,
            501083,
            501063,
            501023
          ]
        },
        "4": {
          "level": 20,
          "star": 5,
          "name": "真珠之笼",
          "mainId": 15011,
          "attrIds": [
            501222,
            501242,
            501083,
            501033,
            501082,
            501221,
            501244,
            501243,
            501241
          ]
        },
        "5": {
          "level": 20,
          "star": 5,
          "name": "指挥的礼帽",
          "mainId": 13009,
          "attrIds": [
            501241,
            501054,
            501021,
            501032,
            501032,
            501241,
            501054,
            501053,
            501032
          ]
        }
      },
      "_source": "enka",
      "_time": 1677877291400,
      "_update": 1677877291400,
      "_talent": 1677877291400
    },
    "10000071": {
      "name": "赛诺",
      "id": 10000071,
      "elem": "electro",
      "level": 40,
      "promote": 1,
      "fetter": 1,
      "costume": 0,
      "cons": 0,
      "talent": {
        "a": 1,
        "e": 1,
        "q": 1
      },
      "weapon": {
        "name": "风信之锋",
        "level": 50,
        "promote": 2,
        "affix": 5
      },
      "artis": {
        "3": {
          "level": 20,
          "star": 5,
          "name": "金铜时晷",
          "mainId": 10008,
          "attrIds": [
            501052,
            501033,
            501092,
            501082,
            501082,
            501053,
            501082,
            501091
          ]
        },
        "4": {
          "level": 20,
          "star": 5,
          "name": "宗室银瓮",
          "mainId": 15004,
          "attrIds": [
            501241,
            501031,
            501054,
            501021,
            501032,
            501034,
            501242,
            501031
          ]
        },
        "5": {
          "level": 1,
          "star": 4,
          "name": "将帅兜鍪",
          "mainId": 13004,
          "attrIds": [
            401203,
            401024
          ]
        }
      },
      "_source": "enka",
      "_time": 1677877291401,
      "_update": 1677877291401,
      "_talent": 1677877291401
    },
    "10000075": {
      "name": "流浪者",
      "id": 10000075,
      "elem": "anemo",
      "level": 70,
      "promote": 4,
      "fetter": 8,
      "costume": 0,
      "cons": 0,
      "talent": {
        "a": 5,
        "e": 6,
        "q": 5
      },
      "weapon": {
        "name": "流浪乐章",
        "level": 90,
        "promote": 6,
        "affix": 1
      },
      "artis": {
        "1": {
          "level": 20,
          "star": 5,
          "name": "魂香之花",
          "mainId": 14001,
          "attrIds": [
            501222,
            501201,
            501063,
            501033,
            501203,
            501224,
            501202,
            501063
          ]
        },
        "2": {
          "level": 20,
          "star": 5,
          "name": "黄金邦国的结末",
          "mainId": 12001,
          "attrIds": [
            501202,
            501222,
            501023,
            501062,
            501202,
            501061,
            501024,
            501202
          ]
        },
        "3": {
          "level": 20,
          "star": 5,
          "name": "众生之谣",
          "mainId": 10004,
          "attrIds": [
            501052,
            501224,
            501232,
            501021,
            501051,
            501231,
            501221,
            501052
          ]
        },
        "4": {
          "level": 20,
          "star": 5,
          "name": "结契之刻",
          "mainId": 15004,
          "attrIds": [
            501091,
            501224,
            501023,
            501203,
            501093,
            501021,
            501023,
            501222,
            501022
          ]
        },
        "5": {
          "level": 20,
          "star": 5,
          "name": "流沙贵嗣的遗宝",
          "mainId": 13007,
          "attrIds": [
            501094,
            501064,
            501234,
            501031,
            501032,
            501093,
            501061,
            501092
          ]
        }
      },
      "_source": "enka",
      "_time": 1677877291399,
      "_update": 1677877291399,
      "_talent": 1677877291399
    },
    "10000081": {
      "name": "卡维",
      "id": 10000081,
      "elem": "dendro",
      "level": 80,
      "promote": 5,
      "fetter": 6,
      "costume": 0,
      "cons": 1,
      "talent": {
        "a": 7,
        "e": 8,
        "q": 8
      },
      "weapon": {
        "name": "苇海信标",
        "level": 80,
        "promote": 5,
        "affix": 1
      },
      "artis": {
        "1": {
          "level": 20,
          "star": 5,
          "name": "乐团的晨光",
          "mainId": 14001,
          "attrIds": [
            501224,
            501054,
            501203,
            501091,
            501204,
            501221,
            501091,
            501224,
            501202
          ]
        },
        "2": {
          "level": 20,
          "star": 5,
          "name": "琴师的箭羽",
          "mainId": 12001,
          "attrIds": [
            501223,
            501202,
            501092,
            501244,
            501241,
            501221,
            501222,
            501094
          ]
        },
        "3": {
          "level": 20,
          "star": 5,
          "name": "失落迷途的机芯",
          "mainId": 10008,
          "attrIds": [
            501234,
            501223,
            501093,
            501054,
            501231,
            501222,
            501092,
            501233
          ]
        },
        "4": {
          "level": 20,
          "star": 5,
          "name": "结契之刻",
          "mainId": 15004,
          "attrIds": [
            501091,
            501224,
            501023,
            501203,
            501093,
            501021,
            501023,
            501222,
            501022
          ]
        },
        "5": {
          "level": 20,
          "star": 5,
          "name": "焦灼的魔女帽",
          "mainId": 13008,
          "attrIds": [
            501242,
            501064,
            501202,
            501051,
            501052,
            501241,
            501064,
            501052
          ]
        }
      },
      "_source": "enka",
      "_time": 1686016241616,
      "_update": 1686016241616,
      "_talent": 1686016241616
    }
  }
}