{
  "uid": "245605434",
  "name": "",
  "level": "",
  "word": "",
  "face": "",
  "card": "",
  "sign": "",
  "info": false,
  "_profile": 1681485289178,
  "avatars": {
    "10000016": {
      "name": "迪卢克",
      "id": 10000016,
      "elem": "pyro",
      "level": 90,
      "promote": 6,
      "fetter": 10,
      "costume": 0,
      "cons": 0,
      "talent": {
        "a": 6,
        "e": 8,
        "q": 4
      },
      "weapon": {
        "name": "天空之傲",
        "level": 90,
        "promote": 6,
        "affix": 1
      },
      "artis": {
        "1": {
          "name": "魔女的炎之花",
          "level": 19,
          "star": 5,
          "main": {
            "key": "hpPlus",
            "value": 4577
          },
          "attrs": [
            {
              "key": "cdmg",
              "value": 6.2
            },
            {
              "key": "atk",
              "value": 15.2
            },
            {
              "key": "cpct",
              "value": 6.6
            },
            {
              "key": "atkPlus",
              "value": 19
            }
          ]
        },
        "2": {
          "name": "魔女常燃之羽",
          "level": 17,
          "star": 5,
          "main": {
            "key": "atkPlus",
            "value": 272
          },
          "attrs": [
            {
              "key": "cpct",
              "value": 2.7
            },
            {
              "key": "cdmg",
              "value": 7
            },
            {
              "key": "mastery",
              "value": 54
            },
            {
              "key": "hp",
              "value": 10.5
            }
          ]
        },
        "3": {
          "name": "魔女破灭之时",
          "level": 16,
          "star": 5,
          "main": {
            "key": "atk",
            "value": 38.7
          },
          "attrs": [
            {
              "key": "recharge",
              "value": 10.4
            },
            {
              "key": "mastery",
              "value": 21
            },
            {
              "key": "hp",
              "value": 14.6
            },
            {
              "key": "def",
              "value": 5.8
            }
          ]
        },
        "4": {
          "name": "角斗士的酣醉",
          "level": 16,
          "star": 5,
          "main": {
            "key": "pyro",
            "value": 34.8
          },
          "attrs": [
            {
              "key": "cpct",
              "value": 5.9
            },
            {
              "key": "mastery",
              "value": 35
            },
            {
              "key": "defPlus",
              "value": 15
            },
            {
              "key": "def",
              "value": 4.1
            }
          ]
        },
        "5": {
          "name": "酒渍船帽",
          "level": 17,
          "star": 5,
          "main": {
            "key": "cpct",
            "value": 27.1
          },
          "attrs": [
            {
              "key": "recharge",
              "value": 16.2
            },
            {
              "key": "hp",
              "value": 11.1
            },
            {
              "key": "hpPlus",
              "value": 299
            },
            {
              "key": "defPlus",
              "value": 19
            }
          ]
        }
      },
      "_source": "enka",
      "_time": 1675177859589,
      "_update": 1679410416588,
      "_talent": 1679410416588
    },
    "10000033": {
      "name": "达达利亚",
      "id": 10000033,
      "elem": "hydro",
      "level": 88,
      "promote": 6,
      "fetter": 9,
      "costume": 0,
      "cons": 0,
      "talent": {
        "a": 6,
        "e": 10,
        "q": 8
      },
      "weapon": {
        "name": "弓藏",
        "level": 90,
        "promote": 6,
        "affix": 2
      },
      "artis": {
        "1": {
          "name": "饰金胸花",
          "level": 20,
          "star": 5,
          "main": {
            "key": "hpPlus",
            "value": 4780
          },
          "attrs": [
            {
              "key": "atk",
              "value": 15.2
            },
            {
              "key": "cdmg",
              "value": 13.2
            },
            {
              "key": "defPlus",
              "value": 53
            },
            {
              "key": "mastery",
              "value": 16
            }
          ]
        },
        "2": {
          "name": "追忆之风",
          "level": 20,
          "star": 5,
          "main": {
            "key": "atkPlus",
            "value": 311
          },
          "attrs": [
            {
              "key": "cpct",
              "value": 7
            },
            {
              "key": "def",
              "value": 5.1
            },
            {
              "key": "cdmg",
              "value": 14.8
            },
            {
              "key": "hpPlus",
              "value": 807
            }
          ]
        },
        "3": {
          "name": "坚铜罗盘",
          "level": 20,
          "star": 5,
          "main": {
            "key": "atk",
            "value": 46.6
          },
          "attrs": [
            {
              "key": "atkPlus",
              "value": 14
            },
            {
              "key": "recharge",
              "value": 5.2
            },
            {
              "key": "mastery",
              "value": 42
            },
            {
              "key": "hp",
              "value": 21
            }
          ]
        },
        "4": {
          "name": "魔女的心之火",
          "level": 20,
          "star": 5,
          "main": {
            "key": "hydro",
            "value": 46.6
          },
          "attrs": [
            {
              "key": "atkPlus",
              "value": 31
            },
            {
              "key": "recharge",
              "value": 5.2
            },
            {
              "key": "cpct",
              "value": 7.8
            },
            {
              "key": "def",
              "value": 25.5
            }
          ]
        },
        "5": {
          "name": "酒渍船帽",
          "level": 20,
          "star": 5,
          "main": {
            "key": "cpct",
            "value": 31.1
          },
          "attrs": [
            {
              "key": "defPlus",
              "value": 21
            },
            {
              "key": "def",
              "value": 18.2
            },
            {
              "key": "cdmg",
              "value": 21
            },
            {
              "key": "hpPlus",
              "value": 299
            }
          ]
        }
      },
      "_source": "enka",
      "_time": 1675177859590,
      "_update": 1679410416589,
      "_talent": 1679410416589
    },
    "10000078": {
      "name": "艾尔海森",
      "id": 10000078,
      "elem": "dendro",
      "level": 82,
      "promote": 6,
      "fetter": 8,
      "costume": 0,
      "cons": 0,
      "talent": {
        "a": 4,
        "e": 9,
        "q": 8
      },
      "weapon": {
        "name": "裁叶萃光",
        "level": 90,
        "promote": 6,
        "affix": 1
      },
      "artis": {
        "1": {
          "name": "梦中的铁花",
          "level": 20,
          "star": 5,
          "mainId": 14001,
          "attrIds": [
            501062,
            501232,
            501222,
            501202,
            501221,
            501203,
            501061,
            501201,
            501204
          ]
        },
        "2": {
          "name": "翠蔓的智者",
          "level": 20,
          "star": 5,
          "mainId": 12001,
          "attrIds": [
            501233,
            501221,
            501203,
            501034,
            501202,
            501031,
            501224,
            501233
          ]
        },
        "3": {
          "name": "沉金的岁月",
          "level": 20,
          "star": 5,
          "mainId": 10008,
          "attrIds": [
            501204,
            501024,
            501232,
            501054,
            501204,
            501234,
            501201,
            501022,
            501022
          ]
        },
        "4": {
          "name": "如蜜的终宴",
          "level": 20,
          "star": 5,
          "mainId": 15014,
          "attrIds": [
            501221,
            501084,
            501023,
            501232,
            501234,
            501224,
            501082,
            501083
          ]
        },
        "5": {
          "name": "沙王的投影",
          "level": 16,
          "star": 4,
          "mainId": 13007,
          "attrIds": [
            401064,
            401241,
            401232,
            401051,
            401233,
            401243,
            401244
          ]
        }
      },
      "_source": "mgg",
      "_time": 1679411806046,
      "_update": 1679411806046,
      "_talent": 1679411806046
    }
  }
}