{
  "uid": "248584021",
  "name": "",
  "level": "",
  "word": "",
  "face": "",
  "card": "",
  "sign": "",
  "info": false,
  "_profile": 1681660902263,
  "avatars": {
    "10000007": {
      "name": "荧",
      "id": 10000007,
      "elem": "dendro",
      "level": 70,
      "promote": 5,
      "fetter": 1,
      "costume": 0,
      "cons": 5,
      "talent": {
        "a": 1,
        "e": 1,
        "q": 2
      },
      "weapon": {
        "name": "原木刀",
        "level": 90,
        "promote": 6,
        "affix": 1
      },
      "artis": {
        "1": {
          "name": "明威之镡",
          "level": 20,
          "star": 5,
          "main": {
            "key": "hpPlus",
            "value": 4780
          },
          "attrs": [
            {
              "key": "atk",
              "value": 14
            },
            {
              "key": "cpct",
              "value": 7
            },
            {
              "key": "cdmg",
              "value": 7.8
            },
            {
              "key": "mastery",
              "value": 42
            }
          ]
        },
        "2": {
          "name": "切落之羽",
          "level": 20,
          "star": 5,
          "main": {
            "key": "atkPlus",
            "value": 311
          },
          "attrs": [
            {
              "key": "mastery",
              "value": 63
            },
            {
              "key": "cdmg",
              "value": 7
            },
            {
              "key": "atk",
              "value": 4.7
            },
            {
              "key": "hpPlus",
              "value": 777
            }
          ]
        },
        "3": {
          "name": "坚铜罗盘",
          "level": 20,
          "star": 5,
          "main": {
            "key": "atk",
            "value": 46.6
          },
          "attrs": [
            {
              "key": "defPlus",
              "value": 23
            },
            {
              "key": "cdmg",
              "value": 21
            },
            {
              "key": "cpct",
              "value": 2.7
            },
            {
              "key": "mastery",
              "value": 61
            }
          ]
        },
        "4": {
          "name": "如蜜的终宴",
          "level": 20,
          "star": 5,
          "main": {
            "key": "dendro",
            "value": 46.6
          },
          "attrs": [
            {
              "key": "mastery",
              "value": 47
            },
            {
              "key": "cdmg",
              "value": 13.2
            },
            {
              "key": "hpPlus",
              "value": 1076
            },
            {
              "key": "recharge",
              "value": 4.5
            }
          ]
        },
        "5": {
          "name": "沙王的投影",
          "level": 20,
          "star": 5,
          "main": {
            "key": "cpct",
            "value": 31.1
          },
          "attrs": [
            {
              "key": "atk",
              "value": 14.6
            },
            {
              "key": "hpPlus",
              "value": 747
            },
            {
              "key": "mastery",
              "value": 23
            },
            {
              "key": "atkPlus",
              "value": 16
            }
          ]
        }
      },
      "_source": "enka",
      "_time": 1675435158790,
      "_update": 1677557575900,
      "_talent": 1677557575900
    },
    "10000023": {
      "name": "香菱",
      "id": 10000023,
      "elem": "pyro",
      "level": 90,
      "promote": 6,
      "fetter": 10,
      "costume": 0,
      "cons": 0,
      "talent": {
        "a": 1,
        "e": 6,
        "q": 10
      },
      "weapon": {
        "name": "薙草之稻光",
        "level": 90,
        "promote": 6,
        "affix": 1
      },
      "artis": {
        "1": {
          "name": "明威之镡",
          "level": 20,
          "star": 5,
          "mainId": 14001,
          "attrIds": [
            501201,
            501061,
            501223,
            501242,
            501223,
            501202,
            501243,
            501222
          ]
        },
        "2": {
          "name": "切落之羽",
          "level": 20,
          "star": 5,
          "mainId": 12001,
          "attrIds": [
            501201,
            501234,
            501221,
            501021,
            501203,
            501224,
            501221,
            501024
          ]
        },
        "3": {
          "name": "雷云之笼",
          "level": 20,
          "star": 5,
          "mainId": 10007,
          "attrIds": [
            501201,
            501021,
            501064,
            501241,
            501204,
            501243,
            501022,
            501024,
            501064
          ]
        },
        "4": {
          "name": "绯花之壶",
          "level": 20,
          "star": 5,
          "mainId": 15008,
          "attrIds": [
            501244,
            501223,
            501063,
            501032,
            501241,
            501064,
            501224,
            501221
          ]
        },
        "5": {
          "name": "无常之面",
          "level": 20,
          "star": 5,
          "mainId": 13007,
          "attrIds": [
            501083,
            501224,
            501242,
            501062,
            501062,
            501221,
            501221,
            501221,
            501241
          ]
        }
      },
      "_source": "mgg",
      "_time": 1680361175361,
      "_update": 1680361175361,
      "_talent": 1680361175361
    },
    "10000025": {
      "name": "行秋",
      "id": 10000025,
      "elem": "hydro",
      "level": 81,
      "promote": 6,
      "fetter": 10,
      "costume": 0,
      "cons": 6,
      "talent": {
        "a": 1,
        "e": 9,
        "q": 9
      },
      "weapon": {
        "name": "祭礼剑",
        "level": 90,
        "promote": 6,
        "affix": 3
      },
      "artis": {
        "1": {
          "name": "饰金胸花",
          "level": 20,
          "star": 5,
          "mainId": 14001,
          "attrIds": [
            501201,
            501231,
            501054,
            501221,
            501233,
            501223,
            501221,
            501052,
            501224
          ]
        },
        "2": {
          "name": "思忆之矢",
          "level": 20,
          "star": 5,
          "mainId": 12001,
          "attrIds": [
            501033,
            501231,
            501222,
            501201,
            501204,
            501032,
            501222,
            501223
          ]
        },
        "3": {
          "name": "坚铜罗盘",
          "level": 20,
          "star": 5,
          "mainId": 10004,
          "attrIds": [
            501223,
            501204,
            501081,
            501054,
            501084,
            501221,
            501221,
            501054,
            501204
          ]
        },
        "4": {
          "name": "绯花之壶",
          "level": 20,
          "star": 5,
          "mainId": 15011,
          "attrIds": [
            501021,
            501223,
            501201,
            501034,
            501022,
            501203,
            501202,
            501201
          ]
        },
        "5": {
          "name": "无常之面",
          "level": 20,
          "star": 5,
          "mainId": 13008,
          "attrIds": [
            501233,
            501244,
            501062,
            501203,
            501203,
            501202,
            501062,
            501063
          ]
        }
      },
      "_source": "mgg",
      "_time": 1681660902261,
      "_update": 1681660902261,
      "_talent": 1681660902261
    },
    "10000032": {
      "name": "班尼特",
      "id": 10000032,
      "elem": "pyro",
      "level": 90,
      "promote": 6,
      "fetter": 10,
      "costume": 0,
      "cons": 2,
      "talent": {
        "a": 1,
        "e": 4,
        "q": 10
      },
      "weapon": {
        "name": "雾切之回光",
        "level": 90,
        "promote": 6,
        "affix": 1
      },
      "artis": {
        "1": {
          "name": "宗室之花",
          "level": 20,
          "star": 5,
          "mainId": 14001,
          "attrIds": [
            501204,
            501062,
            501051,
            501232,
            501203,
            501234,
            501063,
            501062,
            501064
          ]
        },
        "2": {
          "name": "宗室之翎",
          "level": 20,
          "star": 5,
          "mainId": 12001,
          "attrIds": [
            501023,
            501083,
            501034,
            501063,
            501063,
            501021,
            501061,
            501024
          ]
        },
        "3": {
          "name": "终幕的时计",
          "level": 20,
          "star": 5,
          "mainId": 10004,
          "attrIds": [
            501231,
            501054,
            501221,
            501203,
            501201,
            501054,
            501052,
            501223,
            501201
          ]
        },
        "4": {
          "name": "宗室银瓮",
          "level": 20,
          "star": 5,
          "mainId": 15008,
          "attrIds": [
            501233,
            501021,
            501031,
            501083,
            501034,
            501082,
            501231,
            501034
          ]
        },
        "5": {
          "name": "宗室面具",
          "level": 20,
          "star": 5,
          "mainId": 13008,
          "attrIds": [
            501023,
            501241,
            501202,
            501034,
            501204,
            501203,
            501022,
            501034,
            501034
          ]
        }
      },
      "_source": "mgg",
      "_time": 1680358747892,
      "_update": 1680358747892,
      "_talent": 1680358747892
    },
    "10000042": {
      "name": "刻晴",
      "id": 10000042,
      "elem": "electro",
      "level": 81,
      "promote": 6,
      "fetter": 10,
      "costume": 0,
      "cons": 2,
      "talent": {
        "a": 9,
        "e": 9,
        "q": 9
      },
      "weapon": {
        "name": "雾切之回光",
        "level": 90,
        "promote": 6,
        "affix": 1
      },
      "artis": {
        "1": {
          "name": "雷鸟的怜悯",
          "level": 20,
          "star": 5,
          "mainId": 14001,
          "attrIds": [
            501062,
            501054,
            501231,
            501223,
            501234,
            501224,
            501052,
            501232
          ]
        },
        "2": {
          "name": "雷灾的孑遗",
          "level": 20,
          "star": 5,
          "mainId": 12001,
          "attrIds": [
            501081,
            501203,
            501243,
            501091,
            501203,
            501202,
            501093,
            501204,
            501243
          ]
        },
        "3": {
          "name": "雷霆的时计",
          "level": 20,
          "star": 5,
          "mainId": 10004,
          "attrIds": [
            501203,
            501034,
            501081,
            501092,
            501202,
            501201,
            501083,
            501201
          ]
        },
        "4": {
          "name": "降雷的凶兆",
          "level": 20,
          "star": 5,
          "mainId": 15009,
          "attrIds": [
            501051,
            501204,
            501024,
            501082,
            501053,
            501202,
            501081,
            501202,
            501051
          ]
        },
        "5": {
          "name": "酒渍船帽",
          "level": 20,
          "star": 5,
          "mainId": 13008,
          "attrIds": [
            501201,
            501232,
            501243,
            501051,
            501241,
            501203,
            501233,
            501241
          ]
        }
      },
      "_source": "mgg",
      "_time": 1681660902263,
      "_update": 1681660902263,
      "_talent": 1681660902263
    },
    "10000052": {
      "name": "雷电将军",
      "id": 10000052,
      "elem": "electro",
      "level": 90,
      "promote": 6,
      "fetter": 10,
      "costume": 0,
      "cons": 0,
      "talent": {
        "a": 1,
        "e": 9,
        "q": 10
      },
      "weapon": {
        "name": "薙草之稻光",
        "level": 90,
        "promote": 6,
        "affix": 1
      },
      "artis": {
        "1": {
          "name": "明威之镡",
          "level": 20,
          "star": 5,
          "mainId": 14001,
          "attrIds": [
            501202,
            501233,
            501222,
            501063,
            501221,
            501223,
            501061,
            501201
          ]
        },
        "2": {
          "name": "切落之羽",
          "level": 20,
          "star": 5,
          "mainId": 12001,
          "attrIds": [
            501201,
            501234,
            501221,
            501021,
            501203,
            501224,
            501221,
            501024
          ]
        },
        "3": {
          "name": "雷云之笼",
          "level": 20,
          "star": 5,
          "mainId": 10007,
          "attrIds": [
            501201,
            501021,
            501064,
            501241,
            501204,
            501243,
            501022,
            501024,
            501064
          ]
        },
        "4": {
          "name": "绯花之壶",
          "level": 20,
          "star": 5,
          "mainId": 15004,
          "attrIds": [
            501221,
            501234,
            501244,
            501053,
            501234,
            501234,
            501223,
            501051
          ]
        },
        "5": {
          "name": "指挥的礼帽",
          "level": 20,
          "star": 5,
          "mainId": 13008,
          "attrIds": [
            501091,
            501052,
            501021,
            501204,
            501203,
            501204,
            501053,
            501201,
            501053
          ]
        }
      },
      "_source": "mgg",
      "_time": 1680358747892,
      "_update": 1680358747892,
      "_talent": 1680358747892
    },
    "10000065": {
      "name": "久岐忍",
      "id": 10000065,
      "elem": "electro",
      "level": 70,
      "promote": 4,
      "fetter": 6,
      "costume": 0,
      "cons": 4,
      "talent": {
        "a": 1,
        "e": 6,
        "q": 5
      },
      "weapon": {
        "name": "铁蜂刺",
        "level": 90,
        "promote": 6,
        "affix": 2
      },
      "artis": {
        "1": {
          "name": "月女的华彩",
          "level": 20,
          "star": 5,
          "main": {
            "key": "hpPlus",
            "value": 4780
          },
          "attrs": [
            {
              "key": "cdmg",
              "value": 14
            },
            {
              "key": "cpct",
              "value": 3.9
            },
            {
              "key": "hp",
              "value": 10.5
            },
            {
              "key": "def",
              "value": 24.1
            }
          ]
        },
        "2": {
          "name": "谢落的筵席",
          "level": 20,
          "star": 5,
          "main": {
            "key": "atkPlus",
            "value": 311
          },
          "attrs": [
            {
              "key": "atk",
              "value": 10.5
            },
            {
              "key": "cdmg",
              "value": 7
            },
            {
              "key": "mastery",
              "value": 72
            },
            {
              "key": "cpct",
              "value": 2.7
            }
          ]
        },
        "3": {
          "name": "失落迷途的机芯",
          "level": 20,
          "star": 5,
          "main": {
            "key": "mastery",
            "value": 187
          },
          "attrs": [
            {
              "key": "atk",
              "value": 5.3
            },
            {
              "key": "cpct",
              "value": 3.9
            },
            {
              "key": "cdmg",
              "value": 19.4
            },
            {
              "key": "hpPlus",
              "value": 837
            }
          ]
        },
        "4": {
          "name": "守秘的魔瓶",
          "level": 13,
          "star": 5,
          "main": {
            "key": "hp",
            "value": 32.8
          },
          "attrs": [
            {
              "key": "atk",
              "value": 5.8
            },
            {
              "key": "defPlus",
              "value": 21
            },
            {
              "key": "hpPlus",
              "value": 508
            },
            {
              "key": "atkPlus",
              "value": 33
            }
          ]
        },
        "5": {
          "name": "紫晶的花冠",
          "level": 16,
          "star": 5,
          "main": {
            "key": "mastery",
            "value": 139
          },
          "attrs": [
            {
              "key": "atkPlus",
              "value": 16
            },
            {
              "key": "cpct",
              "value": 5.3
            },
            {
              "key": "hpPlus",
              "value": 382
            },
            {
              "key": "cdmg",
              "value": 10.6
            }
          ]
        }
      },
      "_source": "enka",
      "_time": 1676647089394,
      "_update": 1677557575901,
      "_talent": 1677557575901
    },
    "10000069": {
      "name": "提纳里",
      "id": 10000069,
      "elem": "dendro",
      "level": 50,
      "promote": 2,
      "fetter": 4,
      "costume": 0,
      "cons": 0,
      "talent": {
        "a": 2,
        "e": 2,
        "q": 1
      },
      "weapon": {
        "name": "破魔之弓",
        "level": 89,
        "promote": 6,
        "affix": 1
      },
      "artis": {
        "1": {
          "name": "明威之镡",
          "level": 20,
          "star": 5,
          "mainId": 14001,
          "attrIds": [
            501062,
            501204,
            501224,
            501243,
            501202,
            501243,
            501061,
            501063
          ]
        },
        "2": {
          "name": "琴师的箭羽",
          "level": 20,
          "star": 5,
          "mainId": 12001,
          "attrIds": [
            501224,
            501081,
            501024,
            501204,
            501081,
            501202,
            501023,
            501202,
            501204
          ]
        },
        "3": {
          "name": "失落迷途的机芯",
          "level": 20,
          "star": 5,
          "mainId": 10008,
          "attrIds": [
            501063,
            501204,
            501221,
            501023,
            501223,
            501023,
            501223,
            501024
          ]
        },
        "4": {
          "name": "吟游者之壶",
          "level": 20,
          "star": 5,
          "mainId": 15014,
          "attrIds": [
            501053,
            501023,
            501222,
            501242,
            501023,
            501021,
            501054,
            501023
          ]
        },
        "5": {
          "name": "指挥的礼帽",
          "level": 20,
          "star": 5,
          "mainId": 13007,
          "attrIds": [
            501242,
            501221,
            501051,
            501024,
            501223,
            501051,
            501244,
            501221
          ]
        }
      },
      "_source": "mgg",
      "_time": 1681660902262,
      "_update": 1681660902262,
      "_talent": 1681660902262
    },
    "10000073": {
      "name": "纳西妲",
      "id": 10000073,
      "elem": "dendro",
      "level": 90,
      "promote": 6,
      "fetter": 10,
      "costume": 0,
      "cons": 0,
      "talent": {
        "a": 4,
        "e": 8,
        "q": 8
      },
      "weapon": {
        "name": "流浪的晚星",
        "level": 90,
        "promote": 6,
        "affix": 1
      },
      "artis": {
        "1": {
          "name": "迷宫的游人",
          "level": 20,
          "star": 5,
          "mainId": 14001,
          "attrIds": [
            501051,
            501201,
            501221,
            501094,
            501094,
            501222,
            501093,
            501201
          ]
        },
        "2": {
          "name": "翠蔓的智者",
          "level": 20,
          "star": 5,
          "mainId": 12001,
          "attrIds": [
            501232,
            501094,
            501243,
            501204,
            501241,
            501201,
            501201,
            501234,
            501201
          ]
        },
        "3": {
          "name": "贤智的定期",
          "level": 20,
          "star": 5,
          "mainId": 10008,
          "attrIds": [
            501033,
            501023,
            501053,
            501224,
            501022,
            501034,
            501021,
            501034
          ]
        },
        "4": {
          "name": "迷误者之灯",
          "level": 20,
          "star": 5,
          "mainId": 15007,
          "attrIds": [
            501092,
            501053,
            501201,
            501023,
            501094,
            501201,
            501092,
            501053,
            501092
          ]
        },
        "5": {
          "name": "沙王的投影",
          "level": 20,
          "star": 5,
          "mainId": 13010,
          "attrIds": [
            501201,
            501022,
            501052,
            501031,
            501033,
            501033,
            501033,
            501202,
            501053
          ]
        }
      },
      "_source": "mgg",
      "_time": 1681660902262,
      "_update": 1681660902262,
      "_talent": 1681660902262
    },
    "10000078": {
      "name": "艾尔海森",
      "id": 10000078,
      "elem": "dendro",
      "level": 90,
      "promote": 6,
      "fetter": 10,
      "costume": 0,
      "cons": 0,
      "talent": {
        "a": 8,
        "e": 10,
        "q": 8
      },
      "weapon": {
        "name": "波乱月白经津",
        "level": 90,
        "promote": 6,
        "affix": 1
      },
      "artis": {
        "1": {
          "name": "宗室之花",
          "level": 20,
          "star": 5,
          "mainId": 14001,
          "attrIds": [
            501204,
            501221,
            501053,
            501092,
            501204,
            501202,
            501202,
            501223
          ]
        },
        "2": {
          "name": "裁断的翎羽",
          "level": 20,
          "star": 5,
          "mainId": 12001,
          "attrIds": [
            501243,
            501062,
            501233,
            501203,
            501244,
            501063,
            501242,
            501244
          ]
        },
        "3": {
          "name": "沉金的岁月",
          "level": 20,
          "star": 5,
          "mainId": 10008,
          "attrIds": [
            501204,
            501222,
            501063,
            501084,
            501061,
            501082,
            501061,
            501201
          ]
        },
        "4": {
          "name": "如蜜的终宴",
          "level": 20,
          "star": 5,
          "mainId": 15014,
          "attrIds": [
            501244,
            501222,
            501024,
            501231,
            501244,
            501021,
            501223,
            501024,
            501023
          ]
        },
        "5": {
          "name": "沙王的投影",
          "level": 20,
          "star": 5,
          "mainId": 13007,
          "attrIds": [
            501062,
            501023,
            501244,
            501052,
            501023,
            501021,
            501062,
            501063
          ]
        }
      },
      "_source": "mgg",
      "_time": 1681660902261,
      "_update": 1681660902261,
      "_talent": 1681660902261
    }
  }
}