{
  "uid": "251877479",
  "name": "",
  "level": "",
  "word": "",
  "face": "",
  "card": "",
  "sign": "",
  "info": false,
  "_profile": 1685862046891,
  "avatars": {
    "10000003": {
      "name": "琴",
      "id": 10000003,
      "elem": "anemo",
      "level": 60,
      "promote": 3,
      "fetter": 1,
      "costume": 0,
      "cons": 0,
      "talent": {
        "a": 1,
        "e": 2,
        "q": 4
      },
      "weapon": {
        "name": "笼钓瓶一心",
        "level": 70,
        "promote": 4,
        "affix": 1
      },
      "artis": {
        "1": {
          "level": 1,
          "star": 5,
          "name": "野花记忆的绿野",
          "mainId": 14001,
          "attrIds": [
            501234,
            501243,
            501031,
            501221
          ]
        },
        "2": {
          "level": 20,
          "star": 5,
          "name": "潜光片羽",
          "mainId": 12001,
          "attrIds": [
            501061,
            501221,
            501231,
            501201,
            501222,
            501202,
            501233,
            501061
          ]
        },
        "3": {
          "level": 1,
          "star": 5,
          "name": "雷云之笼",
          "mainId": 10002,
          "attrIds": [
            501064,
            501221,
            501084
          ]
        },
        "4": {
          "level": 1,
          "star": 5,
          "name": "守秘的魔瓶",
          "mainId": 15002,
          "attrIds": [
            501054,
            501024,
            501224
          ]
        },
        "5": {
          "level": 1,
          "star": 5,
          "name": "流沙贵嗣的遗宝",
          "mainId": 13008,
          "attrIds": [
            501024,
            501093,
            501234
          ]
        }
      },
      "_source": "enka",
      "_time": 1685862046889,
      "_update": 1685862046889,
      "_talent": 1685862046889
    },
    "10000023": {
      "name": "香菱",
      "id": 10000023,
      "elem": "pyro",
      "level": 80,
      "promote": 5,
      "fetter": 8,
      "costume": 0,
      "cons": 0,
      "talent": {
        "a": 3,
        "e": 4,
        "q": 6
      },
      "weapon": {
        "name": "匣里灭辰",
        "level": 50,
        "promote": 2,
        "affix": 1
      },
      "artis": {
        "1": {
          "level": 7,
          "star": 5,
          "name": "野花记忆的绿野",
          "mainId": 14001,
          "attrIds": [
            501222,
            501092,
            501052,
            501241
          ]
        },
        "2": {
          "level": 1,
          "star": 5,
          "name": "黄金邦国的结末",
          "_name": "黄金邦国的结末",
          "_level": 20,
          "_star": 5,
          "mainId": 12001,
          "attrIds": [
            501222,
            501081,
            501242
          ]
        },
        "3": {
          "level": 1,
          "star": 5,
          "name": "沉金的岁月",
          "_name": "沉金的岁月",
          "_level": 20,
          "_star": 5,
          "mainId": 10007,
          "attrIds": [
            501031,
            501061,
            501221
          ]
        },
        "4": {
          "level": 1,
          "star": 4,
          "name": "奇迹之杯",
          "mainId": 15008,
          "attrIds": [
            401223,
            401092,
            401241
          ]
        },
        "5": {
          "level": 1,
          "star": 5,
          "name": "角斗士的凯旋",
          "_name": "角斗士的凯旋",
          "_level": 12,
          "_star": 5,
          "mainId": 13008,
          "attrIds": [
            501093,
            501201,
            501024
          ]
        }
      },
      "_source": "enka",
      "_time": 1682175855544,
      "_update": 1682175855544,
      "_talent": 1682175855544
    },
    "10000026": {
      "name": "魈",
      "id": 10000026,
      "elem": "anemo",
      "level": 80,
      "promote": 5,
      "fetter": 7,
      "costume": 0,
      "cons": 0,
      "talent": {
        "a": 8,
        "e": 7,
        "q": 8
      },
      "weapon": {
        "name": "试作星镰",
        "level": 90,
        "promote": 6,
        "affix": 1
      },
      "artis": {
        "1": {
          "level": 20,
          "star": 5,
          "name": "月女的华彩",
          "mainId": 14001,
          "attrIds": [
            501051,
            501061,
            501223,
            501234,
            501224,
            501234,
            501234,
            501234
          ]
        },
        "2": {
          "level": 20,
          "star": 5,
          "name": "垂玉之叶",
          "mainId": 12001,
          "attrIds": [
            501034,
            501062,
            501224,
            501021,
            501061,
            501223,
            501063,
            501062
          ]
        },
        "3": {
          "level": 20,
          "star": 5,
          "name": "阳辔之遗",
          "mainId": 10004,
          "attrIds": [
            501203,
            501052,
            501222,
            501084,
            501082,
            501081,
            501083,
            501081
          ]
        },
        "4": {
          "level": 20,
          "star": 5,
          "name": "角斗士的酣醉",
          "mainId": 15012,
          "attrIds": [
            501081,
            501093,
            501223,
            501204,
            501091,
            501202,
            501221,
            501083
          ]
        },
        "5": {
          "level": 20,
          "star": 5,
          "name": "浮溯之珏",
          "mainId": 13008,
          "attrIds": [
            501084,
            501231,
            501034,
            501061,
            501233,
            501234,
            501033,
            501083
          ]
        }
      },
      "_source": "enka",
      "_time": 1685862046886,
      "_update": 1685862046886,
      "_talent": 1685862046886
    },
    "10000037": {
      "name": "甘雨",
      "id": 10000037,
      "elem": "cryo",
      "level": 90,
      "promote": 6,
      "fetter": 5,
      "costume": 0,
      "cons": 0,
      "talent": {
        "a": 8,
        "e": 3,
        "q": 4
      },
      "weapon": {
        "name": "试作澹月",
        "level": 90,
        "promote": 6,
        "affix": 3
      },
      "artis": {
        "1": {
          "level": 20,
          "star": 5,
          "name": "乐团的晨光",
          "mainId": 14001,
          "attrIds": [
            501084,
            501241,
            501222,
            501033,
            501244,
            501221,
            501223,
            501223,
            501243
          ]
        },
        "2": {
          "level": 20,
          "star": 5,
          "name": "角斗士的归宿",
          "mainId": 12001,
          "attrIds": [
            501034,
            501201,
            501061,
            501222,
            501201,
            501222,
            501221,
            501061,
            501203
          ]
        },
        "3": {
          "level": 20,
          "star": 5,
          "name": "雷云之笼",
          "mainId": 10004,
          "attrIds": [
            501234,
            501203,
            501222,
            501243,
            501223,
            501221,
            501232,
            501204
          ]
        },
        "4": {
          "level": 20,
          "star": 5,
          "name": "迷醉长梦的守护",
          "mainId": 15010,
          "attrIds": [
            501053,
            501091,
            501221,
            501024,
            501021,
            501091,
            501223,
            501092
          ]
        },
        "5": {
          "level": 20,
          "star": 5,
          "name": "角斗士的凯旋",
          "mainId": 13008,
          "attrIds": [
            501093,
            501201,
            501024,
            501081,
            501021,
            501202,
            501022,
            501201
          ]
        }
      },
      "_source": "enka",
      "_time": 1685862046889,
      "_update": 1685862046889,
      "_talent": 1685862046889
    },
    "10000039": {
      "name": "迪奥娜",
      "id": 10000039,
      "elem": "cryo",
      "level": 70,
      "promote": 4,
      "fetter": 5,
      "costume": 0,
      "cons": 0,
      "talent": {
        "a": 3,
        "e": 6,
        "q": 5
      },
      "weapon": {
        "name": "反曲弓",
        "level": 50,
        "promote": 2,
        "affix": 5
      },
      "artis": {
        "1": {
          "level": 16,
          "star": 4,
          "name": "流放者之花",
          "mainId": 14001,
          "attrIds": [
            401203,
            401223,
            401232,
            401031,
            401222,
            401034
          ]
        },
        "2": {
          "level": 1,
          "star": 5,
          "name": "黄金邦国的结末",
          "mainId": 12001,
          "attrIds": [
            501222,
            501081,
            501242
          ]
        },
        "3": {
          "level": 1,
          "star": 5,
          "name": "雷云之笼",
          "_name": "雷云之笼",
          "_level": 7,
          "_star": 5,
          "mainId": 10002,
          "attrIds": [
            501064,
            501221,
            501084
          ]
        },
        "4": {
          "level": 1,
          "star": 4,
          "name": "武人的酒杯",
          "mainId": 15002,
          "attrIds": [
            401081,
            401051
          ]
        },
        "5": {
          "level": 1,
          "star": 5,
          "name": "虺雷之姿",
          "mainId": 13002,
          "attrIds": [
            501053,
            501062,
            501024
          ]
        }
      },
      "_source": "enka",
      "_time": 1681570373207,
      "_update": 1681570373207,
      "_talent": 1681570373207
    },
    "10000044": {
      "name": "辛焱",
      "id": 10000044,
      "elem": "pyro",
      "level": 20,
      "promote": 1,
      "fetter": 1,
      "costume": 0,
      "cons": 1,
      "talent": {
        "a": 1,
        "e": 1,
        "q": 1
      },
      "weapon": {
        "name": "白铁大剑",
        "level": 20,
        "promote": 1,
        "affix": 1
      },
      "artis": {},
      "_source": "enka",
      "_time": 1675308723387,
      "_update": 1677557576402,
      "_talent": 1677557576402
    },
    "10000052": {
      "name": "雷电将军",
      "id": 10000052,
      "elem": "electro",
      "level": 90,
      "promote": 6,
      "fetter": 10,
      "costume": 0,
      "cons": 0,
      "talent": {
        "a": 4,
        "e": 5,
        "q": 8
      },
      "weapon": {
        "name": "和璞鸢",
        "level": 80,
        "promote": 5,
        "affix": 1
      },
      "artis": {
        "1": {
          "level": 20,
          "star": 5,
          "name": "明威之镡",
          "mainId": 14001,
          "attrIds": [
            501221,
            501204,
            501061,
            501054,
            501051,
            501064,
            501064,
            501051
          ]
        },
        "2": {
          "level": 20,
          "star": 5,
          "name": "切落之羽",
          "mainId": 12001,
          "attrIds": [
            501202,
            501222,
            501023,
            501231,
            501021,
            501022,
            501231,
            501203
          ]
        },
        "3": {
          "level": 20,
          "star": 5,
          "name": "沉金的岁月",
          "mainId": 10007,
          "attrIds": [
            501031,
            501061,
            501221,
            501203,
            501223,
            501064,
            501222,
            501063
          ]
        },
        "4": {
          "level": 20,
          "star": 5,
          "name": "绯花之壶",
          "mainId": 15004,
          "attrIds": [
            501021,
            501223,
            501201,
            501032,
            501224,
            501223,
            501204,
            501034
          ]
        },
        "5": {
          "level": 20,
          "star": 5,
          "name": "华饰之兜",
          "mainId": 13008,
          "attrIds": [
            501061,
            501083,
            501033,
            501023,
            501084,
            501061,
            501082,
            501061
          ]
        }
      },
      "_source": "enka",
      "_time": 1685862046886,
      "_update": 1685862046886,
      "_talent": 1685862046886
    },
    "10000056": {
      "name": "九条裟罗",
      "id": 10000056,
      "elem": "electro",
      "level": 60,
      "promote": 3,
      "fetter": 1,
      "costume": 0,
      "cons": 0,
      "talent": {
        "a": 2,
        "e": 3,
        "q": 2
      },
      "weapon": {
        "name": "弓藏",
        "level": 40,
        "promote": 1,
        "affix": 2
      },
      "artis": {
        "1": {
          "level": 1,
          "star": 5,
          "name": "月女的华彩",
          "mainId": 14001,
          "attrIds": [
            501051,
            501061,
            501223
          ]
        },
        "2": {
          "level": 1,
          "star": 5,
          "name": "角斗士的归宿",
          "mainId": 12001,
          "attrIds": [
            501242,
            501202,
            501231,
            501021
          ]
        },
        "3": {
          "level": 1,
          "star": 5,
          "name": "终幕的时计",
          "mainId": 10004,
          "attrIds": [
            501091,
            501082,
            501031
          ]
        },
        "4": {
          "level": 1,
          "star": 4,
          "name": "流放者之杯",
          "mainId": 15006,
          "attrIds": [
            401233,
            401021
          ]
        },
        "5": {
          "level": 1,
          "star": 5,
          "name": "虺雷之姿",
          "mainId": 13004,
          "attrIds": [
            501084,
            501051,
            501031,
            501093
          ]
        }
      },
      "_source": "mgg",
      "_time": 1679412047378,
      "_update": 1679412047378,
      "_talent": 1679412047378
    },
    "10000059": {
      "name": "鹿野院平藏",
      "id": 10000059,
      "elem": "anemo",
      "level": 40,
      "promote": 1,
      "fetter": 1,
      "costume": 0,
      "cons": 0,
      "talent": {
        "a": 1,
        "e": 1,
        "q": 1
      },
      "weapon": {
        "name": "翡玉法球",
        "level": 50,
        "promote": 2,
        "affix": 5
      },
      "artis": {},
      "_source": "enka",
      "_time": 1675594856590,
      "_update": 1677557576403,
      "_talent": 1677557576403
    },
    "10000069": {
      "name": "提纳里",
      "id": 10000069,
      "elem": "dendro",
      "level": 70,
      "promote": 4,
      "fetter": 3,
      "costume": 0,
      "cons": 0,
      "talent": {
        "a": 5,
        "e": 3,
        "q": 5
      },
      "weapon": {
        "name": "绝弦",
        "level": 50,
        "promote": 2,
        "affix": 1
      },
      "artis": {
        "1": {
          "level": 10,
          "star": 5,
          "name": "乐团的晨光",
          "mainId": 14001,
          "attrIds": [
            501084,
            501241,
            501222,
            501033,
            501244,
            501221
          ]
        },
        "2": {
          "level": 1,
          "star": 5,
          "name": "黄金邦国的结末",
          "_name": "黄金邦国的结末",
          "_level": 20,
          "_star": 5,
          "mainId": 12001,
          "attrIds": [
            501222,
            501081,
            501242
          ]
        },
        "3": {
          "level": 20,
          "star": 5,
          "name": "阳辔之遗",
          "mainId": 10004,
          "attrIds": [
            501203,
            501052,
            501222,
            501084,
            501082,
            501081,
            501083,
            501081
          ]
        },
        "4": {
          "level": 20,
          "star": 5,
          "name": "迷醉长梦的守护",
          "mainId": 15014,
          "attrIds": [
            501083,
            501022,
            501064,
            501221,
            501063,
            501061,
            501024,
            501023,
            501224
          ]
        },
        "5": {
          "level": 19,
          "star": 5,
          "name": "角斗士的凯旋",
          "mainId": 13007,
          "attrIds": [
            501053,
            501063,
            501224,
            501023,
            501064,
            501062,
            501021
          ]
        }
      },
      "_source": "enka",
      "_time": 1685862046888,
      "_update": 1685862046888,
      "_talent": 1685862046888
    },
    "10000073": {
      "name": "纳西妲",
      "id": 10000073,
      "elem": "dendro",
      "level": 60,
      "promote": 3,
      "fetter": 5,
      "costume": 0,
      "cons": 0,
      "talent": {
        "a": 2,
        "e": 4,
        "q": 3
      },
      "weapon": {
        "name": "祭礼残章",
        "level": 60,
        "promote": 3,
        "affix": 2
      },
      "artis": {
        "1": {
          "level": 18,
          "star": 5,
          "name": "月女的华彩",
          "mainId": 14001,
          "attrIds": [
            501244,
            501233,
            501203,
            501084,
            501243,
            501241,
            501231
          ]
        },
        "2": {
          "level": 20,
          "star": 5,
          "name": "琴师的箭羽",
          "mainId": 12001,
          "attrIds": [
            501033,
            501242,
            501064,
            501092,
            501034,
            501031,
            501034,
            501064,
            501063
          ]
        },
        "3": {
          "level": 20,
          "star": 5,
          "name": "凝结的时刻",
          "mainId": 10008,
          "attrIds": [
            501094,
            501231,
            501222,
            501052,
            501232,
            501233,
            501232,
            501053
          ]
        },
        "4": {
          "level": 1,
          "star": 5,
          "name": "守秘的魔瓶",
          "_name": "守秘的魔瓶",
          "_level": 20,
          "_star": 5,
          "mainId": 15014,
          "attrIds": [
            501241,
            501034,
            501084
          ]
        },
        "5": {
          "level": 17,
          "star": 5,
          "name": "指挥的礼帽",
          "mainId": 13008,
          "attrIds": [
            501061,
            501051,
            501232,
            501093,
            501051,
            501061,
            501234
          ]
        }
      },
      "_source": "enka",
      "_time": 1685862046888,
      "_update": 1685862046888,
      "_talent": 1685862046888
    },
    "10000075": {
      "name": "流浪者",
      "id": 10000075,
      "elem": "anemo",
      "level": 90,
      "promote": 6,
      "fetter": 10,
      "costume": 0,
      "cons": 1,
      "talent": {
        "a": 10,
        "e": 9,
        "q": 8
      },
      "weapon": {
        "name": "昭心",
        "level": 90,
        "promote": 6,
        "affix": 2
      },
      "artis": {
        "1": {
          "level": 20,
          "star": 5,
          "name": "众王之都的开端",
          "mainId": 14001,
          "attrIds": [
            501223,
            501202,
            501031,
            501233,
            501203,
            501223,
            501233,
            501202
          ]
        },
        "2": {
          "level": 20,
          "star": 5,
          "name": "黄金邦国的结末",
          "mainId": 12001,
          "attrIds": [
            501201,
            501093,
            501223,
            501082,
            501083,
            501203,
            501222,
            501201
          ]
        },
        "3": {
          "level": 20,
          "star": 5,
          "name": "翠绿猎人的笃定",
          "mainId": 10004,
          "attrIds": [
            501033,
            501224,
            501202,
            501233,
            501222,
            501224,
            501231,
            501223,
            501204
          ]
        },
        "4": {
          "level": 20,
          "star": 5,
          "name": "角斗士的酣醉",
          "mainId": 15012,
          "attrIds": [
            501224,
            501232,
            501053,
            501021,
            501222,
            501232,
            501024,
            501232,
            501233
          ]
        },
        "5": {
          "level": 20,
          "star": 5,
          "name": "流沙贵嗣的遗宝",
          "mainId": 13008,
          "attrIds": [
            501051,
            501021,
            501033,
            501091,
            501034,
            501054,
            501021,
            501031
          ]
        }
      },
      "_source": "enka",
      "_time": 1685862046885,
      "_update": 1685862046885,
      "_talent": 1685862046885
    },
    "10000076": {
      "name": "珐露珊",
      "id": 10000076,
      "elem": "anemo",
      "level": 80,
      "promote": 5,
      "fetter": 9,
      "costume": 0,
      "cons": 1,
      "talent": {
        "a": 2,
        "e": 4,
        "q": 7
      },
      "weapon": {
        "name": "西风猎弓",
        "level": 80,
        "promote": 5,
        "affix": 5
      },
      "artis": {
        "1": {
          "level": 16,
          "star": 5,
          "name": "月女的华彩",
          "mainId": 14001,
          "attrIds": [
            501222,
            501032,
            501054,
            501204,
            501054,
            501051,
            501032
          ]
        },
        "2": {
          "level": 19,
          "star": 5,
          "name": "黄金邦国的结末",
          "mainId": 12001,
          "attrIds": [
            501224,
            501202,
            501022,
            501232,
            501201,
            501232,
            501234
          ]
        },
        "3": {
          "level": 10,
          "star": 5,
          "name": "失落迷途的机芯",
          "mainId": 10007,
          "attrIds": [
            501032,
            501221,
            501242,
            501082,
            501221
          ]
        },
        "4": {
          "level": 15,
          "star": 5,
          "name": "吟游者之壶",
          "mainId": 15004,
          "attrIds": [
            501053,
            501244,
            501223,
            501231,
            501222,
            501051,
            501244
          ]
        },
        "5": {
          "level": 20,
          "star": 5,
          "name": "角斗士的凯旋",
          "mainId": 13007,
          "attrIds": [
            501084,
            501033,
            501243,
            501062,
            501033,
            501244,
            501083,
            501061,
            501244
          ]
        }
      },
      "_source": "enka",
      "_time": 1685862046890,
      "_update": 1685862046890,
      "_talent": 1685862046890
    },
    "10000077": {
      "name": "瑶瑶",
      "id": 10000077,
      "elem": "dendro",
      "level": 60,
      "promote": 3,
      "fetter": 9,
      "costume": 0,
      "cons": 4,
      "talent": {
        "a": 1,
        "e": 4,
        "q": 4
      },
      "weapon": {
        "name": "黑缨枪",
        "level": 50,
        "promote": 2,
        "affix": 4
      },
      "artis": {
        "1": {
          "level": 1,
          "star": 5,
          "name": "明威之镡",
          "mainId": 14001,
          "attrIds": [
            501081,
            501224,
            501031
          ]
        },
        "2": {
          "level": 20,
          "star": 5,
          "name": "角斗士的归宿",
          "mainId": 12001,
          "attrIds": [
            501243,
            501084,
            501201,
            501032,
            501202,
            501203,
            501081,
            501034
          ]
        },
        "3": {
          "level": 1,
          "star": 5,
          "name": "祝祀之凭",
          "mainId": 10002,
          "attrIds": [
            501231,
            501081,
            501094
          ]
        },
        "4": {
          "level": 16,
          "star": 5,
          "name": "祈望之心",
          "mainId": 15002,
          "attrIds": [
            501203,
            501243,
            501021,
            501224,
            501243,
            501221,
            501021,
            501242
          ]
        },
        "5": {
          "level": 12,
          "star": 5,
          "name": "紫晶的花冠",
          "mainId": 13009,
          "attrIds": [
            501054,
            501084,
            501064,
            501224,
            501222,
            501084
          ]
        }
      },
      "_source": "enka",
      "_time": 1681570373208,
      "_update": 1681570373208,
      "_talent": 1681570373208
    }
  }
}