{
  "uid": "253855447",
  "name": "",
  "level": "",
  "word": "",
  "face": "",
  "card": "",
  "sign": "",
  "info": false,
  "_profile": 1686017535123,
  "avatars": {
    "10000007": {
      "name": "荧",
      "id": 10000007,
      "elem": "dendro",
      "level": 71,
      "promote": 5,
      "fetter": 1,
      "costume": 0,
      "cons": 0,
      "talent": {
        "a": 1,
        "e": 2,
        "q": 2
      },
      "weapon": {
        "name": "飞天御剑",
        "level": 50,
        "promote": 2,
        "affix": 5
      },
      "artis": {
        "1": {
          "level": 1,
          "star": 5,
          "name": "迷宫的游人",
          "mainId": 14001,
          "attrIds": [
            501234,
            501054,
            501201
          ]
        },
        "2": {
          "level": 1,
          "star": 5,
          "name": "翠蔓的智者",
          "mainId": 12001,
          "attrIds": [
            501021,
            501222,
            501243
          ]
        },
        "3": {
          "level": 1,
          "star": 5,
          "name": "贤智的定期",
          "mainId": 10006,
          "attrIds": [
            501052,
            501233,
            501081,
            501222
          ]
        },
        "4": {
          "level": 1,
          "star": 4,
          "name": "吟游者之壶",
          "mainId": 15012,
          "attrIds": [
            401081,
            401023
          ]
        },
        "5": {
          "level": 1,
          "star": 5,
          "name": "月桂的宝冠",
          "mainId": 13007,
          "attrIds": [
            501244,
            501062,
            501053
          ]
        }
      },
      "_source": "enka",
      "_time": 1686017535122,
      "_update": 1686017535122,
      "_talent": 1686017535122
    },
    "10000023": {
      "name": "香菱",
      "id": 10000023,
      "elem": "pyro",
      "level": 70,
      "promote": 4,
      "fetter": 7,
      "costume": 0,
      "cons": 1,
      "talent": {
        "a": 2,
        "e": 5,
        "q": 6
      },
      "weapon": {
        "name": "匣里灭辰",
        "level": 40,
        "promote": 1,
        "affix": 2
      },
      "artis": {
        "1": {
          "level": 20,
          "star": 5,
          "name": "明威之镡",
          "mainId": 14001,
          "attrIds": [
            501062,
            501204,
            501032,
            501241,
            501033,
            501243,
            501064,
            501061,
            501243
          ]
        },
        "2": {
          "level": 20,
          "star": 5,
          "name": "切落之羽",
          "mainId": 12001,
          "attrIds": [
            501201,
            501091,
            501241,
            501222,
            501242,
            501204,
            501091,
            501091
          ]
        },
        "3": {
          "level": 1,
          "star": 5,
          "name": "雷云之笼",
          "mainId": 10002,
          "attrIds": [
            501204,
            501092,
            501244
          ]
        },
        "4": {
          "level": 20,
          "star": 5,
          "name": "吟游者之壶",
          "mainId": 15008,
          "attrIds": [
            501032,
            501082,
            501054,
            501064,
            501053,
            501052,
            501064,
            501064,
            501061
          ]
        },
        "5": {
          "level": 1,
          "star": 5,
          "name": "华饰之兜",
          "mainId": 13007,
          "attrIds": [
            501064,
            501051,
            501094
          ]
        }
      },
      "_source": "enka",
      "_time": 1686017535122,
      "_update": 1686017535122,
      "_talent": 1686017535122
    },
    "10000025": {
      "name": "行秋",
      "id": 10000025,
      "elem": "hydro",
      "level": 60,
      "promote": 4,
      "fetter": 7,
      "costume": 0,
      "cons": 2,
      "talent": {
        "a": 2,
        "e": 4,
        "q": 4
      },
      "weapon": {
        "name": "祭礼剑",
        "level": 1,
        "promote": 0,
        "affix": 1
      },
      "artis": {
        "1": {
          "level": 20,
          "star": 5,
          "name": "迷宫的游人",
          "mainId": 14001,
          "attrIds": [
            501053,
            501202,
            501221,
            501062,
            501054,
            501202,
            501051,
            501054,
            501051
          ]
        },
        "2": {
          "level": 20,
          "star": 5,
          "name": "雷灾的孑遗",
          "mainId": 12001,
          "attrIds": [
            501092,
            501082,
            501061,
            501223,
            501064,
            501083,
            501061,
            501092,
            501222
          ]
        },
        "3": {
          "level": 1,
          "star": 5,
          "name": "雷云之笼",
          "mainId": 10002,
          "attrIds": [
            501241,
            501052,
            501203
          ]
        },
        "4": {
          "level": 1,
          "star": 5,
          "name": "祈望之心",
          "mainId": 15011,
          "attrIds": [
            501033,
            501232,
            501063,
            501051
          ]
        },
        "5": {
          "level": 20,
          "star": 5,
          "name": "无常之面",
          "mainId": 13008,
          "attrIds": [
            501201,
            501241,
            501093,
            501234,
            501093,
            501242,
            501203,
            501094
          ]
        }
      },
      "_source": "enka",
      "_time": 1686017535123,
      "_update": 1686017535123,
      "_talent": 1686017535123
    },
    "10000032": {
      "name": "班尼特",
      "id": 10000032,
      "elem": "pyro",
      "level": 80,
      "promote": 5,
      "fetter": 10,
      "costume": 0,
      "cons": 0,
      "talent": {
        "a": 2,
        "e": 6,
        "q": 6
      },
      "weapon": {
        "name": "西风剑",
        "level": 70,
        "promote": 4,
        "affix": 1
      },
      "artis": {
        "1": {
          "level": 4,
          "star": 5,
          "name": "宗室之花",
          "mainId": 14001,
          "attrIds": [
            501084,
            501242,
            501203,
            501223
          ]
        },
        "2": {
          "level": 1,
          "star": 5,
          "name": "宗室之翎",
          "mainId": 12001,
          "attrIds": [
            501093,
            501023,
            501241,
            501082
          ]
        },
        "3": {
          "level": 20,
          "star": 5,
          "name": "离别之贝",
          "mainId": 10007,
          "attrIds": [
            501033,
            501021,
            501084,
            501091,
            501093,
            501022,
            501032,
            501034
          ]
        },
        "4": {
          "level": 1,
          "star": 5,
          "name": "宗室银瓮",
          "_name": "宗室银瓮",
          "_level": 16,
          "_star": 5,
          "mainId": 15004,
          "attrIds": [
            501233,
            501054,
            501223
          ]
        },
        "5": {
          "level": 1,
          "star": 5,
          "name": "宗室面具",
          "_name": "宗室面具",
          "_level": 16,
          "_star": 5,
          "mainId": 13004,
          "attrIds": [
            501233,
            501054,
            501093,
            501222
          ]
        }
      },
      "_source": "enka",
      "_time": 1686017535122,
      "_update": 1686017535122,
      "_talent": 1686017535122
    },
    "10000052": {
      "name": "雷电将军",
      "id": 10000052,
      "elem": "electro",
      "level": 80,
      "promote": 5,
      "fetter": 10,
      "costume": 0,
      "cons": 0,
      "talent": {
        "a": 3,
        "e": 8,
        "q": 8
      },
      "weapon": {
        "name": "「渔获」",
        "level": 70,
        "promote": 4,
        "affix": 1
      },
      "artis": {
        "1": {
          "level": 20,
          "star": 5,
          "name": "明威之镡",
          "mainId": 14001,
          "attrIds": [
            501082,
            501054,
            501223,
            501201,
            501222,
            501222,
            501222,
            501204,
            501083
          ]
        },
        "2": {
          "level": 20,
          "star": 5,
          "name": "切落之羽",
          "mainId": 12001,
          "attrIds": [
            501244,
            501204,
            501094,
            501221,
            501221,
            501203,
            501221,
            501224,
            501244
          ]
        },
        "3": {
          "level": 20,
          "star": 5,
          "name": "角斗士的希冀",
          "mainId": 10007,
          "attrIds": [
            501034,
            501242,
            501223,
            501052,
            501052,
            501223,
            501034,
            501052
          ]
        },
        "4": {
          "level": 20,
          "star": 5,
          "name": "绯花之壶",
          "mainId": 15004,
          "attrIds": [
            501051,
            501203,
            501082,
            501242,
            501053,
            501082,
            501052,
            501244,
            501241
          ]
        },
        "5": {
          "level": 20,
          "star": 5,
          "name": "华饰之兜",
          "mainId": 13007,
          "attrIds": [
            501023,
            501232,
            501093,
            501243,
            501242,
            501022,
            501091,
            501092
          ]
        }
      },
      "_source": "enka",
      "_time": 1686017535121,
      "_update": 1686017535121,
      "_talent": 1686017535121
    },
    "10000058": {
      "name": "八重神子",
      "id": 10000058,
      "elem": "electro",
      "level": 70,
      "promote": 4,
      "fetter": 10,
      "costume": 0,
      "cons": 0,
      "talent": {
        "a": 5,
        "e": 6,
        "q": 6
      },
      "weapon": {
        "name": "流浪乐章",
        "level": 80,
        "promote": 5,
        "affix": 1
      },
      "artis": {
        "1": {
          "level": 20,
          "star": 5,
          "name": "梦中的铁花",
          "mainId": 14001,
          "attrIds": [
            501052,
            501092,
            501204,
            501222,
            501204,
            501053,
            501223,
            501203,
            501094
          ]
        },
        "2": {
          "level": 20,
          "star": 5,
          "name": "切落之羽",
          "mainId": 12001,
          "attrIds": [
            501084,
            501022,
            501202,
            501062,
            501202,
            501203,
            501202,
            501081
          ]
        },
        "3": {
          "level": 20,
          "star": 5,
          "name": "沉金的岁月",
          "mainId": 10008,
          "attrIds": [
            501021,
            501093,
            501032,
            501223,
            501224,
            501093,
            501221,
            501221,
            501034
          ]
        },
        "4": {
          "level": 20,
          "star": 5,
          "name": "如蜜的终宴",
          "mainId": 15009,
          "attrIds": [
            501064,
            501223,
            501051,
            501241,
            501063,
            501224,
            501221,
            501244
          ]
        },
        "5": {
          "level": 20,
          "star": 5,
          "name": "沙王的投影",
          "mainId": 13007,
          "attrIds": [
            501053,
            501032,
            501222,
            501091,
            501094,
            501034,
            501222,
            501092,
            501092
          ]
        }
      },
      "_source": "enka",
      "_time": 1686017535121,
      "_update": 1686017535121,
      "_talent": 1686017535121
    },
    "10000066": {
      "name": "神里绫人",
      "id": 10000066,
      "elem": "hydro",
      "level": 50,
      "promote": 3,
      "fetter": 1,
      "costume": 0,
      "cons": 0,
      "talent": {
        "a": 1,
        "e": 3,
        "q": 2
      },
      "weapon": {
        "name": "黎明神剑",
        "level": 20,
        "promote": 1,
        "affix": 5
      },
      "artis": {
        "1": {
          "level": 12,
          "star": 4,
          "name": "羁缠之花",
          "mainId": 14001,
          "attrIds": [
            401052,
            401232,
            401084,
            401062,
            401064
          ]
        },
        "2": {
          "level": 1,
          "star": 4,
          "name": "琴师的箭羽",
          "mainId": 12001,
          "attrIds": [
            401233,
            401023,
            401223
          ]
        },
        "3": {
          "level": 1,
          "star": 4,
          "name": "战狂的时计",
          "mainId": 10004,
          "attrIds": [
            401221,
            401052
          ]
        },
        "4": {
          "level": 16,
          "star": 4,
          "name": "战狂的骨杯",
          "mainId": 15011,
          "attrIds": [
            401061,
            401232,
            401054,
            401242,
            401231,
            401063
          ]
        },
        "5": {
          "level": 1,
          "star": 4,
          "name": "指挥的礼帽",
          "mainId": 13008,
          "attrIds": [
            401201,
            401081
          ]
        }
      },
      "_source": "enka",
      "_time": 1686017535121,
      "_update": 1686017535121,
      "_talent": 1686017535121
    },
    "10000069": {
      "name": "提纳里",
      "id": 10000069,
      "elem": "dendro",
      "level": 50,
      "promote": 2,
      "fetter": 4,
      "costume": 0,
      "cons": 0,
      "talent": {
        "a": 1,
        "e": 2,
        "q": 1
      },
      "weapon": {
        "name": "天空之翼",
        "level": 50,
        "promote": 2,
        "affix": 1
      },
      "artis": {
        "1": {
          "level": 20,
          "star": 5,
          "name": "梦中的铁花",
          "mainId": 14001,
          "attrIds": [
            501094,
            501221,
            501201,
            501031,
            501202,
            501204,
            501091,
            501222
          ]
        },
        "2": {
          "level": 20,
          "star": 5,
          "name": "翠蔓的智者",
          "mainId": 12001,
          "attrIds": [
            501082,
            501201,
            501221,
            501232,
            501233,
            501233,
            501081,
            501221,
            501084
          ]
        },
        "3": {
          "level": 1,
          "star": 5,
          "name": "沉金的岁月",
          "mainId": 10008,
          "attrIds": [
            501064,
            501052,
            501092
          ]
        },
        "4": {
          "level": 1,
          "star": 5,
          "name": "如蜜的终宴",
          "mainId": 15012,
          "attrIds": [
            501203,
            501243,
            501053,
            501023
          ]
        },
        "5": {
          "level": 1,
          "star": 5,
          "name": "沙王的投影",
          "mainId": 13007,
          "attrIds": [
            501094,
            501022,
            501084
          ]
        }
      },
      "_source": "enka",
      "_time": 1686017535123,
      "_update": 1686017535123,
      "_talent": 1686017535123
    }
  }
}