{
  "uid": "262124967",
  "name": "",
  "level": "",
  "word": "",
  "face": "",
  "card": "",
  "sign": "",
  "info": false,
  "_profile": 1680621028553,
  "avatars": {
    "10000016": {
      "name": "迪卢克",
      "id": 10000016,
      "elem": "pyro",
      "level": 1,
      "promote": 0,
      "fetter": 1,
      "costume": 0,
      "cons": 0,
      "talent": {
        "a": 1,
        "e": 1,
        "q": 1
      },
      "weapon": {
        "name": "祭礼大剑",
        "level": 1,
        "promote": 0,
        "affix": 1
      },
      "artis": {},
      "_source": "enka",
      "_time": 1676631263211,
      "_update": 1679118124888,
      "_talent": 1679118124888
    },
    "10000026": {
      "name": "魈",
      "id": 10000026,
      "elem": "anemo",
      "level": 90,
      "promote": 6,
      "fetter": 10,
      "costume": 0,
      "cons": 0,
      "talent": {
        "a": 8,
        "e": 6,
        "q": 7
      },
      "weapon": {
        "name": "白缨枪",
        "level": 80,
        "promote": 5,
        "affix": 5
      },
      "artis": {
        "1": {
          "name": "羁缠之花",
          "level": 20,
          "star": 5,
          "mainId": 14001,
          "attrIds": [
            501054,
            501222,
            501202,
            501082,
            501203,
            501221,
            501201,
            501054
          ]
        },
        "2": {
          "name": "猎人青翠的箭羽",
          "level": 20,
          "star": 5,
          "mainId": 12001,
          "attrIds": [
            501063,
            501024,
            501201,
            501221,
            501024,
            501061,
            501204,
            501223
          ]
        },
        "3": {
          "name": "朝露之时",
          "level": 16,
          "star": 5,
          "mainId": 10004,
          "attrIds": [
            501053,
            501202,
            501093,
            501083,
            501052,
            501094,
            501052
          ]
        },
        "4": {
          "name": "绯花之壶",
          "level": 20,
          "star": 5,
          "mainId": 15012,
          "attrIds": [
            501223,
            501243,
            501024,
            501201,
            501202,
            501224,
            501223,
            501024
          ]
        },
        "5": {
          "name": "虺雷之姿",
          "level": 20,
          "star": 5,
          "mainId": 13008,
          "attrIds": [
            501051,
            501233,
            501023,
            501032,
            501032,
            501234,
            501053,
            501022
          ]
        }
      },
      "_source": "mgg",
      "_time": 1680621028551,
      "_update": 1680621028551,
      "_talent": 1680621028551
    },
    "10000035": {
      "name": "七七",
      "id": 10000035,
      "elem": "cryo",
      "level": 20,
      "promote": 0,
      "fetter": 1,
      "costume": 0,
      "cons": 0,
      "talent": {
        "a": 1,
        "e": 1,
        "q": 1
      },
      "weapon": {
        "name": "试作斩岩",
        "level": 20,
        "promote": 1,
        "affix": 3
      },
      "artis": {
        "1": {
          "name": "故人之心",
          "level": 1,
          "star": 5,
          "main": {
            "key": "hpPlus",
            "value": 645
          },
          "attrs": [
            {
              "key": "atk",
              "value": 3.3
            },
            {
              "key": "atkPlus",
              "value": 12
            },
            {},
            {}
          ]
        },
        "2": {
          "name": "流放者之羽",
          "level": 16,
          "star": 5,
          "main": {
            "key": "atkPlus",
            "value": 232
          },
          "attrs": [
            {
              "key": "cpct",
              "value": 8.4
            },
            {
              "key": "hpPlus",
              "value": 191
            },
            {
              "key": "hp",
              "value": 4.2
            },
            {
              "key": "cdmg",
              "value": 4.4
            }
          ]
        },
        "3": {
          "name": "角斗士的希冀",
          "level": 1,
          "star": 5,
          "main": {
            "key": "def",
            "value": 7.9
          },
          "attrs": [
            {
              "key": "hpPlus",
              "value": 215
            },
            {
              "key": "atk",
              "value": 4.7
            },
            {},
            {}
          ]
        },
        "4": {
          "name": "角斗士的酣醉",
          "level": 1,
          "star": 5,
          "main": {
            "key": "atk",
            "value": 6.3
          },
          "attrs": [
            {
              "key": "defPlus",
              "value": 19
            },
            {
              "key": "hpPlus",
              "value": 191
            },
            {
              "key": "def",
              "value": 5.3
            },
            {}
          ]
        },
        "5": {
          "name": "感别之冠",
          "level": 1,
          "star": 5,
          "main": {
            "key": "cdmg",
            "value": 8.4
          },
          "attrs": [
            {
              "key": "atk",
              "value": 4.2
            },
            {
              "key": "cpct",
              "value": 2.5
            },
            {},
            {}
          ]
        }
      },
      "_source": "enka",
      "_time": 1676631263210,
      "_update": 1679118124890,
      "_talent": 1679118124890
    },
    "10000048": {
      "name": "烟绯",
      "id": 10000048,
      "elem": "pyro",
      "level": 80,
      "promote": 5,
      "fetter": 8,
      "costume": 0,
      "cons": 0,
      "talent": {
        "a": 4,
        "e": 6,
        "q": 5
      },
      "weapon": {
        "name": "流浪乐章",
        "level": 40,
        "promote": 1,
        "affix": 1
      },
      "artis": {
        "1": {
          "name": "魂香之花",
          "level": 20,
          "star": 5,
          "main": {
            "key": "hpPlus",
            "value": 4780
          },
          "attrs": [
            {
              "key": "cpct",
              "value": 7.8
            },
            {
              "key": "atk",
              "value": 9.9
            },
            {
              "key": "cdmg",
              "value": 11.7
            },
            {
              "key": "recharge",
              "value": 11.7
            }
          ]
        },
        "2": {
          "name": "垂玉之叶",
          "level": 4,
          "star": 5,
          "main": {
            "key": "atkPlus",
            "value": 100
          },
          "attrs": [
            {
              "key": "cpct",
              "value": 2.7
            },
            {
              "key": "mastery",
              "value": 21
            },
            {
              "key": "def",
              "value": 6.6
            },
            {
              "key": "defPlus",
              "value": 23
            }
          ]
        },
        "3": {
          "name": "祝祀之凭",
          "level": 20,
          "star": 5,
          "main": {
            "key": "atk",
            "value": 46.6
          },
          "attrs": [
            {
              "key": "mastery",
              "value": 19
            },
            {
              "key": "atkPlus",
              "value": 14
            },
            {
              "key": "cpct",
              "value": 11.7
            },
            {
              "key": "recharge",
              "value": 10.4
            }
          ]
        },
        "4": {
          "name": "涌泉之盏",
          "level": 1,
          "star": 5,
          "main": {
            "key": "atk",
            "value": 7
          },
          "attrs": [
            {
              "key": "cpct",
              "value": 3.5
            },
            {
              "key": "hpPlus",
              "value": 209
            },
            {
              "key": "defPlus",
              "value": 19
            },
            {}
          ]
        },
        "5": {
          "name": "宗室面具",
          "level": 20,
          "star": 5,
          "main": {
            "key": "cpct",
            "value": 31.1
          },
          "attrs": [
            {
              "key": "hp",
              "value": 4.7
            },
            {
              "key": "recharge",
              "value": 11
            },
            {
              "key": "defPlus",
              "value": 39
            },
            {
              "key": "atk",
              "value": 14.6
            }
          ]
        }
      },
      "_source": "enka",
      "_time": 1676631263213,
      "_update": 1679118124890,
      "_talent": 1679118124890
    },
    "10000060": {
      "name": "夜兰",
      "id": 10000060,
      "elem": "hydro",
      "level": 80,
      "promote": 5,
      "fetter": 7,
      "costume": 0,
      "cons": 0,
      "talent": {
        "a": 1,
        "e": 4,
        "q": 6
      },
      "weapon": {
        "name": "西风猎弓",
        "level": 70,
        "promote": 4,
        "affix": 3
      },
      "artis": {
        "1": {
          "name": "生灵之华",
          "level": 20,
          "star": 5,
          "mainId": 14001,
          "attrIds": [
            501054,
            501061,
            501202,
            501244,
            501203,
            501063,
            501241,
            501244
          ]
        },
        "2": {
          "name": "潜光片羽",
          "level": 20,
          "star": 5,
          "mainId": 12001,
          "attrIds": [
            501221,
            501234,
            501022,
            501204,
            501222,
            501234,
            501024,
            501202
          ]
        },
        "3": {
          "name": "祝祀之凭",
          "level": 17,
          "star": 5,
          "mainId": 10002,
          "attrIds": [
            501244,
            501053,
            501223,
            501021,
            501024,
            501222,
            501241
          ]
        },
        "4": {
          "name": "翠绿猎人的容器",
          "level": 20,
          "star": 5,
          "mainId": 15011,
          "attrIds": [
            501082,
            501242,
            501032,
            501201,
            501031,
            501084,
            501084,
            501083,
            501244
          ]
        },
        "5": {
          "name": "浮溯之珏",
          "level": 20,
          "star": 5,
          "mainId": 13007,
          "attrIds": [
            501062,
            501221,
            501232,
            501094,
            501092,
            501222,
            501092,
            501064
          ]
        }
      },
      "_source": "mgg",
      "_time": 1680621028552,
      "_update": 1680621028552,
      "_talent": 1680621028552
    }
  }
}