{
  "uid": "504448536",
  "name": "",
  "level": "",
  "word": "",
  "face": "",
  "card": "",
  "sign": "",
  "info": false,
  "avatars": {
    "10000016": {
      "name": "迪卢克",
      "id": 10000016,
      "elem": "pyro",
      "level": 80,
      "promote": 5,
      "fetter": 8,
      "costume": 0,
      "cons": 1,
      "talent": {
        "a": 7,
        "e": 6,
        "q": 7
      },
      "weapon": {
        "name": "西风大剑",
        "level": 90,
        "promote": 6,
        "affix": 4
      },
      "artis": {
        "3": {
          "name": "金铜时晷",
          "level": 20,
          "star": 5,
          "main": {
            "key": "atk",
            "value": 46.6
          },
          "attrs": [
            {
              "key": "cpct",
              "value": 6.6
            },
            {
              "key": "hp",
              "value": 18.7
            },
            {
              "key": "atkPlus",
              "value": 18
            },
            {
              "key": "defPlus",
              "value": 37
            }
          ]
        },
        "4": {
          "name": "祈望之心",
          "level": 20,
          "star": 5,
          "main": {
            "key": "pyro",
            "value": 46.6
          },
          "attrs": [
            {
              "key": "cdmg",
              "value": 19.4
            },
            {
              "key": "recharge",
              "value": 6.5
            },
            {
              "key": "hpPlus",
              "value": 687
            },
            {
              "key": "mastery",
              "value": 21
            }
          ]
        },
        "5": {
          "name": "角斗士的凯旋",
          "level": 1,
          "star": 5,
          "main": {
            "key": "heal",
            "value": 5.4
          },
          "attrs": [
            {
              "key": "recharge",
              "value": 5.2
            },
            {
              "key": "atk",
              "value": 5.3
            },
            {
              "key": "mastery",
              "value": 16
            },
            {}
          ]
        }
      },
      "_source": "enka",
      "_time": 1675309134206,
      "_update": 1677558999996,
      "_talent": 1677558999996
    },
    "10000026": {
      "name": "魈",
      "id": 10000026,
      "elem": "anemo",
      "level": 80,
      "promote": 5,
      "fetter": 6,
      "costume": 0,
      "cons": 0,
      "talent": {
        "a": 8,
        "e": 6,
        "q": 6
      },
      "weapon": {
        "name": "和璞鸢",
        "level": 90,
        "promote": 6,
        "affix": 2
      },
      "artis": {
        "1": {
          "name": "角斗士的留恋",
          "level": 20,
          "star": 5,
          "main": {
            "key": "hpPlus",
            "value": 4780
          },
          "attrs": [
            {
              "key": "atkPlus",
              "value": 27
            },
            {
              "key": "cpct",
              "value": 3.9
            },
            {
              "key": "cdmg",
              "value": 26.4
            },
            {
              "key": "recharge",
              "value": 5.8
            }
          ]
        },
        "2": {
          "name": "思忆之矢",
          "level": 20,
          "star": 5,
          "main": {
            "key": "atkPlus",
            "value": 311
          },
          "attrs": [
            {
              "key": "cdmg",
              "value": 21
            },
            {
              "key": "hp",
              "value": 4.7
            },
            {
              "key": "defPlus",
              "value": 39
            },
            {
              "key": "recharge",
              "value": 9.7
            }
          ]
        },
        "3": {
          "name": "角斗士的希冀",
          "level": 20,
          "star": 5,
          "main": {
            "key": "atk",
            "value": 46.6
          },
          "attrs": [
            {
              "key": "atkPlus",
              "value": 16
            },
            {
              "key": "cpct",
              "value": 9.7
            },
            {
              "key": "defPlus",
              "value": 21
            },
            {
              "key": "recharge",
              "value": 14.2
            }
          ]
        },
        "4": {
          "name": "吟游者之壶",
          "level": 20,
          "star": 5,
          "main": {
            "key": "anemo",
            "value": 46.6
          },
          "attrs": [
            {
              "key": "hpPlus",
              "value": 239
            },
            {
              "key": "defPlus",
              "value": 37
            },
            {
              "key": "cpct",
              "value": 9.3
            },
            {
              "key": "atk",
              "value": 11.7
            }
          ]
        },
        "5": {
          "name": "无常之面",
          "level": 20,
          "star": 5,
          "main": {
            "key": "cdmg",
            "value": 62.2
          },
          "attrs": [
            {
              "key": "atk",
              "value": 14.6
            },
            {
              "key": "hp",
              "value": 4.7
            },
            {
              "key": "atkPlus",
              "value": 19
            },
            {
              "key": "cpct",
              "value": 10.1
            }
          ]
        }
      },
      "_source": "enka",
      "_time": 1675309134203,
      "_update": 1677558999996,
      "_talent": 1677558999996
    },
    "10000030": {
      "name": "钟离",
      "id": 10000030,
      "elem": "geo",
      "level": 90,
      "promote": 6,
      "fetter": 10,
      "costume": 0,
      "cons": 1,
      "talent": {
        "a": 10,
        "e": 10,
        "q": 10
      },
      "weapon": {
        "name": "和璞鸢",
        "level": 90,
        "promote": 5,
        "affix": 2
      },
      "artis": {
        "1": {
          "name": "角斗士的留恋",
          "level": 20,
          "star": 5,
          "main": {
            "key": "hpPlus",
            "value": 4780
          },
          "attrs": [
            {
              "key": "cpct",
              "value": 15.2
            },
            {
              "key": "recharge",
              "value": 6.5
            },
            {
              "key": "cdmg",
              "value": 13.2
            },
            {
              "key": "mastery",
              "value": 21
            }
          ]
        },
        "2": {
          "name": "嵯峨群峰之翼",
          "level": 20,
          "star": 5,
          "main": {
            "key": "atkPlus",
            "value": 311
          },
          "attrs": [
            {
              "key": "hpPlus",
              "value": 508
            },
            {
              "key": "mastery",
              "value": 44
            },
            {
              "key": "cdmg",
              "value": 19.4
            },
            {
              "key": "cpct",
              "value": 2.7
            }
          ]
        },
        "3": {
          "name": "凝结的时刻",
          "level": 20,
          "star": 5,
          "main": {
            "key": "atk",
            "value": 46.6
          },
          "attrs": [
            {
              "key": "cdmg",
              "value": 20.2
            },
            {
              "key": "mastery",
              "value": 23
            },
            {
              "key": "atkPlus",
              "value": 66
            },
            {
              "key": "cpct",
              "value": 3.9
            }
          ]
        },
        "4": {
          "name": "巉岩琢塑之樽",
          "level": 20,
          "star": 5,
          "main": {
            "key": "geo",
            "value": 46.6
          },
          "attrs": [
            {
              "key": "hpPlus",
              "value": 239
            },
            {
              "key": "cpct",
              "value": 9.7
            },
            {
              "key": "defPlus",
              "value": 16
            },
            {
              "key": "atkPlus",
              "value": 54
            }
          ]
        },
        "5": {
          "name": "角斗士的凯旋",
          "level": 20,
          "star": 5,
          "main": {
            "key": "cdmg",
            "value": 62.2
          },
          "attrs": [
            {
              "key": "defPlus",
              "value": 53
            },
            {
              "key": "atk",
              "value": 16.9
            },
            {
              "key": "cpct",
              "value": 5.8
            },
            {
              "key": "hpPlus",
              "value": 299
            }
          ]
        }
      },
      "_source": "enka",
      "_time": 1675309134203,
      "_update": 1677558999996,
      "_talent": 1677558999996
    },
    "10000038": {
      "name": "阿贝多",
      "id": 10000038,
      "elem": "geo",
      "level": 80,
      "promote": 5,
      "fetter": 9,
      "costume": 0,
      "cons": 1,
      "talent": {
        "a": 3,
        "e": 8,
        "q": 7
      },
      "weapon": {
        "name": "辰砂之纺锤",
        "level": 80,
        "promote": 5,
        "affix": 5
      },
      "artis": {
        "1": {
          "name": "荣花之期",
          "level": 20,
          "star": 5,
          "main": {
            "key": "hpPlus",
            "value": 4780
          },
          "attrs": [
            {
              "key": "atkPlus",
              "value": 68
            },
            {
              "key": "recharge",
              "value": 10.4
            },
            {
              "key": "atk",
              "value": 5.8
            },
            {
              "key": "def",
              "value": 5.1
            }
          ]
        },
        "2": {
          "name": "华馆之羽",
          "level": 20,
          "star": 5,
          "main": {
            "key": "atkPlus",
            "value": 311
          },
          "attrs": [
            {
              "key": "mastery",
              "value": 58
            },
            {
              "key": "hpPlus",
              "value": 538
            },
            {
              "key": "cpct",
              "value": 7.8
            },
            {
              "key": "cdmg",
              "value": 7.8
            }
          ]
        },
        "3": {
          "name": "众生之谣",
          "level": 20,
          "star": 5,
          "main": {
            "key": "recharge",
            "value": 51.8
          },
          "attrs": [
            {
              "key": "atkPlus",
              "value": 16
            },
            {
              "key": "cdmg",
              "value": 18.7
            },
            {
              "key": "mastery",
              "value": 51
            },
            {
              "key": "hp",
              "value": 9.9
            }
          ]
        },
        "4": {
          "name": "盟誓金爵",
          "level": 20,
          "star": 5,
          "main": {
            "key": "geo",
            "value": 46.6
          },
          "attrs": [
            {
              "key": "cpct",
              "value": 8.2
            },
            {
              "key": "recharge",
              "value": 5.2
            },
            {
              "key": "hpPlus",
              "value": 717
            },
            {
              "key": "hp",
              "value": 10.5
            }
          ]
        },
        "5": {
          "name": "形骸之笠",
          "level": 20,
          "star": 5,
          "main": {
            "key": "cpct",
            "value": 31.1
          },
          "attrs": [
            {
              "key": "recharge",
              "value": 11
            },
            {
              "key": "atk",
              "value": 4.7
            },
            {
              "key": "mastery",
              "value": 42
            },
            {
              "key": "def",
              "value": 19.7
            }
          ]
        }
      },
      "_source": "enka",
      "_time": 1675309134205,
      "_update": 1677558999997,
      "_talent": 1677558999997
    },
    "10000049": {
      "name": "宵宫",
      "id": 10000049,
      "elem": "pyro",
      "level": 90,
      "promote": 6,
      "fetter": 10,
      "costume": 0,
      "cons": 0,
      "talent": {
        "a": 8,
        "e": 8,
        "q": 3
      },
      "weapon": {
        "name": "弓藏",
        "level": 90,
        "promote": 6,
        "affix": 2
      },
      "artis": {
        "2": {
          "name": "思忆之矢",
          "level": 9,
          "star": 5,
          "main": {
            "key": "atkPlus",
            "value": 166
          },
          "attrs": [
            {
              "key": "cdmg",
              "value": 5.4
            },
            {
              "key": "mastery",
              "value": 40
            },
            {
              "key": "defPlus",
              "value": 23
            },
            {
              "key": "cpct",
              "value": 6.6
            }
          ]
        }
      },
      "_source": "enka",
      "_time": 1675309134206,
      "_update": 1677558999997,
      "_talent": 1677558999997
    },
    "10000051": {
      "name": "优菈",
      "id": 10000051,
      "elem": "cryo",
      "level": 80,
      "promote": 5,
      "fetter": 5,
      "costume": 0,
      "cons": 0,
      "talent": {
        "a": 8,
        "e": 7,
        "q": 8
      },
      "weapon": {
        "name": "雪葬的星银",
        "level": 90,
        "promote": 6,
        "affix": 1
      },
      "artis": {
        "1": {
          "name": "无垢之花",
          "level": 20,
          "star": 5,
          "main": {
            "key": "hpPlus",
            "value": 4780
          },
          "attrs": [
            {
              "key": "atkPlus",
              "value": 37
            },
            {
              "key": "mastery",
              "value": 19
            },
            {
              "key": "cpct",
              "value": 14
            },
            {
              "key": "cdmg",
              "value": 7.8
            }
          ]
        },
        "2": {
          "name": "贤医之羽",
          "level": 20,
          "star": 5,
          "main": {
            "key": "atkPlus",
            "value": 311
          },
          "attrs": [
            {
              "key": "recharge",
              "value": 14.9
            },
            {
              "key": "mastery",
              "value": 21
            },
            {
              "key": "cpct",
              "value": 3.1
            },
            {
              "key": "cdmg",
              "value": 21
            }
          ]
        },
        "3": {
          "name": "角斗士的希冀",
          "level": 20,
          "star": 5,
          "main": {
            "key": "atk",
            "value": 46.6
          },
          "attrs": [
            {
              "key": "cdmg",
              "value": 14.8
            },
            {
              "key": "mastery",
              "value": 56
            },
            {
              "key": "recharge",
              "value": 11.7
            },
            {
              "key": "atkPlus",
              "value": 33
            }
          ]
        },
        "4": {
          "name": "绯花之壶",
          "level": 20,
          "star": 5,
          "main": {
            "key": "phy",
            "value": 58.3
          },
          "attrs": [
            {
              "key": "defPlus",
              "value": 65
            },
            {
              "key": "atk",
              "value": 14
            },
            {
              "key": "cdmg",
              "value": 6.2
            },
            {
              "key": "hpPlus",
              "value": 299
            }
          ]
        },
        "5": {
          "name": "角斗士的凯旋",
          "level": 20,
          "star": 5,
          "main": {
            "key": "atk",
            "value": 46.6
          },
          "attrs": [
            {
              "key": "defPlus",
              "value": 46
            },
            {
              "key": "hpPlus",
              "value": 209
            },
            {
              "key": "cdmg",
              "value": 20.2
            },
            {
              "key": "recharge",
              "value": 11.7
            }
          ]
        }
      },
      "_source": "enka",
      "_time": 1675309134287,
      "_update": 1677558999997,
      "_talent": 1677558999997
    },
    "10000060": {
      "name": "夜兰",
      "id": 10000060,
      "elem": "hydro",
      "level": 80,
      "promote": 5,
      "fetter": 9,
      "costume": 0,
      "cons": 0,
      "talent": {
        "a": 3,
        "e": 6,
        "q": 7
      },
      "weapon": {
        "name": "落霞",
        "level": 80,
        "promote": 5,
        "affix": 5
      },
      "artis": {
        "4": {
          "name": "吟游者之壶",
          "level": 20,
          "star": 5,
          "main": {
            "key": "hydro",
            "value": 46.6
          },
          "attrs": [
            {
              "key": "cdmg",
              "value": 19.4
            },
            {
              "key": "atkPlus",
              "value": 53
            },
            {
              "key": "hpPlus",
              "value": 418
            },
            {
              "key": "def",
              "value": 7.3
            }
          ]
        }
      },
      "_source": "enka",
      "_time": 1675309134204,
      "_update": 1677558999997,
      "_talent": 1677558999997
    },
    "10000075": {
      "name": "流浪者",
      "id": 10000075,
      "elem": "anemo",
      "level": 80,
      "promote": 5,
      "fetter": 7,
      "costume": 0,
      "cons": 0,
      "talent": {
        "a": 8,
        "e": 8,
        "q": 8
      },
      "weapon": {
        "name": "流浪乐章",
        "level": 60,
        "promote": 3,
        "affix": 2
      },
      "artis": {
        "1": {
          "name": "众王之都的开端",
          "level": 20,
          "star": 5,
          "main": {
            "key": "hpPlus",
            "value": 4780
          },
          "attrs": [
            {
              "key": "cdmg",
              "value": 11.7
            },
            {
              "key": "cpct",
              "value": 5.8
            },
            {
              "key": "atk",
              "value": 9.3
            },
            {
              "key": "defPlus",
              "value": 42
            }
          ]
        },
        "2": {
          "name": "黄金邦国的结末",
          "level": 20,
          "star": 5,
          "main": {
            "key": "atkPlus",
            "value": 311
          },
          "attrs": [
            {
              "key": "recharge",
              "value": 27.2
            },
            {
              "key": "cpct",
              "value": 3.5
            },
            {
              "key": "def",
              "value": 5.8
            },
            {
              "key": "hp",
              "value": 5.3
            }
          ]
        },
        "3": {
          "name": "失落迷途的机芯",
          "level": 20,
          "star": 5,
          "main": {
            "key": "atk",
            "value": 46.6
          },
          "attrs": [
            {
              "key": "recharge",
              "value": 10.4
            },
            {
              "key": "atkPlus",
              "value": 54
            },
            {
              "key": "cpct",
              "value": 6.6
            },
            {
              "key": "hp",
              "value": 5.8
            }
          ]
        },
        "4": {
          "name": "染血骑士之杯",
          "level": 20,
          "star": 5,
          "main": {
            "key": "atk",
            "value": 46.6
          },
          "attrs": [
            {
              "key": "atkPlus",
              "value": 45
            },
            {
              "key": "hpPlus",
              "value": 478
            },
            {
              "key": "cpct",
              "value": 5.8
            },
            {
              "key": "cdmg",
              "value": 14
            }
          ]
        },
        "5": {
          "name": "流沙贵嗣的遗宝",
          "level": 20,
          "star": 5,
          "main": {
            "key": "cdmg",
            "value": 62.2
          },
          "attrs": [
            {
              "key": "hpPlus",
              "value": 269
            },
            {
              "key": "atk",
              "value": 10.5
            },
            {
              "key": "mastery",
              "value": 107
            },
            {
              "key": "atkPlus",
              "value": 16
            }
          ]
        }
      },
      "_source": "enka",
      "_time": 1675309134201,
      "_update": 1677558999997,
      "_talent": 1677558999997
    }
  },
  "chars": {
    "10000016": {
      "id": 10000016,
      "name": "迪卢克",
      "elem": "pyro",
      "level": 80,
      "promote": 5,
      "fetter": 8,
      "costume": 0,
      "cons": 1,
      "talent": {
        "a": 7,
        "e": 6,
        "q": 7
      },
      "attr": {
        "atk": 1156.0717151988938,
        "atkBase": 749.793701171875,
        "def": 728.66943359375,
        "defBase": 691.639404296875,
        "hp": 14275.576171875,
        "hpBase": 11452.546875,
        "mastery": 37.30000305175781,
        "recharge": 172.9131817817688,
        "heal": 5.400000140070915,
        "cpct": 26.010000705718994,
        "cdmg": 69.42000389099121,
        "dmg": 46.59999907016754,
        "phy": 0
      },
      "weapon": {
        "name": "西风大剑",
        "star": 4,
        "level": 90,
        "promote": 6,
        "affix": 4
      },
      "artis": {
        "3": {
          "name": "金铜时晷",
          "set": "千岩牢固",
          "level": 20,
          "main": {
            "key": "atk",
            "value": 46.6
          },
          "attrs": [
            {
              "key": "cpct",
              "value": 6.6
            },
            {
              "key": "hp",
              "value": 18.7
            },
            {
              "key": "atkPlus",
              "value": 18
            },
            {
              "key": "defPlus",
              "value": 37
            }
          ]
        },
        "4": {
          "name": "祈望之心",
          "set": "追忆之注连",
          "level": 20,
          "main": {
            "key": "pyro",
            "value": 46.6
          },
          "attrs": [
            {
              "key": "cdmg",
              "value": 19.4
            },
            {
              "key": "recharge",
              "value": 6.5
            },
            {
              "key": "hpPlus",
              "value": 687
            },
            {
              "key": "mastery",
              "value": 21
            }
          ]
        },
        "5": {
          "name": "角斗士的凯旋",
          "set": "角斗士的终幕礼",
          "level": 1,
          "main": {
            "key": "heal",
            "value": 5.4
          },
          "attrs": [
            {
              "key": "recharge",
              "value": 5.2
            },
            {
              "key": "atk",
              "value": 5.3
            },
            {
              "key": "mastery",
              "value": 16
            },
            {}
          ]
        }
      },
      "dataSource": "enka",
      "_time": 1675309134206
    },
    "10000026": {
      "id": 10000026,
      "name": "魈",
      "elem": "anemo",
      "level": 80,
      "promote": 5,
      "fetter": 6,
      "costume": 0,
      "cons": 0,
      "talent": {
        "a": 8,
        "e": 6,
        "q": 6
      },
      "attr": {
        "atk": 2424.851023462863,
        "atkBase": 982.4263916015625,
        "def": 802.4110107421875,
        "defBase": 705.2009887695312,
        "hp": 17302.69921875,
        "hpBase": 11236.4609375,
        "mastery": 0,
        "recharge": 129.7800064086914,
        "heal": 0,
        "cpct": 74.50120449066162,
        "cdmg": 159.60999727249146,
        "dmg": 46.59999907016754,
        "phy": 0
      },
      "weapon": {
        "name": "和璞鸢",
        "star": 5,
        "level": 90,
        "promote": 6,
        "affix": 2
      },
      "artis": {
        "1": {
          "name": "角斗士的留恋",
          "set": "角斗士的终幕礼",
          "level": 20,
          "main": {
            "key": "hpPlus",
            "value": 4780
          },
          "attrs": [
            {
              "key": "atkPlus",
              "value": 27
            },
            {
              "key": "cpct",
              "value": 3.9
            },
            {
              "key": "cdmg",
              "value": 26.4
            },
            {
              "key": "recharge",
              "value": 5.8
            }
          ]
        },
        "2": {
          "name": "思忆之矢",
          "set": "追忆之注连",
          "level": 20,
          "main": {
            "key": "atkPlus",
            "value": 311
          },
          "attrs": [
            {
              "key": "cdmg",
              "value": 21
            },
            {
              "key": "hp",
              "value": 4.7
            },
            {
              "key": "defPlus",
              "value": 39
            },
            {
              "key": "recharge",
              "value": 9.7
            }
          ]
        },
        "3": {
          "name": "角斗士的希冀",
          "set": "角斗士的终幕礼",
          "level": 20,
          "main": {
            "key": "atk",
            "value": 46.6
          },
          "attrs": [
            {
              "key": "atkPlus",
              "value": 16
            },
            {
              "key": "cpct",
              "value": 9.7
            },
            {
              "key": "defPlus",
              "value": 21
            },
            {
              "key": "recharge",
              "value": 14.2
            }
          ]
        },
        "4": {
          "name": "吟游者之壶",
          "set": "流浪大地的乐团",
          "level": 20,
          "main": {
            "key": "anemo",
            "value": 46.6
          },
          "attrs": [
            {
              "key": "hpPlus",
              "value": 239
            },
            {
              "key": "defPlus",
              "value": 37
            },
            {
              "key": "cpct",
              "value": 9.3
            },
            {
              "key": "atk",
              "value": 11.7
            }
          ]
        },
        "5": {
          "name": "无常之面",
          "set": "追忆之注连",
          "level": 20,
          "main": {
            "key": "cdmg",
            "value": 62.2
          },
          "attrs": [
            {
              "key": "atk",
              "value": 14.6
            },
            {
              "key": "hp",
              "value": 4.7
            },
            {
              "key": "atkPlus",
              "value": 19
            },
            {
              "key": "cpct",
              "value": 10.1
            }
          ]
        }
      },
      "dataSource": "enka",
      "_time": 1675309134203
    },
    "10000030": {
      "id": 10000030,
      "name": "钟离",
      "elem": "geo",
      "level": 90,
      "promote": 6,
      "fetter": 10,
      "costume": 0,
      "cons": 1,
      "talent": {
        "a": 10,
        "e": 10,
        "q": 10
      },
      "attr": {
        "atk": 1958.0770111980964,
        "atkBase": 1040.98779296875,
        "def": 807.252197265625,
        "defBase": 737.8121948242188,
        "hp": 20520.72265625,
        "hpBase": 14695.09375,
        "mastery": 88.58000183105469,
        "recharge": 140.00000953674316,
        "heal": 0,
        "cpct": 50.32000541687012,
        "cdmg": 165.0399923324585,
        "dmg": 90.3999924659729,
        "phy": 0
      },
      "weapon": {
        "name": "和璞鸢",
        "star": 5,
        "level": 90,
        "promote": 5,
        "affix": 2
      },
      "artis": {
        "1": {
          "name": "角斗士的留恋",
          "set": "角斗士的终幕礼",
          "level": 20,
          "main": {
            "key": "hpPlus",
            "value": 4780
          },
          "attrs": [
            {
              "key": "cpct",
              "value": 15.2
            },
            {
              "key": "recharge",
              "value": 6.5
            },
            {
              "key": "cdmg",
              "value": 13.2
            },
            {
              "key": "mastery",
              "value": 21
            }
          ]
        },
        "2": {
          "name": "嵯峨群峰之翼",
          "set": "悠古的磐岩",
          "level": 20,
          "main": {
            "key": "atkPlus",
            "value": 311
          },
          "attrs": [
            {
              "key": "hpPlus",
              "value": 508
            },
            {
              "key": "mastery",
              "value": 44
            },
            {
              "key": "cdmg",
              "value": 19.4
            },
            {
              "key": "cpct",
              "value": 2.7
            }
          ]
        },
        "3": {
          "name": "凝结的时刻",
          "set": "乐园遗落之花",
          "level": 20,
          "main": {
            "key": "atk",
            "value": 46.6
          },
          "attrs": [
            {
              "key": "cdmg",
              "value": 20.2
            },
            {
              "key": "mastery",
              "value": 23
            },
            {
              "key": "atkPlus",
              "value": 66
            },
            {
              "key": "cpct",
              "value": 3.9
            }
          ]
        },
        "4": {
          "name": "巉岩琢塑之樽",
          "set": "悠古的磐岩",
          "level": 20,
          "main": {
            "key": "geo",
            "value": 46.6
          },
          "attrs": [
            {
              "key": "hpPlus",
              "value": 239
            },
            {
              "key": "cpct",
              "value": 9.7
            },
            {
              "key": "defPlus",
              "value": 16
            },
            {
              "key": "atkPlus",
              "value": 54
            }
          ]
        },
        "5": {
          "name": "角斗士的凯旋",
          "set": "角斗士的终幕礼",
          "level": 20,
          "main": {
            "key": "cdmg",
            "value": 62.2
          },
          "attrs": [
            {
              "key": "defPlus",
              "value": 53
            },
            {
              "key": "atk",
              "value": 16.9
            },
            {
              "key": "cpct",
              "value": 5.8
            },
            {
              "key": "hpPlus",
              "value": 299
            }
          ]
        }
      },
      "dataSource": "enka",
      "_time": 1675309134203
    },
    "10000038": {
      "id": 10000038,
      "name": "阿贝多",
      "elem": "geo",
      "level": 80,
      "promote": 5,
      "fetter": 9,
      "costume": 0,
      "cons": 1,
      "talent": {
        "a": 3,
        "e": 8,
        "q": 7
      },
      "attr": {
        "atk": 1082.1459678758692,
        "atkBase": 622.233642578125,
        "def": 1682.729736328125,
        "defBase": 773.0087890625,
        "hp": 20083.79296875,
        "hpBase": 11668.6318359375,
        "mastery": 151.52999877929688,
        "recharge": 178.3500075340271,
        "heal": 0,
        "cpct": 52.03999876976013,
        "cdmg": 76.419997215271,
        "dmg": 68.19999814033508,
        "phy": 0
      },
      "weapon": {
        "name": "辰砂之纺锤",
        "star": 4,
        "level": 80,
        "promote": 5,
        "affix": 5
      },
      "artis": {
        "1": {
          "name": "荣花之期",
          "set": "华馆梦醒形骸记",
          "level": 20,
          "main": {
            "key": "hpPlus",
            "value": 4780
          },
          "attrs": [
            {
              "key": "atkPlus",
              "value": 68
            },
            {
              "key": "recharge",
              "value": 10.4
            },
            {
              "key": "atk",
              "value": 5.8
            },
            {
              "key": "def",
              "value": 5.1
            }
          ]
        },
        "2": {
          "name": "华馆之羽",
          "set": "华馆梦醒形骸记",
          "level": 20,
          "main": {
            "key": "atkPlus",
            "value": 311
          },
          "attrs": [
            {
              "key": "mastery",
              "value": 58
            },
            {
              "key": "hpPlus",
              "value": 538
            },
            {
              "key": "cpct",
              "value": 7.8
            },
            {
              "key": "cdmg",
              "value": 7.8
            }
          ]
        },
        "3": {
          "name": "众生之谣",
          "set": "华馆梦醒形骸记",
          "level": 20,
          "main": {
            "key": "recharge",
            "value": 51.8
          },
          "attrs": [
            {
              "key": "atkPlus",
              "value": 16
            },
            {
              "key": "cdmg",
              "value": 18.7
            },
            {
              "key": "mastery",
              "value": 51
            },
            {
              "key": "hp",
              "value": 9.9
            }
          ]
        },
        "4": {
          "name": "盟誓金爵",
          "set": "千岩牢固",
          "level": 20,
          "main": {
            "key": "geo",
            "value": 46.6
          },
          "attrs": [
            {
              "key": "cpct",
              "value": 8.2
            },
            {
              "key": "recharge",
              "value": 5.2
            },
            {
              "key": "hpPlus",
              "value": 717
            },
            {
              "key": "hp",
              "value": 10.5
            }
          ]
        },
        "5": {
          "name": "形骸之笠",
          "set": "华馆梦醒形骸记",
          "level": 20,
          "main": {
            "key": "cpct",
            "value": 31.1
          },
          "attrs": [
            {
              "key": "recharge",
              "value": 11
            },
            {
              "key": "atk",
              "value": 4.7
            },
            {
              "key": "mastery",
              "value": 42
            },
            {
              "key": "def",
              "value": 19.7
            }
          ]
        }
      },
      "dataSource": "enka",
      "_time": 1675309134205
    },
    "10000049": {
      "id": 10000049,
      "name": "宵宫",
      "elem": "pyro",
      "level": 90,
      "promote": 6,
      "fetter": 10,
      "costume": 0,
      "cons": 0,
      "talent": {
        "a": 8,
        "e": 8,
        "q": 3
      },
      "attr": {
        "atk": 1342.700891178727,
        "atkBase": 832.4967651367188,
        "def": 637.9935302734375,
        "defBase": 614.843505859375,
        "hp": 10164.1064453125,
        "hpBase": 10164.1064453125,
        "mastery": 39.62999725341797,
        "recharge": 100,
        "heal": 0,
        "cpct": 30.809998512268066,
        "cdmg": 55.44000267982483,
        "dmg": 0,
        "phy": 0
      },
      "weapon": {
        "name": "弓藏",
        "star": 4,
        "level": 90,
        "promote": 6,
        "affix": 2
      },
      "artis": {
        "2": {
          "name": "思忆之矢",
          "set": "追忆之注连",
          "level": 9,
          "main": {
            "key": "atkPlus",
            "value": 166
          },
          "attrs": [
            {
              "key": "cdmg",
              "value": 5.4
            },
            {
              "key": "mastery",
              "value": 40
            },
            {
              "key": "defPlus",
              "value": 23
            },
            {
              "key": "cpct",
              "value": 6.6
            }
          ]
        }
      },
      "dataSource": "enka",
      "_time": 1675309134206
    },
    "10000051": {
      "id": 10000051,
      "name": "优菈",
      "elem": "cryo",
      "level": 80,
      "promote": 5,
      "fetter": 5,
      "costume": 0,
      "cons": 0,
      "talent": {
        "a": 8,
        "e": 7,
        "q": 8
      },
      "attr": {
        "atk": 2332.4024716573767,
        "atkBase": 866.544921875,
        "def": 773.60205078125,
        "defBase": 662.4820556640625,
        "hp": 16956.51171875,
        "hpBase": 11668.6318359375,
        "mastery": 95.57999420166016,
        "recharge": 138.21001052856445,
        "heal": 0,
        "cpct": 22.110001742839813,
        "cdmg": 148.73000383377075,
        "dmg": 0,
        "phy": 117.7857756614685
      },
      "weapon": {
        "name": "雪葬的星银",
        "star": 4,
        "level": 90,
        "promote": 6,
        "affix": 1
      },
      "artis": {
        "1": {
          "name": "无垢之花",
          "set": "苍白之火",
          "level": 20,
          "main": {
            "key": "hpPlus",
            "value": 4780
          },
          "attrs": [
            {
              "key": "atkPlus",
              "value": 37
            },
            {
              "key": "mastery",
              "value": 19
            },
            {
              "key": "cpct",
              "value": 14
            },
            {
              "key": "cdmg",
              "value": 7.8
            }
          ]
        },
        "2": {
          "name": "贤医之羽",
          "set": "苍白之火",
          "level": 20,
          "main": {
            "key": "atkPlus",
            "value": 311
          },
          "attrs": [
            {
              "key": "recharge",
              "value": 14.9
            },
            {
              "key": "mastery",
              "value": 21
            },
            {
              "key": "cpct",
              "value": 3.1
            },
            {
              "key": "cdmg",
              "value": 21
            }
          ]
        },
        "3": {
          "name": "角斗士的希冀",
          "set": "角斗士的终幕礼",
          "level": 20,
          "main": {
            "key": "atk",
            "value": 46.6
          },
          "attrs": [
            {
              "key": "cdmg",
              "value": 14.8
            },
            {
              "key": "mastery",
              "value": 56
            },
            {
              "key": "recharge",
              "value": 11.7
            },
            {
              "key": "atkPlus",
              "value": 33
            }
          ]
        },
        "4": {
          "name": "绯花之壶",
          "set": "绝缘之旗印",
          "level": 20,
          "main": {
            "key": "phy",
            "value": 58.3
          },
          "attrs": [
            {
              "key": "defPlus",
              "value": 65
            },
            {
              "key": "atk",
              "value": 14
            },
            {
              "key": "cdmg",
              "value": 6.2
            },
            {
              "key": "hpPlus",
              "value": 299
            }
          ]
        },
        "5": {
          "name": "角斗士的凯旋",
          "set": "角斗士的终幕礼",
          "level": 20,
          "main": {
            "key": "atk",
            "value": 46.6
          },
          "attrs": [
            {
              "key": "defPlus",
              "value": 46
            },
            {
              "key": "hpPlus",
              "value": 209
            },
            {
              "key": "cdmg",
              "value": 20.2
            },
            {
              "key": "recharge",
              "value": 11.7
            }
          ]
        }
      },
      "dataSource": "enka",
      "_time": 1675309134287
    },
    "10000060": {
      "id": 10000060,
      "name": "夜兰",
      "elem": "hydro",
      "level": 80,
      "promote": 5,
      "fetter": 9,
      "costume": 0,
      "cons": 0,
      "talent": {
        "a": 3,
        "e": 6,
        "q": 7
      },
      "attr": {
        "atk": 764.4855766296387,
        "atkBase": 711.965576171875,
        "def": 518.7144775390625,
        "defBase": 483.46954345703125,
        "hp": 13167.3203125,
        "hpBase": 12749.060546875,
        "mastery": 0,
        "recharge": 127.93347835540771,
        "heal": 0,
        "cpct": 19.39999908208847,
        "cdmg": 69.42999958992004,
        "dmg": 46.59999907016754,
        "phy": 0
      },
      "weapon": {
        "name": "落霞",
        "star": 4,
        "level": 80,
        "promote": 5,
        "affix": 5
      },
      "artis": {
        "4": {
          "name": "吟游者之壶",
          "set": "流浪大地的乐团",
          "level": 20,
          "main": {
            "key": "hydro",
            "value": 46.6
          },
          "attrs": [
            {
              "key": "cdmg",
              "value": 19.4
            },
            {
              "key": "atkPlus",
              "value": 53
            },
            {
              "key": "hpPlus",
              "value": 418
            },
            {
              "key": "def",
              "value": 7.3
            }
          ]
        }
      },
      "dataSource": "enka",
      "_time": 1675309134204
    },
    "10000075": {
      "id": 10000075,
      "name": "流浪者",
      "elem": "anemo",
      "level": 80,
      "promote": 5,
      "fetter": 7,
      "costume": 0,
      "cons": 0,
      "talent": {
        "a": 8,
        "e": 8,
        "q": 8
      },
      "attr": {
        "atk": 1737.6428646683635,
        "atkBase": 615.8785400390625,
        "def": 608.5817260742188,
        "defBase": 535.6815185546875,
        "hp": 15488.056640625,
        "hpBase": 8967.560546875,
        "mastery": 107.22999572753906,
        "recharge": 137.5599980354309,
        "heal": 0,
        "cpct": 41.17000102996826,
        "cdmg": 178.4459948539734,
        "dmg": 15.000000596046448,
        "phy": 0
      },
      "weapon": {
        "name": "流浪乐章",
        "star": 4,
        "level": 60,
        "promote": 3,
        "affix": 2
      },
      "artis": {
        "1": {
          "name": "众王之都的开端",
          "set": "沙上楼阁史话",
          "level": 20,
          "main": {
            "key": "hpPlus",
            "value": 4780
          },
          "attrs": [
            {
              "key": "cdmg",
              "value": 11.7
            },
            {
              "key": "cpct",
              "value": 5.8
            },
            {
              "key": "atk",
              "value": 9.3
            },
            {
              "key": "defPlus",
              "value": 42
            }
          ]
        },
        "2": {
          "name": "黄金邦国的结末",
          "set": "沙上楼阁史话",
          "level": 20,
          "main": {
            "key": "atkPlus",
            "value": 311
          },
          "attrs": [
            {
              "key": "recharge",
              "value": 27.2
            },
            {
              "key": "cpct",
              "value": 3.5
            },
            {
              "key": "def",
              "value": 5.8
            },
            {
              "key": "hp",
              "value": 5.3
            }
          ]
        },
        "3": {
          "name": "失落迷途的机芯",
          "set": "沙上楼阁史话",
          "level": 20,
          "main": {
            "key": "atk",
            "value": 46.6
          },
          "attrs": [
            {
              "key": "recharge",
              "value": 10.4
            },
            {
              "key": "atkPlus",
              "value": 54
            },
            {
              "key": "cpct",
              "value": 6.6
            },
            {
              "key": "hp",
              "value": 5.8
            }
          ]
        },
        "4": {
          "name": "染血骑士之杯",
          "set": "染血的骑士道",
          "level": 20,
          "main": {
            "key": "atk",
            "value": 46.6
          },
          "attrs": [
            {
              "key": "atkPlus",
              "value": 45
            },
            {
              "key": "hpPlus",
              "value": 478
            },
            {
              "key": "cpct",
              "value": 5.8
            },
            {
              "key": "cdmg",
              "value": 14
            }
          ]
        },
        "5": {
          "name": "流沙贵嗣的遗宝",
          "set": "沙上楼阁史话",
          "level": 20,
          "main": {
            "key": "cdmg",
            "value": 62.2
          },
          "attrs": [
            {
              "key": "hpPlus",
              "value": 269
            },
            {
              "key": "atk",
              "value": 10.5
            },
            {
              "key": "mastery",
              "value": 107
            },
            {
              "key": "atkPlus",
              "value": 16
            }
          ]
        }
      },
      "dataSource": "enka",
      "_time": 1675309134201
    }
  }
}