{
  "uid": "508214620",
  "name": "",
  "level": "",
  "word": "",
  "face": "",
  "card": "",
  "sign": "",
  "info": false,
  "_profile": 1677907140995,
  "avatars": {
    "10000002": {
      "name": "神里绫华",
      "id": 10000002,
      "elem": "cryo",
      "level": 90,
      "promote": 6,
      "fetter": 10,
      "costume": 0,
      "cons": 0,
      "talent": {
        "a": 10,
        "e": 9,
        "q": 10
      },
      "weapon": {
        "name": "天目影打刀",
        "level": 90,
        "promote": 6,
        "affix": 3
      },
      "artis": {
        "1": {
          "name": "历经风雪的思念",
          "level": 20,
          "star": 5,
          "mainId": 14001,
          "attrIds": [
            501083,
            501204,
            501222,
            501031,
            501221,
            501201,
            501222,
            501223
          ]
        },
        "2": {
          "name": "摧冰而行的执望",
          "level": 20,
          "star": 5,
          "mainId": 12001,
          "attrIds": [
            501024,
            501233,
            501064,
            501221,
            501061,
            501063,
            501224,
            501222,
            501021
          ]
        },
        "3": {
          "name": "冰雪故园的终期",
          "level": 20,
          "star": 5,
          "mainId": 10004,
          "attrIds": [
            501021,
            501221,
            501243,
            501051,
            501053,
            501224,
            501223,
            501241
          ]
        },
        "4": {
          "name": "沉波之盏",
          "level": 20,
          "star": 5,
          "mainId": 15010,
          "attrIds": [
            501223,
            501241,
            501033,
            501081,
            501243,
            501081,
            501224,
            501033,
            501221
          ]
        },
        "5": {
          "name": "破冰踏雪的回音",
          "level": 20,
          "star": 5,
          "mainId": 13008,
          "attrIds": [
            501082,
            501203,
            501024,
            501051,
            501052,
            501201,
            501201,
            501022
          ]
        }
      },
      "_source": "enka",
      "_time": 1677907140992,
      "_update": 1677907140992,
      "_talent": 1677907140992
    },
    "10000022": {
      "name": "温迪",
      "id": 10000022,
      "elem": "anemo",
      "level": 90,
      "promote": 6,
      "fetter": 9,
      "costume": 0,
      "cons": 0,
      "talent": {
        "a": 3,
        "e": 7,
        "q": 10
      },
      "weapon": {
        "name": "绝弦",
        "level": 90,
        "promote": 6,
        "affix": 2
      },
      "artis": {
        "1": {
          "name": "野花记忆的绿野",
          "level": 20,
          "star": 5,
          "mainId": 14001,
          "attrIds": [
            501034,
            501244,
            501204,
            501092,
            501242,
            501201,
            501243,
            501201
          ]
        },
        "2": {
          "name": "猎人青翠的箭羽",
          "level": 20,
          "star": 5,
          "mainId": 12001,
          "attrIds": [
            501222,
            501202,
            501091,
            501022,
            501223,
            501223,
            501024,
            501202
          ]
        },
        "3": {
          "name": "翠绿猎人的笃定",
          "level": 20,
          "star": 5,
          "mainId": 10004,
          "attrIds": [
            501201,
            501021,
            501224,
            501232,
            501221,
            501202,
            501231,
            501222
          ]
        },
        "4": {
          "name": "吟游者之壶",
          "level": 20,
          "star": 5,
          "mainId": 15012,
          "attrIds": [
            501024,
            501233,
            501093,
            501222,
            501221,
            501224,
            501023,
            501231,
            501092
          ]
        },
        "5": {
          "name": "翠绿的猎人之冠",
          "level": 20,
          "star": 5,
          "mainId": 13007,
          "attrIds": [
            501032,
            501061,
            501221,
            501092,
            501063,
            501034,
            501221,
            501063,
            501092
          ]
        }
      },
      "_source": "enka",
      "_time": 1677907140991,
      "_update": 1677907140991,
      "_talent": 1677907140991
    },
    "10000030": {
      "name": "钟离",
      "id": 10000030,
      "elem": "geo",
      "level": 90,
      "promote": 6,
      "fetter": 10,
      "costume": 0,
      "cons": 0,
      "talent": {
        "a": 1,
        "e": 10,
        "q": 9
      },
      "weapon": {
        "name": "黑缨枪",
        "level": 90,
        "promote": 6,
        "affix": 5
      },
      "artis": {
        "1": {
          "name": "勋绩之花",
          "level": 20,
          "star": 5,
          "mainId": 14001,
          "attrIds": [
            501052,
            501201,
            501231,
            501033,
            501201,
            501231,
            501032,
            501201
          ]
        },
        "2": {
          "name": "昭武翎羽",
          "level": 20,
          "star": 5,
          "mainId": 12001,
          "attrIds": [
            501084,
            501234,
            501204,
            501224,
            501083,
            501202,
            501222,
            501203,
            501234
          ]
        },
        "3": {
          "name": "金铜时晷",
          "level": 20,
          "star": 5,
          "mainId": 10002,
          "attrIds": [
            501052,
            501202,
            501234,
            501024,
            501023,
            501231,
            501232,
            501233
          ]
        },
        "4": {
          "name": "盟誓金爵",
          "level": 20,
          "star": 5,
          "mainId": 15002,
          "attrIds": [
            501222,
            501202,
            501024,
            501232,
            501203,
            501221,
            501201,
            501221
          ]
        },
        "5": {
          "name": "无常之面",
          "level": 20,
          "star": 5,
          "mainId": 13008,
          "attrIds": [
            501231,
            501204,
            501031,
            501052,
            501031,
            501034,
            501234,
            501031,
            501053
          ]
        }
      },
      "_source": "enka",
      "_time": 1677907140991,
      "_update": 1677907140991,
      "_talent": 1677907140991
    },
    "10000035": {
      "name": "七七",
      "id": 10000035,
      "elem": "cryo",
      "level": 90,
      "promote": 6,
      "fetter": 9,
      "costume": 0,
      "cons": 3,
      "talent": {
        "a": 2,
        "e": 7,
        "q": 8
      },
      "weapon": {
        "name": "西风剑",
        "level": 80,
        "promote": 5,
        "affix": 2
      },
      "artis": {
        "1": {
          "name": "远方的少女之心",
          "level": 20,
          "star": 5,
          "mainId": 14001,
          "attrIds": [
            501092,
            501203,
            501063,
            501234,
            501201,
            501094,
            501064,
            501093,
            501201
          ]
        },
        "2": {
          "name": "少女飘摇的思念",
          "level": 20,
          "star": 5,
          "mainId": 12001,
          "attrIds": [
            501232,
            501244,
            501224,
            501093,
            501234,
            501241,
            501091,
            501224
          ]
        },
        "3": {
          "name": "朝露之时",
          "level": 20,
          "star": 5,
          "mainId": 10004,
          "attrIds": [
            501032,
            501204,
            501021,
            501241,
            501021,
            501204,
            501204,
            501034
          ]
        },
        "4": {
          "name": "绯花之壶",
          "level": 20,
          "star": 5,
          "mainId": 15013,
          "attrIds": [
            501202,
            501231,
            501223,
            501054,
            501203,
            501202,
            501223,
            501231
          ]
        },
        "5": {
          "name": "无常之面",
          "level": 20,
          "star": 5,
          "mainId": 13004,
          "attrIds": [
            501203,
            501022,
            501222,
            501244,
            501242,
            501201,
            501222,
            501201
          ]
        }
      },
      "_source": "enka",
      "_time": 1677907140990,
      "_update": 1677907140990,
      "_talent": 1677907140990
    },
    "10000037": {
      "name": "甘雨",
      "id": 10000037,
      "elem": "cryo",
      "level": 90,
      "promote": 6,
      "fetter": 7,
      "costume": 0,
      "cons": 0,
      "talent": {
        "a": 10,
        "e": 3,
        "q": 9
      },
      "weapon": {
        "name": "破魔之弓",
        "level": 90,
        "promote": 6,
        "affix": 3
      },
      "artis": {
        "1": {
          "name": "乐团的晨光",
          "level": 20,
          "star": 5,
          "mainId": 14001,
          "attrIds": [
            501204,
            501222,
            501063,
            501093,
            501061,
            501201,
            501063,
            501061,
            501221
          ]
        },
        "2": {
          "name": "琴师的箭羽",
          "level": 20,
          "star": 5,
          "mainId": 12001,
          "attrIds": [
            501243,
            501224,
            501233,
            501082,
            501221,
            501224,
            501084,
            501221
          ]
        },
        "3": {
          "name": "雷云之笼",
          "level": 20,
          "star": 5,
          "mainId": 10004,
          "attrIds": [
            501083,
            501224,
            501202,
            501031,
            501031,
            501084,
            501221,
            501223
          ]
        },
        "4": {
          "name": "吟游者之壶",
          "level": 20,
          "star": 5,
          "mainId": 15010,
          "attrIds": [
            501063,
            501024,
            501094,
            501224,
            501021,
            501063,
            501094,
            501094,
            501221
          ]
        },
        "5": {
          "name": "指挥的礼帽",
          "level": 20,
          "star": 5,
          "mainId": 13007,
          "attrIds": [
            501082,
            501222,
            501022,
            501062,
            501223,
            501223,
            501222,
            501022,
            501021
          ]
        }
      },
      "_source": "enka",
      "_time": 1677907140993,
      "_update": 1677907140993,
      "_talent": 1677907140993
    },
    "10000049": {
      "name": "宵宫",
      "id": 10000049,
      "elem": "pyro",
      "level": 90,
      "promote": 6,
      "fetter": 10,
      "costume": 0,
      "cons": 1,
      "talent": {
        "a": 10,
        "e": 10,
        "q": 8
      },
      "weapon": {
        "name": "弓藏",
        "level": 90,
        "promote": 6,
        "affix": 5
      },
      "artis": {
        "1": {
          "name": "羁缠之花",
          "level": 20,
          "star": 5,
          "mainId": 14001,
          "attrIds": [
            501064,
            501224,
            501051,
            501204,
            501223,
            501202,
            501062,
            501223
          ]
        },
        "2": {
          "name": "思忆之矢",
          "level": 20,
          "star": 5,
          "mainId": 12001,
          "attrIds": [
            501203,
            501241,
            501222,
            501083,
            501201,
            501203,
            501242,
            501202,
            501243
          ]
        },
        "3": {
          "name": "朝露之时",
          "level": 20,
          "star": 5,
          "mainId": 10004,
          "attrIds": [
            501243,
            501022,
            501223,
            501032,
            501033,
            501224,
            501222,
            501244
          ]
        },
        "4": {
          "name": "祈望之心",
          "level": 20,
          "star": 5,
          "mainId": 15008,
          "attrIds": [
            501034,
            501221,
            501234,
            501201,
            501233,
            501221,
            501034,
            501034
          ]
        },
        "5": {
          "name": "沙王的投影",
          "level": 20,
          "star": 5,
          "mainId": 13008,
          "attrIds": [
            501084,
            501034,
            501203,
            501054,
            501081,
            501201,
            501202,
            501083,
            501051
          ]
        }
      },
      "_source": "enka",
      "_time": 1677907140992,
      "_update": 1677907140992,
      "_talent": 1677907140992
    },
    "10000052": {
      "name": "雷电将军",
      "id": 10000052,
      "elem": "electro",
      "level": 90,
      "promote": 6,
      "fetter": 5,
      "costume": 0,
      "cons": 0,
      "talent": {
        "a": 3,
        "e": 9,
        "q": 10
      },
      "weapon": {
        "name": "「渔获」",
        "level": 90,
        "promote": 6,
        "affix": 5
      },
      "artis": {
        "1": {
          "name": "明威之镡",
          "level": 20,
          "star": 5,
          "mainId": 14001,
          "attrIds": [
            501222,
            501202,
            501061,
            501094,
            501062,
            501062,
            501092,
            501223,
            501203
          ]
        },
        "2": {
          "name": "切落之羽",
          "level": 20,
          "star": 5,
          "mainId": 12001,
          "attrIds": [
            501243,
            501234,
            501223,
            501024,
            501224,
            501221,
            501243,
            501241,
            501223
          ]
        },
        "3": {
          "name": "雷云之笼",
          "level": 20,
          "star": 5,
          "mainId": 10007,
          "attrIds": [
            501244,
            501203,
            501084,
            501062,
            501062,
            501201,
            501244,
            501203
          ]
        },
        "4": {
          "name": "绯花之壶",
          "level": 20,
          "star": 5,
          "mainId": 15004,
          "attrIds": [
            501024,
            501202,
            501223,
            501082,
            501203,
            501201,
            501203,
            501023
          ]
        },
        "5": {
          "name": "华饰之兜",
          "level": 20,
          "star": 5,
          "mainId": 13007,
          "attrIds": [
            501233,
            501061,
            501222,
            501092,
            501223,
            501232,
            501061,
            501233
          ]
        }
      },
      "_source": "enka",
      "_time": 1677907140993,
      "_update": 1677907140993,
      "_talent": 1677907140993
    },
    "10000073": {
      "name": "纳西妲",
      "id": 10000073,
      "elem": "dendro",
      "level": 90,
      "promote": 6,
      "fetter": 9,
      "costume": 0,
      "cons": 0,
      "talent": {
        "a": 3,
        "e": 10,
        "q": 9
      },
      "weapon": {
        "name": "祭礼残章",
        "level": 90,
        "promote": 6,
        "affix": 5
      },
      "artis": {
        "1": {
          "name": "迷宫的游人",
          "level": 20,
          "star": 5,
          "mainId": 14001,
          "attrIds": [
            501062,
            501034,
            501221,
            501051,
            501224,
            501034,
            501054,
            501222,
            501052
          ]
        },
        "2": {
          "name": "翠蔓的智者",
          "level": 20,
          "star": 5,
          "mainId": 12001,
          "attrIds": [
            501034,
            501232,
            501202,
            501243,
            501231,
            501241,
            501243,
            501231
          ]
        },
        "3": {
          "name": "贤智的定期",
          "level": 20,
          "star": 5,
          "mainId": 10008,
          "attrIds": [
            501221,
            501064,
            501081,
            501054,
            501222,
            501081,
            501223,
            501084
          ]
        },
        "4": {
          "name": "迷误者之灯",
          "level": 20,
          "star": 5,
          "mainId": 15007,
          "attrIds": [
            501062,
            501054,
            501204,
            501022,
            501052,
            501051,
            501202,
            501203
          ]
        },
        "5": {
          "name": "少女易逝的芳颜",
          "level": 20,
          "star": 5,
          "mainId": 13010,
          "attrIds": [
            501053,
            501233,
            501203,
            501023,
            501021,
            501023,
            501202,
            501232
          ]
        }
      },
      "_source": "enka",
      "_time": 1677907140990,
      "_update": 1677907140990,
      "_talent": 1677907140990
    }
  },
  "chars": {
    "10000002": {
      "id": 10000002,
      "name": "神里绫华",
      "elem": "cryo",
      "level": 90,
      "promote": 6,
      "fetter": 10,
      "costume": 0,
      "cons": 0,
      "talent": {
        "a": 10,
        "e": 9,
        "q": 10
      },
      "attr": {
        "atk": 2067.4505173852376,
        "atkBase": 796.3882446289062,
        "def": 998.5066528320312,
        "defBase": 783.9254760742188,
        "hp": 20797.5625,
        "hpBase": 12858.20703125,
        "mastery": 37.29999923706055,
        "recharge": 115.5400037765503,
        "heal": 0,
        "cpct": 20.549999177455902,
        "cdmg": 227.53000259399414,
        "dmg": 61.59999966621399,
        "phy": 0
      },
      "weapon": {
        "name": "天目影打刀",
        "star": 4,
        "level": 90,
        "promote": 6,
        "affix": 3
      },
      "artis": {
        "1": {
          "name": "历经风雪的思念",
          "set": "冰风迷途的勇士",
          "level": 20,
          "main": {
            "key": "hpPlus",
            "value": 4780
          },
          "attrs": [
            {
              "key": "defPlus",
              "value": 21
            },
            {
              "key": "cpct",
              "value": 6.6
            },
            {
              "key": "cdmg",
              "value": 24.9
            },
            {
              "key": "hp",
              "value": 4.1
            }
          ]
        },
        "2": {
          "name": "摧冰而行的执望",
          "set": "冰风迷途的勇士",
          "level": 20,
          "main": {
            "key": "atkPlus",
            "value": 311
          },
          "attrs": [
            {
              "key": "hpPlus",
              "value": 508
            },
            {
              "key": "recharge",
              "value": 5.8
            },
            {
              "key": "atk",
              "value": 15.2
            },
            {
              "key": "cdmg",
              "value": 19.4
            }
          ]
        },
        "3": {
          "name": "冰雪故园的终期",
          "set": "冰风迷途的勇士",
          "level": 20,
          "main": {
            "key": "atk",
            "value": 46.6
          },
          "attrs": [
            {
              "key": "hpPlus",
              "value": 239
            },
            {
              "key": "recharge",
              "value": 9.7
            },
            {
              "key": "def",
              "value": 18.2
            },
            {
              "key": "cdmg",
              "value": 12.4
            }
          ]
        },
        "4": {
          "name": "沉波之盏",
          "set": "沉沦之心",
          "level": 20,
          "main": {
            "key": "cryo",
            "value": 46.6
          },
          "attrs": [
            {
              "key": "cdmg",
              "value": 20.2
            },
            {
              "key": "mastery",
              "value": 37
            },
            {
              "key": "hp",
              "value": 10.5
            },
            {
              "key": "defPlus",
              "value": 32
            }
          ]
        },
        "5": {
          "name": "破冰踏雪的回音",
          "set": "冰风迷途的勇士",
          "level": 20,
          "main": {
            "key": "cdmg",
            "value": 62.2
          },
          "attrs": [
            {
              "key": "defPlus",
              "value": 19
            },
            {
              "key": "cpct",
              "value": 8.9
            },
            {
              "key": "hpPlus",
              "value": 538
            },
            {
              "key": "atkPlus",
              "value": 29
            }
          ]
        }
      },
      "dataSource": "enka",
      "_time": 1675238918394
    },
    "10000022": {
      "id": 10000022,
      "name": "温迪",
      "elem": "anemo",
      "level": 90,
      "promote": 6,
      "fetter": 9,
      "costume": 0,
      "cons": 0,
      "talent": {
        "a": 3,
        "e": 7,
        "q": 10
      },
      "attr": {
        "atk": 1556.4412883643527,
        "atkBase": 772.7021484375,
        "def": 902.5333862304688,
        "defBase": 668.642333984375,
        "hp": 18344.73046875,
        "hpBase": 10531.4833984375,
        "mastery": 228.32400512695312,
        "recharge": 152.0699977874756,
        "heal": 0,
        "cpct": 57.48000144958496,
        "cdmg": 119.93999481201172,
        "dmg": 61.59999966621399,
        "phy": 0
      },
      "weapon": {
        "name": "绝弦",
        "star": 4,
        "level": 90,
        "promote": 6,
        "affix": 2
      },
      "artis": {
        "1": {
          "name": "野花记忆的绿野",
          "set": "翠绿之影",
          "level": 20,
          "main": {
            "key": "hpPlus",
            "value": 4780
          },
          "attrs": [
            {
              "key": "hp",
              "value": 5.8
            },
            {
              "key": "mastery",
              "value": 63
            },
            {
              "key": "cpct",
              "value": 9.3
            },
            {
              "key": "def",
              "value": 5.8
            }
          ]
        },
        "2": {
          "name": "猎人青翠的箭羽",
          "set": "翠绿之影",
          "level": 20,
          "main": {
            "key": "atkPlus",
            "value": 311
          },
          "attrs": [
            {
              "key": "cdmg",
              "value": 20.2
            },
            {
              "key": "cpct",
              "value": 6.2
            },
            {
              "key": "def",
              "value": 5.1
            },
            {
              "key": "hpPlus",
              "value": 538
            }
          ]
        },
        "3": {
          "name": "翠绿猎人的笃定",
          "set": "翠绿之影",
          "level": 20,
          "main": {
            "key": "atk",
            "value": 46.6
          },
          "attrs": [
            {
              "key": "cpct",
              "value": 5.8
            },
            {
              "key": "hpPlus",
              "value": 209
            },
            {
              "key": "cdmg",
              "value": 19.4
            },
            {
              "key": "recharge",
              "value": 9.7
            }
          ]
        },
        "4": {
          "name": "吟游者之壶",
          "set": "流浪大地的乐团",
          "level": 20,
          "main": {
            "key": "anemo",
            "value": 46.6
          },
          "attrs": [
            {
              "key": "hpPlus",
              "value": 568
            },
            {
              "key": "recharge",
              "value": 10.4
            },
            {
              "key": "def",
              "value": 12.4
            },
            {
              "key": "cdmg",
              "value": 19.4
            }
          ]
        },
        "5": {
          "name": "翠绿的猎人之冠",
          "set": "翠绿之影",
          "level": 20,
          "main": {
            "key": "cpct",
            "value": 31.1
          },
          "attrs": [
            {
              "key": "hp",
              "value": 10.5
            },
            {
              "key": "atk",
              "value": 14.6
            },
            {
              "key": "cdmg",
              "value": 10.9
            },
            {
              "key": "def",
              "value": 11.7
            }
          ]
        }
      },
      "dataSource": "enka",
      "_time": 1675238918392
    },
    "10000030": {
      "id": 10000030,
      "name": "钟离",
      "elem": "geo",
      "level": 90,
      "promote": 6,
      "fetter": 10,
      "costume": 0,
      "cons": 0,
      "talent": {
        "a": 1,
        "e": 10,
        "q": 9
      },
      "attr": {
        "atk": 980.7067260742188,
        "atkBase": 605.5167236328125,
        "def": 781.7921752929688,
        "defBase": 737.8121948242188,
        "hp": 47982.92578125,
        "hpBase": 14695.09375,
        "mastery": 0,
        "recharge": 160.23000478744507,
        "heal": 0,
        "cpct": 39.98999893665314,
        "cdmg": 143.28999519348145,
        "dmg": 28.79999876022339,
        "phy": 0
      },
      "weapon": {
        "name": "黑缨枪",
        "star": 3,
        "level": 90,
        "promote": 6,
        "affix": 5
      },
      "artis": {
        "1": {
          "name": "勋绩之花",
          "set": "千岩牢固",
          "level": 20,
          "main": {
            "key": "hpPlus",
            "value": 4780
          },
          "attrs": [
            {
              "key": "atkPlus",
              "value": 16
            },
            {
              "key": "cpct",
              "value": 8.2
            },
            {
              "key": "recharge",
              "value": 9.1
            },
            {
              "key": "hp",
              "value": 9.9
            }
          ]
        },
        "2": {
          "name": "昭武翎羽",
          "set": "千岩牢固",
          "level": 20,
          "main": {
            "key": "atkPlus",
            "value": 311
          },
          "attrs": [
            {
              "key": "defPlus",
              "value": 44
            },
            {
              "key": "recharge",
              "value": 13
            },
            {
              "key": "cpct",
              "value": 10.5
            },
            {
              "key": "cdmg",
              "value": 14
            }
          ]
        },
        "3": {
          "name": "金铜时晷",
          "set": "千岩牢固",
          "level": 20,
          "main": {
            "key": "hp",
            "value": 46.6
          },
          "attrs": [
            {
              "key": "atkPlus",
              "value": 16
            },
            {
              "key": "cpct",
              "value": 3.1
            },
            {
              "key": "recharge",
              "value": 22
            },
            {
              "key": "hpPlus",
              "value": 568
            }
          ]
        },
        "4": {
          "name": "盟誓金爵",
          "set": "千岩牢固",
          "level": 20,
          "main": {
            "key": "hp",
            "value": 46.6
          },
          "attrs": [
            {
              "key": "cdmg",
              "value": 17.1
            },
            {
              "key": "cpct",
              "value": 9.3
            },
            {
              "key": "hpPlus",
              "value": 299
            },
            {
              "key": "recharge",
              "value": 5.2
            }
          ]
        },
        "5": {
          "name": "无常之面",
          "set": "追忆之注连",
          "level": 20,
          "main": {
            "key": "cdmg",
            "value": 62.2
          },
          "attrs": [
            {
              "key": "recharge",
              "value": 11
            },
            {
              "key": "cpct",
              "value": 3.9
            },
            {
              "key": "hp",
              "value": 18.1
            },
            {
              "key": "atkPlus",
              "value": 33
            }
          ]
        }
      },
      "dataSource": "enka",
      "_time": 1675238918393
    },
    "10000035": {
      "id": 10000035,
      "name": "七七",
      "elem": "cryo",
      "level": 90,
      "promote": 6,
      "fetter": 8,
      "costume": 0,
      "cons": 2,
      "talent": {
        "a": 2,
        "e": 6,
        "q": 8
      },
      "attr": {
        "atk": 1967.5152785881655,
        "atkBase": 796.6199951171875,
        "def": 1431.5225830078125,
        "defBase": 922.2652587890625,
        "hp": 20743.77734375,
        "hpBase": 12368.37109375,
        "mastery": 205.01400756835938,
        "recharge": 154.9799919128418,
        "heal": 73.04999828338623,
        "cpct": 38.81999850273132,
        "cdmg": 72.52999544143677,
        "dmg": 0,
        "phy": 0
      },
      "weapon": {
        "name": "铁蜂刺",
        "star": 4,
        "level": 90,
        "promote": 6,
        "affix": 1
      },
      "artis": {
        "1": {
          "name": "远方的少女之心",
          "set": "被怜爱的少女",
          "level": 20,
          "main": {
            "key": "hpPlus",
            "value": 4780
          },
          "attrs": [
            {
              "key": "def",
              "value": 19.7
            },
            {
              "key": "cpct",
              "value": 8.9
            },
            {
              "key": "atk",
              "value": 11.1
            },
            {
              "key": "recharge",
              "value": 6.5
            }
          ]
        },
        "2": {
          "name": "少女飘摇的思念",
          "set": "被怜爱的少女",
          "level": 20,
          "main": {
            "key": "atkPlus",
            "value": 311
          },
          "attrs": [
            {
              "key": "recharge",
              "value": 11.7
            },
            {
              "key": "mastery",
              "value": 40
            },
            {
              "key": "cdmg",
              "value": 15.5
            },
            {
              "key": "def",
              "value": 11.7
            }
          ]
        },
        "3": {
          "name": "失落迷途的机芯",
          "set": "沙上楼阁史话",
          "level": 20,
          "main": {
            "key": "atk",
            "value": 46.6
          },
          "attrs": [
            {
              "key": "cpct",
              "value": 2.7
            },
            {
              "key": "def",
              "value": 21.9
            },
            {
              "key": "hp",
              "value": 20.4
            },
            {
              "key": "recharge",
              "value": 4.5
            }
          ]
        },
        "4": {
          "name": "绯花之壶",
          "set": "绝缘之旗印",
          "level": 20,
          "main": {
            "key": "atk",
            "value": 46.6
          },
          "attrs": [
            {
              "key": "hpPlus",
              "value": 568
            },
            {
              "key": "cpct",
              "value": 12.8
            },
            {
              "key": "cdmg",
              "value": 7
            },
            {
              "key": "defPlus",
              "value": 19
            }
          ]
        },
        "5": {
          "name": "华饰之兜",
          "set": "绝缘之旗印",
          "level": 20,
          "main": {
            "key": "heal",
            "value": 35.9
          },
          "attrs": [
            {
              "key": "atkPlus",
              "value": 29
            },
            {
              "key": "recharge",
              "value": 12.3
            },
            {
              "key": "cpct",
              "value": 9.3
            },
            {
              "key": "hp",
              "value": 4.1
            }
          ]
        }
      },
      "dataSource": "enka",
      "_time": 1675238918398
    },
    "10000037": {
      "id": 10000037,
      "name": "甘雨",
      "elem": "cryo",
      "level": 90,
      "promote": 6,
      "fetter": 7,
      "costume": 0,
      "cons": 0,
      "talent": {
        "a": 10,
        "e": 3,
        "q": 9
      },
      "attr": {
        "atk": 2224.44514584681,
        "atkBase": 789.212890625,
        "def": 890.4046020507812,
        "defBase": 630.214599609375,
        "hp": 15771.7392578125,
        "hpBase": 9796.7294921875,
        "mastery": 100.97999572753906,
        "recharge": 105.83000183105469,
        "heal": 0,
        "cpct": 48.54000210762024,
        "cdmg": 187.08999156951904,
        "dmg": 46.59999907016754,
        "phy": 0
      },
      "weapon": {
        "name": "破魔之弓",
        "star": 4,
        "level": 90,
        "promote": 6,
        "affix": 3
      },
      "artis": {
        "1": {
          "name": "乐团的晨光",
          "set": "流浪大地的乐团",
          "level": 20,
          "main": {
            "key": "hpPlus",
            "value": 4780
          },
          "attrs": [
            {
              "key": "cpct",
              "value": 6.6
            },
            {
              "key": "cdmg",
              "value": 11.7
            },
            {
              "key": "atk",
              "value": 18.7
            },
            {
              "key": "def",
              "value": 6.6
            }
          ]
        },
        "2": {
          "name": "琴师的箭羽",
          "set": "流浪大地的乐团",
          "level": 20,
          "main": {
            "key": "atkPlus",
            "value": 311
          },
          "attrs": [
            {
              "key": "mastery",
              "value": 21
            },
            {
              "key": "cdmg",
              "value": 26.4
            },
            {
              "key": "recharge",
              "value": 5.8
            },
            {
              "key": "defPlus",
              "value": 42
            }
          ]
        },
        "3": {
          "name": "雷云之笼",
          "set": "绝缘之旗印",
          "level": 20,
          "main": {
            "key": "atk",
            "value": 46.6
          },
          "attrs": [
            {
              "key": "cdmg",
              "value": 21
            },
            {
              "key": "defPlus",
              "value": 21
            },
            {
              "key": "atkPlus",
              "value": 54
            },
            {
              "key": "cpct",
              "value": 5.8
            }
          ]
        },
        "4": {
          "name": "吟游者之壶",
          "set": "流浪大地的乐团",
          "level": 20,
          "main": {
            "key": "cryo",
            "value": 46.6
          },
          "attrs": [
            {
              "key": "atk",
              "value": 10.5
            },
            {
              "key": "hpPlus",
              "value": 508
            },
            {
              "key": "def",
              "value": 21.9
            },
            {
              "key": "cdmg",
              "value": 13.2
            }
          ]
        },
        "5": {
          "name": "指挥的礼帽",
          "set": "流浪大地的乐团",
          "level": 20,
          "main": {
            "key": "cpct",
            "value": 31.1
          },
          "attrs": [
            {
              "key": "defPlus",
              "value": 19
            },
            {
              "key": "cdmg",
              "value": 26.4
            },
            {
              "key": "hpPlus",
              "value": 687
            },
            {
              "key": "atk",
              "value": 4.7
            }
          ]
        }
      },
      "dataSource": "enka",
      "_time": 1675238918394
    },
    "10000049": {
      "id": 10000049,
      "name": "宵宫",
      "elem": "pyro",
      "level": 90,
      "promote": 6,
      "fetter": 10,
      "costume": 0,
      "cons": 1,
      "talent": {
        "a": 10,
        "e": 10,
        "q": 8
      },
      "attr": {
        "atk": 2159.512739649508,
        "atkBase": 832.4967651367188,
        "def": 695.853515625,
        "defBase": 614.843505859375,
        "hp": 18560.638671875,
        "hpBase": 10164.1064453125,
        "mastery": 100.24000549316406,
        "recharge": 112.31000423431396,
        "heal": 0,
        "cpct": 56.08000159263611,
        "cdmg": 172.02999591827393,
        "dmg": 46.59999907016754,
        "phy": 0
      },
      "weapon": {
        "name": "弓藏",
        "star": 4,
        "level": 90,
        "promote": 6,
        "affix": 5
      },
      "artis": {
        "1": {
          "name": "羁缠之花",
          "set": "追忆之注连",
          "level": 20,
          "main": {
            "key": "hpPlus",
            "value": 4780
          },
          "attrs": [
            {
              "key": "atk",
              "value": 10.5
            },
            {
              "key": "cdmg",
              "value": 21.8
            },
            {
              "key": "atkPlus",
              "value": 14
            },
            {
              "key": "cpct",
              "value": 7
            }
          ]
        },
        "2": {
          "name": "思忆之矢",
          "set": "追忆之注连",
          "level": 20,
          "main": {
            "key": "atkPlus",
            "value": 311
          },
          "attrs": [
            {
              "key": "cpct",
              "value": 12.8
            },
            {
              "key": "mastery",
              "value": 56
            },
            {
              "key": "cdmg",
              "value": 6.2
            },
            {
              "key": "defPlus",
              "value": 21
            }
          ]
        },
        "3": {
          "name": "朝露之时",
          "set": "追忆之注连",
          "level": 20,
          "main": {
            "key": "atk",
            "value": 46.6
          },
          "attrs": [
            {
              "key": "mastery",
              "value": 44
            },
            {
              "key": "hpPlus",
              "value": 239
            },
            {
              "key": "cdmg",
              "value": 21
            },
            {
              "key": "hp",
              "value": 9.9
            }
          ]
        },
        "4": {
          "name": "祈望之心",
          "set": "追忆之注连",
          "level": 20,
          "main": {
            "key": "pyro",
            "value": 46.6
          },
          "attrs": [
            {
              "key": "hp",
              "value": 17.5
            },
            {
              "key": "cdmg",
              "value": 10.9
            },
            {
              "key": "recharge",
              "value": 12.3
            },
            {
              "key": "cpct",
              "value": 2.7
            }
          ]
        },
        "5": {
          "name": "沙王的投影",
          "set": "饰金之梦",
          "level": 20,
          "main": {
            "key": "cdmg",
            "value": 62.2
          },
          "attrs": [
            {
              "key": "defPlus",
              "value": 60
            },
            {
              "key": "hp",
              "value": 5.8
            },
            {
              "key": "cpct",
              "value": 9.3
            },
            {
              "key": "atkPlus",
              "value": 33
            }
          ]
        }
      },
      "dataSource": "enka",
      "_time": 1675238918393
    },
    "10000052": {
      "id": 10000052,
      "name": "雷电将军",
      "elem": "electro",
      "level": 90,
      "promote": 6,
      "fetter": 5,
      "costume": 0,
      "cons": 0,
      "talent": {
        "a": 3,
        "e": 9,
        "q": 10
      },
      "attr": {
        "atk": 1617.3493262496704,
        "atkBase": 1011.5760498046875,
        "def": 982.8587646484375,
        "defBase": 789.305419921875,
        "hp": 20332.685546875,
        "hpBase": 12907.1904296875,
        "mastery": 86.25,
        "recharge": 277.6400089263916,
        "heal": 0,
        "cpct": 67.8712010383606,
        "cdmg": 95.85000276565552,
        "dmg": 46.600000858306885,
        "phy": 0
      },
      "weapon": {
        "name": "和璞鸢",
        "star": 5,
        "level": 90,
        "promote": 6,
        "affix": 1
      },
      "artis": {
        "1": {
          "name": "明威之镡",
          "set": "绝缘之旗印",
          "level": 20,
          "main": {
            "key": "hpPlus",
            "value": 4780
          },
          "attrs": [
            {
              "key": "def",
              "value": 13.1
            },
            {
              "key": "mastery",
              "value": 19
            },
            {
              "key": "hp",
              "value": 5.3
            },
            {
              "key": "recharge",
              "value": 27.9
            }
          ]
        },
        "2": {
          "name": "切落之羽",
          "set": "绝缘之旗印",
          "level": 20,
          "main": {
            "key": "atkPlus",
            "value": 311
          },
          "attrs": [
            {
              "key": "recharge",
              "value": 29.2
            },
            {
              "key": "atk",
              "value": 5.8
            },
            {
              "key": "hpPlus",
              "value": 538
            },
            {
              "key": "defPlus",
              "value": 21
            }
          ]
        },
        "3": {
          "name": "雷云之笼",
          "set": "绝缘之旗印",
          "level": 20,
          "main": {
            "key": "recharge",
            "value": 51.8
          },
          "attrs": [
            {
              "key": "mastery",
              "value": 47
            },
            {
              "key": "cpct",
              "value": 9.7
            },
            {
              "key": "defPlus",
              "value": 23
            },
            {
              "key": "atk",
              "value": 9.3
            }
          ]
        },
        "4": {
          "name": "吟游者之壶",
          "set": "流浪大地的乐团",
          "level": 20,
          "main": {
            "key": "electro",
            "value": 46.6
          },
          "attrs": [
            {
              "key": "cdmg",
              "value": 32.6
            },
            {
              "key": "mastery",
              "value": 21
            },
            {
              "key": "hp",
              "value": 11.1
            },
            {
              "key": "atk",
              "value": 5.8
            }
          ]
        },
        "5": {
          "name": "华饰之兜",
          "set": "绝缘之旗印",
          "level": 20,
          "main": {
            "key": "cpct",
            "value": 31.1
          },
          "attrs": [
            {
              "key": "recharge",
              "value": 16.8
            },
            {
              "key": "atk",
              "value": 8.2
            },
            {
              "key": "cdmg",
              "value": 13.2
            },
            {
              "key": "def",
              "value": 5.8
            }
          ]
        }
      },
      "dataSource": "enka",
      "_time": 1675238918390
    },
    "10000073": {
      "id": 10000073,
      "name": "纳西妲",
      "elem": "dendro",
      "level": 90,
      "promote": 6,
      "fetter": 8,
      "costume": 0,
      "cons": 0,
      "talent": {
        "a": 3,
        "e": 10,
        "q": 9
      },
      "attr": {
        "atk": 1262.1592843401731,
        "atkBase": 753.3361206054688,
        "def": 667.24462890625,
        "defBase": 630.214599609375,
        "hp": 16729.921875,
        "hpBase": 10360.041015625,
        "mastery": 1098.77197265625,
        "recharge": 131.72999620437622,
        "heal": 0,
        "cpct": 29.110002517700195,
        "cdmg": 88.84999752044678,
        "dmg": 15.000000596046448,
        "phy": 0
      },
      "weapon": {
        "name": "祭礼残章",
        "star": 4,
        "level": 90,
        "promote": 6,
        "affix": 5
      },
      "artis": {
        "1": {
          "name": "乐团的晨光",
          "set": "流浪大地的乐团",
          "level": 20,
          "main": {
            "key": "hpPlus",
            "value": 4780
          },
          "attrs": [
            {
              "key": "atk",
              "value": 8.2
            },
            {
              "key": "cpct",
              "value": 3.9
            },
            {
              "key": "mastery",
              "value": 65
            },
            {
              "key": "cdmg",
              "value": 14.8
            }
          ]
        },
        "2": {
          "name": "翠蔓的智者",
          "set": "深林的记忆",
          "level": 20,
          "main": {
            "key": "atkPlus",
            "value": 311
          },
          "attrs": [
            {
              "key": "hp",
              "value": 5.8
            },
            {
              "key": "recharge",
              "value": 14.2
            },
            {
              "key": "cpct",
              "value": 3.1
            },
            {
              "key": "mastery",
              "value": 58
            }
          ]
        },
        "3": {
          "name": "终幕的时计",
          "set": "流浪大地的乐团",
          "level": 20,
          "main": {
            "key": "mastery",
            "value": 187
          },
          "attrs": [
            {
              "key": "atk",
              "value": 4.7
            },
            {
              "key": "recharge",
              "value": 6.5
            },
            {
              "key": "defPlus",
              "value": 37
            },
            {
              "key": "cdmg",
              "value": 24.1
            }
          ]
        },
        "4": {
          "name": "迷误者之灯",
          "set": "深林的记忆",
          "level": 20,
          "main": {
            "key": "mastery",
            "value": 187
          },
          "attrs": [
            {
              "key": "atk",
              "value": 4.7
            },
            {
              "key": "atkPlus",
              "value": 49
            },
            {
              "key": "cpct",
              "value": 10.5
            },
            {
              "key": "hpPlus",
              "value": 239
            }
          ]
        },
        "5": {
          "name": "少女易逝的芳颜",
          "set": "被怜爱的少女",
          "level": 20,
          "main": {
            "key": "mastery",
            "value": 187
          },
          "attrs": [
            {
              "key": "atkPlus",
              "value": 18
            },
            {
              "key": "recharge",
              "value": 11
            },
            {
              "key": "cpct",
              "value": 6.6
            },
            {
              "key": "hpPlus",
              "value": 747
            }
          ]
        }
      },
      "dataSource": "enka",
      "_time": 1675238918392
    }
  }
}