{
  "uid": "804817120",
  "name": "",
  "level": "",
  "word": "",
  "face": "",
  "card": "",
  "sign": "",
  "info": false,
  "_profile": 1681827239057,
  "avatars": {
    "10000007": {
      "name": "荧",
      "id": 10000007,
      "elem": "dendro",
      "level": 80,
      "promote": 6,
      "fetter": 1,
      "costume": 0,
      "cons": 6,
      "talent": {
        "a": 1,
        "e": 1,
        "q": 1
      },
      "weapon": {
        "name": "腐殖之剑",
        "level": 90,
        "promote": 6,
        "affix": 5
      },
      "artis": {
        "1": {
          "name": "迷宫的游人",
          "level": 12,
          "star": 5,
          "main": {
            "key": "hpPlus",
            "value": 3155
          },
          "attrs": [
            {
              "key": "cdmg",
              "value": 13.2
            },
            {
              "key": "hp",
              "value": 5.3
            },
            {
              "key": "cpct",
              "value": 3.1
            },
            {
              "key": "defPlus",
              "value": 39
            }
          ]
        },
        "2": {
          "name": "宗室之翎",
          "level": 9,
          "star": 5,
          "main": {
            "key": "atkPlus",
            "value": 166
          },
          "attrs": [
            {
              "key": "hpPlus",
              "value": 448
            },
            {
              "key": "cdmg",
              "value": 7
            },
            {
              "key": "recharge",
              "value": 5.2
            },
            {
              "key": "atk",
              "value": 4.1
            }
          ]
        },
        "3": {
          "name": "贤智的定期",
          "level": 20,
          "star": 5,
          "main": {
            "key": "recharge",
            "value": 51.8
          },
          "attrs": [
            {
              "key": "def",
              "value": 5.1
            },
            {
              "key": "defPlus",
              "value": 56
            },
            {
              "key": "hpPlus",
              "value": 598
            },
            {
              "key": "mastery",
              "value": 47
            }
          ]
        },
        "4": {
          "name": "迷误者之灯",
          "level": 20,
          "star": 5,
          "main": {
            "key": "dendro",
            "value": 46.6
          },
          "attrs": [
            {
              "key": "recharge",
              "value": 16.2
            },
            {
              "key": "hp",
              "value": 9.3
            },
            {
              "key": "cdmg",
              "value": 5.4
            },
            {
              "key": "defPlus",
              "value": 37
            }
          ]
        },
        "5": {
          "name": "无常之面",
          "level": 20,
          "star": 5,
          "main": {
            "key": "cpct",
            "value": 31.1
          },
          "attrs": [
            {
              "key": "hpPlus",
              "value": 508
            },
            {
              "key": "recharge",
              "value": 13
            },
            {
              "key": "atk",
              "value": 5.3
            },
            {
              "key": "cdmg",
              "value": 21.8
            }
          ]
        }
      },
      "_source": "enka",
      "_time": 1675434372290,
      "_update": 1677557575701,
      "_talent": 1677557575701
    },
    "10000015": {
      "name": "凯亚",
      "id": 10000015,
      "elem": "cryo",
      "level": 90,
      "promote": 6,
      "fetter": 10,
      "costume": 0,
      "cons": 2,
      "talent": {
        "a": 6,
        "e": 6,
        "q": 7
      },
      "weapon": {
        "name": "天目影打刀",
        "level": 80,
        "promote": 5,
        "affix": 3
      },
      "artis": {
        "1": {
          "name": "魔女的炎之花",
          "level": 20,
          "star": 5,
          "main": {
            "key": "hpPlus",
            "value": 4780
          },
          "attrs": [
            {
              "key": "cpct",
              "value": 9.3
            },
            {
              "key": "atkPlus",
              "value": 14
            },
            {
              "key": "cdmg",
              "value": 19.4
            },
            {
              "key": "hp",
              "value": 4.7
            }
          ]
        },
        "2": {
          "name": "追忆之风",
          "level": 20,
          "star": 5,
          "main": {
            "key": "atkPlus",
            "value": 311
          },
          "attrs": [
            {
              "key": "def",
              "value": 12.4
            },
            {
              "key": "cpct",
              "value": 10.9
            },
            {
              "key": "cdmg",
              "value": 11.7
            },
            {
              "key": "defPlus",
              "value": 19
            }
          ]
        },
        "3": {
          "name": "渡火者的煎熬",
          "level": 20,
          "star": 5,
          "main": {
            "key": "atk",
            "value": 46.6
          },
          "attrs": [
            {
              "key": "cdmg",
              "value": 22.5
            },
            {
              "key": "defPlus",
              "value": 39
            },
            {
              "key": "cpct",
              "value": 6.2
            },
            {
              "key": "hp",
              "value": 5.8
            }
          ]
        },
        "4": {
          "name": "角斗士的酣醉",
          "level": 20,
          "star": 5,
          "main": {
            "key": "cryo",
            "value": 46.6
          },
          "attrs": [
            {
              "key": "hpPlus",
              "value": 478
            },
            {
              "key": "cdmg",
              "value": 19.4
            },
            {
              "key": "def",
              "value": 5.1
            },
            {
              "key": "cpct",
              "value": 5.8
            }
          ]
        },
        "5": {
          "name": "华饰之兜",
          "level": 20,
          "star": 5,
          "main": {
            "key": "cdmg",
            "value": 62.2
          },
          "attrs": [
            {
              "key": "cpct",
              "value": 8.6
            },
            {
              "key": "defPlus",
              "value": 44
            },
            {
              "key": "hpPlus",
              "value": 807
            },
            {
              "key": "hp",
              "value": 4.1
            }
          ]
        }
      },
      "_source": "enka",
      "_time": 1675257072025,
      "_update": 1677557575704,
      "_talent": 1677557575704
    },
    "10000016": {
      "name": "迪卢克",
      "id": 10000016,
      "elem": "pyro",
      "level": 90,
      "promote": 6,
      "fetter": 10,
      "costume": 0,
      "cons": 1,
      "talent": {
        "a": 9,
        "e": 10,
        "q": 10
      },
      "weapon": {
        "name": "赤角石溃杵",
        "level": 90,
        "promote": 6,
        "affix": 1
      },
      "artis": {
        "1": {
          "name": "魔女的炎之花",
          "level": 20,
          "star": 5,
          "main": {
            "key": "hpPlus",
            "value": 4780
          },
          "attrs": [
            {
              "key": "defPlus",
              "value": 23
            },
            {
              "key": "cpct",
              "value": 14.4
            },
            {
              "key": "recharge",
              "value": 11
            },
            {
              "key": "cdmg",
              "value": 14.8
            }
          ]
        },
        "2": {
          "name": "魔女常燃之羽",
          "level": 20,
          "star": 5,
          "main": {
            "key": "atkPlus",
            "value": 311
          },
          "attrs": [
            {
              "key": "cdmg",
              "value": 18.7
            },
            {
              "key": "mastery",
              "value": 58
            },
            {
              "key": "hpPlus",
              "value": 508
            },
            {
              "key": "cpct",
              "value": 3.9
            }
          ]
        },
        "3": {
          "name": "魔女破灭之时",
          "level": 20,
          "star": 5,
          "main": {
            "key": "atk",
            "value": 46.6
          },
          "attrs": [
            {
              "key": "atkPlus",
              "value": 18
            },
            {
              "key": "hpPlus",
              "value": 478
            },
            {
              "key": "cdmg",
              "value": 18.7
            },
            {
              "key": "def",
              "value": 10.9
            }
          ]
        },
        "4": {
          "name": "吟游者之壶",
          "level": 20,
          "star": 5,
          "main": {
            "key": "pyro",
            "value": 46.6
          },
          "attrs": [
            {
              "key": "hp",
              "value": 5.8
            },
            {
              "key": "hpPlus",
              "value": 538
            },
            {
              "key": "cdmg",
              "value": 20.2
            },
            {
              "key": "cpct",
              "value": 9.3
            }
          ]
        },
        "5": {
          "name": "焦灼的魔女帽",
          "level": 20,
          "star": 5,
          "main": {
            "key": "cpct",
            "value": 31.1
          },
          "attrs": [
            {
              "key": "cdmg",
              "value": 27.2
            },
            {
              "key": "hpPlus",
              "value": 269
            },
            {
              "key": "hp",
              "value": 5.3
            },
            {
              "key": "recharge",
              "value": 10.4
            }
          ]
        }
      },
      "_source": "enka",
      "_time": 1675401980791,
      "_update": 1677557575705,
      "_talent": 1677557575705
    },
    "10000022": {
      "name": "温迪",
      "id": 10000022,
      "elem": "anemo",
      "level": 80,
      "promote": 6,
      "fetter": 8,
      "costume": 0,
      "cons": 0,
      "talent": {
        "a": 1,
        "e": 5,
        "q": 7
      },
      "weapon": {
        "name": "天空之翼",
        "level": 80,
        "promote": 6,
        "affix": 1
      },
      "artis": {
        "1": {
          "name": "野花记忆的绿野",
          "level": 20,
          "star": 5,
          "main": {
            "key": "hpPlus",
            "value": 4780
          },
          "attrs": [
            {
              "key": "hp",
              "value": 5.8
            },
            {
              "key": "atk",
              "value": 11.7
            },
            {
              "key": "atkPlus",
              "value": 47
            },
            {
              "key": "cdmg",
              "value": 13.2
            }
          ]
        },
        "2": {
          "name": "猎人青翠的箭羽",
          "level": 20,
          "star": 5,
          "main": {
            "key": "atkPlus",
            "value": 311
          },
          "attrs": [
            {
              "key": "cdmg",
              "value": 13.2
            },
            {
              "key": "cpct",
              "value": 6.2
            },
            {
              "key": "mastery",
              "value": 23
            },
            {
              "key": "def",
              "value": 18.2
            }
          ]
        },
        "3": {
          "name": "翠绿猎人的笃定",
          "level": 20,
          "star": 5,
          "main": {
            "key": "hp",
            "value": 46.6
          },
          "attrs": [
            {
              "key": "cdmg",
              "value": 5.4
            },
            {
              "key": "hpPlus",
              "value": 837
            },
            {
              "key": "cpct",
              "value": 10.5
            },
            {
              "key": "atkPlus",
              "value": 16
            }
          ]
        },
        "5": {
          "name": "无常之面",
          "level": 20,
          "star": 5,
          "main": {
            "key": "cpct",
            "value": 31.1
          },
          "attrs": [
            {
              "key": "hpPlus",
              "value": 508
            },
            {
              "key": "recharge",
              "value": 13
            },
            {
              "key": "atk",
              "value": 5.3
            },
            {
              "key": "cdmg",
              "value": 21.8
            }
          ]
        }
      },
      "_source": "enka",
      "_time": 1676640170288,
      "_update": 1677557575705,
      "_talent": 1677557575705
    },
    "10000023": {
      "name": "香菱",
      "id": 10000023,
      "elem": "pyro",
      "level": 90,
      "promote": 6,
      "fetter": 10,
      "costume": 0,
      "cons": 6,
      "talent": {
        "a": 1,
        "e": 2,
        "q": 8
      },
      "weapon": {
        "name": "「渔获」",
        "level": 90,
        "promote": 6,
        "affix": 2
      },
      "artis": {
        "1": {
          "name": "明威之镡",
          "level": 20,
          "star": 5,
          "main": {
            "key": "hpPlus",
            "value": 4780
          },
          "attrs": [
            {
              "key": "cdmg",
              "value": 20.2
            },
            {
              "key": "def",
              "value": 5.8
            },
            {
              "key": "hp",
              "value": 11.7
            },
            {
              "key": "cpct",
              "value": 6.6
            }
          ]
        },
        "2": {
          "name": "切落之羽",
          "level": 20,
          "star": 5,
          "main": {
            "key": "atkPlus",
            "value": 311
          },
          "attrs": [
            {
              "key": "mastery",
              "value": 21
            },
            {
              "key": "cpct",
              "value": 8.6
            },
            {
              "key": "cdmg",
              "value": 6.2
            },
            {
              "key": "atk",
              "value": 15.2
            }
          ]
        },
        "3": {
          "name": "雷云之笼",
          "level": 20,
          "star": 5,
          "main": {
            "key": "atk",
            "value": 46.6
          },
          "attrs": [
            {
              "key": "hpPlus",
              "value": 239
            },
            {
              "key": "hp",
              "value": 13.4
            },
            {
              "key": "cpct",
              "value": 10.5
            },
            {
              "key": "cdmg",
              "value": 5.4
            }
          ]
        },
        "4": {
          "name": "渡火者的醒悟",
          "level": 20,
          "star": 5,
          "main": {
            "key": "pyro",
            "value": 46.6
          },
          "attrs": [
            {
              "key": "defPlus",
              "value": 42
            },
            {
              "key": "cdmg",
              "value": 7
            },
            {
              "key": "cpct",
              "value": 10.1
            },
            {
              "key": "atkPlus",
              "value": 41
            }
          ]
        },
        "5": {
          "name": "华饰之兜",
          "level": 20,
          "star": 5,
          "main": {
            "key": "cdmg",
            "value": 62.2
          },
          "attrs": [
            {
              "key": "cpct",
              "value": 5.8
            },
            {
              "key": "def",
              "value": 12.4
            },
            {
              "key": "atkPlus",
              "value": 39
            },
            {
              "key": "mastery",
              "value": 40
            }
          ]
        }
      },
      "_source": "enka",
      "_time": 1675258268487,
      "_update": 1677557575705,
      "_talent": 1677557575705
    },
    "10000024": {
      "name": "北斗",
      "id": 10000024,
      "elem": "electro",
      "level": 80,
      "promote": 5,
      "fetter": 6,
      "costume": 0,
      "cons": 5,
      "talent": {
        "a": 1,
        "e": 7,
        "q": 7
      },
      "weapon": {
        "name": "赤角石溃杵",
        "level": 90,
        "promote": 6,
        "affix": 1
      },
      "artis": {
        "1": {
          "name": "角斗士的留恋",
          "level": 20,
          "star": 5,
          "mainId": 14001,
          "attrIds": [
            501223,
            501204,
            501241,
            501081,
            501224,
            501204,
            501221,
            501223
          ]
        },
        "2": {
          "name": "思忆之矢",
          "level": 20,
          "star": 5,
          "mainId": 12001,
          "attrIds": [
            501083,
            501092,
            501203,
            501222,
            501204,
            501224,
            501094,
            501222,
            501082
          ]
        },
        "3": {
          "name": "渡火者的煎熬",
          "level": 20,
          "star": 5,
          "mainId": 10004,
          "attrIds": [
            501224,
            501081,
            501201,
            501034,
            501084,
            501224,
            501223,
            501203
          ]
        },
        "4": {
          "name": "迷误者之灯",
          "level": 20,
          "star": 5,
          "mainId": 15009,
          "attrIds": [
            501221,
            501204,
            501063,
            501234,
            501201,
            501202,
            501204,
            501234,
            501224
          ]
        },
        "5": {
          "name": "角斗士的凯旋",
          "level": 20,
          "star": 5,
          "mainId": 13007,
          "attrIds": [
            501081,
            501224,
            501233,
            501024,
            501232,
            501231,
            501233,
            501232
          ]
        }
      },
      "_source": "enka",
      "_time": 1677844898591,
      "_update": 1677844898591,
      "_talent": 1677844898591
    },
    "10000025": {
      "name": "行秋",
      "id": 10000025,
      "elem": "hydro",
      "level": 90,
      "promote": 6,
      "fetter": 10,
      "costume": 0,
      "cons": 6,
      "talent": {
        "a": 1,
        "e": 10,
        "q": 9
      },
      "weapon": {
        "name": "磐岩结绿",
        "level": 90,
        "promote": 6,
        "affix": 1
      },
      "artis": {
        "1": {
          "name": "饰金胸花",
          "level": 20,
          "star": 5,
          "mainId": 14001,
          "attrIds": [
            501083,
            501203,
            501051,
            501223,
            501083,
            501202,
            501221,
            501222,
            501204
          ]
        },
        "2": {
          "name": "思忆之矢",
          "level": 20,
          "star": 5,
          "mainId": 12001,
          "attrIds": [
            501063,
            501202,
            501033,
            501222,
            501032,
            501222,
            501201,
            501222,
            501222
          ]
        },
        "3": {
          "name": "贤智的定期",
          "level": 20,
          "star": 5,
          "mainId": 10004,
          "attrIds": [
            501094,
            501202,
            501223,
            501083,
            501224,
            501221,
            501204,
            501201,
            501224
          ]
        },
        "4": {
          "name": "吟游者之壶",
          "level": 20,
          "star": 5,
          "mainId": 15011,
          "attrIds": [
            501091,
            501061,
            501223,
            501202,
            501223,
            501061,
            501222,
            501092
          ]
        },
        "5": {
          "name": "酒渍船帽",
          "level": 20,
          "star": 5,
          "mainId": 13008,
          "attrIds": [
            501242,
            501083,
            501092,
            501064,
            501242,
            501083,
            501241,
            501064
          ]
        }
      },
      "_source": "enka",
      "_time": 1678809009419,
      "_update": 1678809009419,
      "_talent": 1678809009419
    },
    "10000030": {
      "name": "钟离",
      "id": 10000030,
      "elem": "geo",
      "level": 90,
      "promote": 6,
      "fetter": 10,
      "costume": 0,
      "cons": 0,
      "talent": {
        "a": 7,
        "e": 9,
        "q": 10
      },
      "weapon": {
        "name": "和璞鸢",
        "level": 90,
        "promote": 6,
        "affix": 1
      },
      "artis": {
        "1": {
          "name": "魔女的炎之花",
          "level": 20,
          "star": 5,
          "main": {
            "key": "hpPlus",
            "value": 4780
          },
          "attrs": [
            {
              "key": "defPlus",
              "value": 23
            },
            {
              "key": "cpct",
              "value": 14.4
            },
            {
              "key": "recharge",
              "value": 11
            },
            {
              "key": "cdmg",
              "value": 14.8
            }
          ]
        },
        "2": {
          "name": "琴师的箭羽",
          "level": 20,
          "star": 5,
          "main": {
            "key": "atkPlus",
            "value": 311
          },
          "attrs": [
            {
              "key": "cdmg",
              "value": 13.2
            },
            {
              "key": "cpct",
              "value": 6.2
            },
            {
              "key": "mastery",
              "value": 42
            },
            {
              "key": "def",
              "value": 12.4
            }
          ]
        },
        "3": {
          "name": "少女苦短的良辰",
          "level": 20,
          "star": 5,
          "main": {
            "key": "hp",
            "value": 46.6
          },
          "attrs": [
            {
              "key": "cpct",
              "value": 11.3
            },
            {
              "key": "recharge",
              "value": 12.3
            },
            {
              "key": "cdmg",
              "value": 14
            },
            {
              "key": "atkPlus",
              "value": 16
            }
          ]
        },
        "4": {
          "name": "渡火者的醒悟",
          "level": 20,
          "star": 5,
          "main": {
            "key": "geo",
            "value": 46.6
          },
          "attrs": [
            {
              "key": "hpPlus",
              "value": 508
            },
            {
              "key": "cpct",
              "value": 7.8
            },
            {
              "key": "cdmg",
              "value": 13.2
            },
            {
              "key": "atkPlus",
              "value": 31
            }
          ]
        },
        "5": {
          "name": "少女易逝的芳颜",
          "level": 20,
          "star": 5,
          "main": {
            "key": "hp",
            "value": 46.6
          },
          "attrs": [
            {
              "key": "mastery",
              "value": 35
            },
            {
              "key": "defPlus",
              "value": 60
            },
            {
              "key": "atk",
              "value": 14
            },
            {
              "key": "hpPlus",
              "value": 269
            }
          ]
        }
      },
      "_source": "enka",
      "_time": 1675442094590,
      "_update": 1677557575707,
      "_talent": 1677557575707
    },
    "10000031": {
      "name": "菲谢尔",
      "id": 10000031,
      "elem": "electro",
      "level": 80,
      "promote": 5,
      "fetter": 10,
      "costume": 0,
      "cons": 5,
      "talent": {
        "a": 6,
        "e": 7,
        "q": 1
      },
      "weapon": {
        "name": "飞雷之弦振",
        "level": 90,
        "promote": 6,
        "affix": 1
      },
      "artis": {
        "1": {
          "name": "魔女的炎之花",
          "level": 20,
          "star": 5,
          "main": {
            "key": "hpPlus",
            "value": 4780
          },
          "attrs": [
            {
              "key": "defPlus",
              "value": 44
            },
            {
              "key": "cpct",
              "value": 7.4
            },
            {
              "key": "cdmg",
              "value": 21
            },
            {
              "key": "def",
              "value": 5.8
            }
          ]
        },
        "3": {
          "name": "朝露之时",
          "level": 20,
          "star": 5,
          "main": {
            "key": "atk",
            "value": 46.6
          },
          "attrs": [
            {
              "key": "mastery",
              "value": 42
            },
            {
              "key": "cdmg",
              "value": 5.4
            },
            {
              "key": "cpct",
              "value": 8.9
            },
            {
              "key": "atkPlus",
              "value": 29
            }
          ]
        },
        "4": {
          "name": "吟游者之壶",
          "level": 20,
          "star": 5,
          "main": {
            "key": "electro",
            "value": 46.6
          },
          "attrs": [
            {
              "key": "cpct",
              "value": 13.2
            },
            {
              "key": "atk",
              "value": 4.7
            },
            {
              "key": "hpPlus",
              "value": 239
            },
            {
              "key": "hp",
              "value": 8.7
            }
          ]
        },
        "5": {
          "name": "指挥的礼帽",
          "level": 20,
          "star": 5,
          "main": {
            "key": "cpct",
            "value": 31.1
          },
          "attrs": [
            {
              "key": "hpPlus",
              "value": 299
            },
            {
              "key": "defPlus",
              "value": 56
            },
            {
              "key": "cdmg",
              "value": 17.9
            },
            {
              "key": "atk",
              "value": 10.5
            }
          ]
        }
      },
      "_source": "enka",
      "_time": 1675434372289,
      "_update": 1677557575707,
      "_talent": 1677557575707
    },
    "10000032": {
      "name": "班尼特",
      "id": 10000032,
      "elem": "pyro",
      "level": 90,
      "promote": 6,
      "fetter": 10,
      "costume": 0,
      "cons": 6,
      "talent": {
        "a": 4,
        "e": 6,
        "q": 10
      },
      "weapon": {
        "name": "波乱月白经津",
        "level": 90,
        "promote": 6,
        "affix": 1
      },
      "artis": {
        "1": {
          "name": "魔女的炎之花",
          "level": 20,
          "star": 5,
          "main": {
            "key": "hpPlus",
            "value": 4780
          },
          "attrs": [
            {
              "key": "cpct",
              "value": 7.4
            },
            {
              "key": "atk",
              "value": 8.7
            },
            {
              "key": "cdmg",
              "value": 20.2
            },
            {
              "key": "hp",
              "value": 4.7
            }
          ]
        },
        "2": {
          "name": "宗室之翎",
          "level": 20,
          "star": 5,
          "main": {
            "key": "atkPlus",
            "value": 311
          },
          "attrs": [
            {
              "key": "hp",
              "value": 5.3
            },
            {
              "key": "cdmg",
              "value": 22.5
            },
            {
              "key": "mastery",
              "value": 35
            },
            {
              "key": "cpct",
              "value": 8.9
            }
          ]
        },
        "3": {
          "name": "贤智的定期",
          "level": 20,
          "star": 5,
          "main": {
            "key": "atk",
            "value": 46.6
          },
          "attrs": [
            {
              "key": "cpct",
              "value": 10.1
            },
            {
              "key": "cdmg",
              "value": 11.7
            },
            {
              "key": "atkPlus",
              "value": 14
            },
            {
              "key": "mastery",
              "value": 40
            }
          ]
        },
        "4": {
          "name": "真珠之笼",
          "level": 20,
          "star": 5,
          "main": {
            "key": "pyro",
            "value": 46.6
          },
          "attrs": [
            {
              "key": "atk",
              "value": 14
            },
            {
              "key": "cdmg",
              "value": 15.5
            },
            {
              "key": "atkPlus",
              "value": 37
            },
            {
              "key": "mastery",
              "value": 19
            }
          ]
        },
        "5": {
          "name": "宗室面具",
          "level": 20,
          "star": 5,
          "main": {
            "key": "cdmg",
            "value": 62.2
          },
          "attrs": [
            {
              "key": "cpct",
              "value": 10.1
            },
            {
              "key": "defPlus",
              "value": 37
            },
            {
              "key": "hpPlus",
              "value": 538
            },
            {
              "key": "mastery",
              "value": 19
            }
          ]
        }
      },
      "_source": "enka",
      "_time": 1675442094591,
      "_update": 1677557575707,
      "_talent": 1677557575707
    },
    "10000034": {
      "name": "诺艾尔",
      "id": 10000034,
      "elem": "geo",
      "level": 82,
      "promote": 6,
      "fetter": 7,
      "costume": 0,
      "cons": 6,
      "talent": {
        "a": 8,
        "e": 5,
        "q": 8
      },
      "weapon": {
        "name": "螭骨剑",
        "level": 90,
        "promote": 6,
        "affix": 2
      },
      "artis": {
        "1": {
          "name": "荣花之期",
          "level": 20,
          "star": 5,
          "main": {
            "key": "hpPlus",
            "value": 4780
          },
          "attrs": [
            {
              "key": "cdmg",
              "value": 21.8
            },
            {
              "key": "hp",
              "value": 11.1
            },
            {
              "key": "def",
              "value": 5.1
            },
            {
              "key": "defPlus",
              "value": 39
            }
          ]
        },
        "2": {
          "name": "魔女常燃之羽",
          "level": 20,
          "star": 5,
          "main": {
            "key": "atkPlus",
            "value": 311
          },
          "attrs": [
            {
              "key": "def",
              "value": 13.1
            },
            {
              "key": "atk",
              "value": 9.9
            },
            {
              "key": "cdmg",
              "value": 20.2
            },
            {
              "key": "hp",
              "value": 4.1
            }
          ]
        },
        "3": {
          "name": "魔女破灭之时",
          "level": 16,
          "star": 5,
          "main": {
            "key": "def",
            "value": 48.4
          },
          "attrs": [
            {
              "key": "cpct",
              "value": 5.8
            },
            {
              "key": "hp",
              "value": 8.7
            },
            {
              "key": "cdmg",
              "value": 14
            },
            {
              "key": "defPlus",
              "value": 23
            }
          ]
        },
        "4": {
          "name": "宗室银瓮",
          "level": 20,
          "star": 5,
          "main": {
            "key": "geo",
            "value": 46.6
          },
          "attrs": [
            {
              "key": "cpct",
              "value": 7
            },
            {
              "key": "hpPlus",
              "value": 568
            },
            {
              "key": "atk",
              "value": 4.7
            },
            {
              "key": "defPlus",
              "value": 53
            }
          ]
        },
        "5": {
          "name": "形骸之笠",
          "level": 20,
          "star": 5,
          "main": {
            "key": "cpct",
            "value": 31.1
          },
          "attrs": [
            {
              "key": "atkPlus",
              "value": 35
            },
            {
              "key": "hpPlus",
              "value": 209
            },
            {
              "key": "mastery",
              "value": 61
            },
            {
              "key": "defPlus",
              "value": 37
            }
          ]
        }
      },
      "_source": "enka",
      "_time": 1675401980789,
      "_update": 1677557575708,
      "_talent": 1677557575708
    },
    "10000037": {
      "name": "甘雨",
      "id": 10000037,
      "elem": "cryo",
      "level": 90,
      "promote": 6,
      "fetter": 10,
      "costume": 0,
      "cons": 0,
      "talent": {
        "a": 10,
        "e": 5,
        "q": 8
      },
      "weapon": {
        "name": "阿莫斯之弓",
        "level": 90,
        "promote": 6,
        "affix": 1
      },
      "artis": {
        "1": {
          "name": "乐团的晨光",
          "level": 20,
          "star": 5,
          "mainId": 14001,
          "attrIds": [
            501092,
            501224,
            501202,
            501032,
            501201,
            501203,
            501221,
            501222,
            501224
          ]
        },
        "2": {
          "name": "琴师的箭羽",
          "level": 20,
          "star": 5,
          "mainId": 12001,
          "attrIds": [
            501201,
            501021,
            501083,
            501224,
            501224,
            501224,
            501201,
            501222,
            501221
          ]
        },
        "3": {
          "name": "贤智的定期",
          "level": 20,
          "star": 5,
          "mainId": 10004,
          "attrIds": [
            501094,
            501202,
            501223,
            501083,
            501224,
            501221,
            501204,
            501201,
            501224
          ]
        },
        "4": {
          "name": "吟游者之壶",
          "level": 20,
          "star": 5,
          "mainId": 15010,
          "attrIds": [
            501204,
            501061,
            501231,
            501052,
            501064,
            501202,
            501054,
            501203
          ]
        },
        "5": {
          "name": "指挥的礼帽",
          "level": 20,
          "star": 5,
          "mainId": 13008,
          "attrIds": [
            501024,
            501054,
            501243,
            501204,
            501243,
            501204,
            501203,
            501204
          ]
        }
      },
      "_source": "enka",
      "_time": 1677844898591,
      "_update": 1677844898591,
      "_talent": 1677844898591
    },
    "10000041": {
      "name": "莫娜",
      "id": 10000041,
      "elem": "hydro",
      "level": 80,
      "promote": 6,
      "fetter": 10,
      "costume": 0,
      "cons": 2,
      "talent": {
        "a": 1,
        "e": 1,
        "q": 10
      },
      "weapon": {
        "name": "四风原典",
        "level": 70,
        "promote": 4,
        "affix": 1
      },
      "artis": {
        "1": {
          "name": "教官的胸花",
          "level": 16,
          "star": 5,
          "main": {
            "key": "hpPlus",
            "value": 3571
          },
          "attrs": [
            {
              "key": "mastery",
              "value": 17
            },
            {
              "key": "recharge",
              "value": 7.3
            },
            {
              "key": "defPlus",
              "value": 19
            },
            {
              "key": "atk",
              "value": 8.4
            }
          ]
        },
        "2": {
          "name": "教官的羽饰",
          "level": 1,
          "star": 5,
          "main": {
            "key": "atkPlus",
            "value": 42
          },
          "attrs": [
            {
              "key": "defPlus",
              "value": 19
            },
            {
              "key": "mastery",
              "value": 15
            },
            {},
            {}
          ]
        },
        "3": {
          "name": "翠绿猎人的笃定",
          "level": 20,
          "star": 5,
          "main": {
            "key": "recharge",
            "value": 51.8
          },
          "attrs": [
            {
              "key": "defPlus",
              "value": 35
            },
            {
              "key": "cdmg",
              "value": 12.4
            },
            {
              "key": "hp",
              "value": 9.9
            },
            {
              "key": "atkPlus",
              "value": 37
            }
          ]
        },
        "4": {
          "name": "教官的茶杯",
          "level": 1,
          "star": 5,
          "main": {
            "key": "atk",
            "value": 6.3
          },
          "attrs": [
            {
              "key": "hp",
              "value": 3.3
            },
            {
              "key": "recharge",
              "value": 5.2
            },
            {},
            {}
          ]
        },
        "5": {
          "name": "教官的帽子",
          "level": 6,
          "star": 5,
          "main": {
            "key": "cpct",
            "value": 11.3
          },
          "attrs": [
            {
              "key": "hp",
              "value": 3.7
            },
            {
              "key": "def",
              "value": 5.8
            },
            {
              "key": "hpPlus",
              "value": 239
            },
            {}
          ]
        }
      },
      "_source": "enka",
      "_time": 1675434372291,
      "_update": 1677557575708,
      "_talent": 1677557575708
    },
    "10000043": {
      "name": "砂糖",
      "id": 10000043,
      "elem": "anemo",
      "level": 90,
      "promote": 6,
      "fetter": 9,
      "costume": 0,
      "cons": 6,
      "talent": {
        "a": 1,
        "e": 1,
        "q": 1
      },
      "weapon": {
        "name": "祭礼残章",
        "level": 80,
        "promote": 5,
        "affix": 4
      },
      "artis": {
        "1": {
          "name": "野花记忆的绿野",
          "level": 8,
          "star": 5,
          "main": {
            "key": "hpPlus",
            "value": 2342
          },
          "attrs": [
            {
              "key": "defPlus",
              "value": 23
            },
            {
              "key": "recharge",
              "value": 6.5
            },
            {
              "key": "mastery",
              "value": 16
            },
            {
              "key": "atk",
              "value": 9.9
            }
          ]
        },
        "2": {
          "name": "猎人青翠的箭羽",
          "level": 1,
          "star": 5,
          "main": {
            "key": "atkPlus",
            "value": 47
          },
          "attrs": [
            {
              "key": "def",
              "value": 7.3
            },
            {
              "key": "mastery",
              "value": 21
            },
            {
              "key": "hpPlus",
              "value": 209
            },
            {
              "key": "hp",
              "value": 4.7
            }
          ]
        },
        "3": {
          "name": "终幕的时计",
          "level": 20,
          "star": 5,
          "main": {
            "key": "mastery",
            "value": 187
          },
          "attrs": [
            {
              "key": "atkPlus",
              "value": 47
            },
            {
              "key": "hp",
              "value": 4.7
            },
            {
              "key": "atk",
              "value": 15.2
            },
            {
              "key": "hpPlus",
              "value": 269
            }
          ]
        },
        "4": {
          "name": "渡火者的醒悟",
          "level": 9,
          "star": 5,
          "main": {
            "key": "mastery",
            "value": 99
          },
          "attrs": [
            {
              "key": "recharge",
              "value": 6.5
            },
            {
              "key": "atk",
              "value": 4.1
            },
            {
              "key": "cdmg",
              "value": 6.2
            },
            {
              "key": "def",
              "value": 14.6
            }
          ]
        },
        "5": {
          "name": "翠绿的猎人之冠",
          "level": 20,
          "star": 5,
          "main": {
            "key": "mastery",
            "value": 187
          },
          "attrs": [
            {
              "key": "hp",
              "value": 14.6
            },
            {
              "key": "atkPlus",
              "value": 29
            },
            {
              "key": "def",
              "value": 11.7
            },
            {
              "key": "cpct",
              "value": 6.6
            }
          ]
        }
      },
      "_source": "enka",
      "_time": 1675258268491,
      "_update": 1677557575708,
      "_talent": 1677557575708
    },
    "10000045": {
      "name": "罗莎莉亚",
      "id": 10000045,
      "elem": "cryo",
      "level": 80,
      "promote": 5,
      "fetter": 7,
      "costume": 0,
      "cons": 6,
      "talent": {
        "a": 1,
        "e": 1,
        "q": 7
      },
      "weapon": {
        "name": "西风长枪",
        "level": 80,
        "promote": 5,
        "affix": 5
      },
      "artis": {
        "1": {
          "name": "魔女的炎之花",
          "level": 20,
          "star": 5,
          "main": {
            "key": "hpPlus",
            "value": 4780
          },
          "attrs": [
            {
              "key": "cpct",
              "value": 7.4
            },
            {
              "key": "atk",
              "value": 8.7
            },
            {
              "key": "cdmg",
              "value": 20.2
            },
            {
              "key": "hp",
              "value": 4.7
            }
          ]
        },
        "2": {
          "name": "角斗士的归宿",
          "level": 20,
          "star": 5,
          "main": {
            "key": "atkPlus",
            "value": 311
          },
          "attrs": [
            {
              "key": "defPlus",
              "value": 42
            },
            {
              "key": "atk",
              "value": 5.8
            },
            {
              "key": "cdmg",
              "value": 27.2
            },
            {
              "key": "hpPlus",
              "value": 269
            }
          ]
        },
        "4": {
          "name": "魔女的心之火",
          "level": 20,
          "star": 5,
          "main": {
            "key": "atk",
            "value": 46.6
          },
          "attrs": [
            {
              "key": "atkPlus",
              "value": 18
            },
            {
              "key": "cdmg",
              "value": 18.7
            },
            {
              "key": "cpct",
              "value": 7.8
            },
            {
              "key": "mastery",
              "value": 42
            }
          ]
        },
        "5": {
          "name": "无常之面",
          "level": 20,
          "star": 5,
          "main": {
            "key": "cdmg",
            "value": 62.2
          },
          "attrs": [
            {
              "key": "hpPlus",
              "value": 299
            },
            {
              "key": "defPlus",
              "value": 39
            },
            {
              "key": "cpct",
              "value": 6.6
            },
            {
              "key": "mastery",
              "value": 63
            }
          ]
        }
      },
      "_source": "enka",
      "_time": 1675434372291,
      "_update": 1677557575710,
      "_talent": 1677557575710
    },
    "10000046": {
      "name": "胡桃",
      "id": 10000046,
      "elem": "pyro",
      "level": 90,
      "promote": 6,
      "fetter": 10,
      "costume": 0,
      "cons": 0,
      "talent": {
        "a": 10,
        "e": 10,
        "q": 10
      },
      "weapon": {
        "name": "护摩之杖",
        "level": 90,
        "promote": 6,
        "affix": 1
      },
      "artis": {
        "1": {
          "name": "魔女的炎之花",
          "level": 20,
          "star": 5,
          "mainId": 14001,
          "attrIds": [
            501033,
            501221,
            501241,
            501204,
            501204,
            501241,
            501241,
            501201,
            501243
          ]
        },
        "2": {
          "name": "魔女常燃之羽",
          "level": 20,
          "star": 5,
          "mainId": 12001,
          "attrIds": [
            501222,
            501242,
            501021,
            501204,
            501221,
            501223,
            501241,
            501024,
            501244
          ]
        },
        "3": {
          "name": "魔女破灭之时",
          "level": 20,
          "star": 5,
          "mainId": 10002,
          "attrIds": [
            501062,
            501223,
            501094,
            501204,
            501064,
            501204,
            501202,
            501223,
            501201
          ]
        },
        "4": {
          "name": "吟游者之壶",
          "level": 20,
          "star": 5,
          "mainId": 15008,
          "attrIds": [
            501034,
            501024,
            501224,
            501202,
            501222,
            501022,
            501222,
            501202,
            501202
          ]
        },
        "5": {
          "name": "焦灼的魔女帽",
          "level": 20,
          "star": 5,
          "mainId": 13007,
          "attrIds": [
            501223,
            501023,
            501033,
            501231,
            501223,
            501233,
            501223,
            501222
          ]
        }
      },
      "_source": "enka",
      "_time": 1677844898589,
      "_update": 1677844898589,
      "_talent": 1677844898589
    },
    "10000047": {
      "name": "枫原万叶",
      "id": 10000047,
      "elem": "anemo",
      "level": 90,
      "promote": 6,
      "fetter": 10,
      "costume": 0,
      "cons": 0,
      "talent": {
        "a": 1,
        "e": 8,
        "q": 3
      },
      "weapon": {
        "name": "铁蜂刺",
        "level": 90,
        "promote": 6,
        "affix": 2
      },
      "artis": {
        "1": {
          "name": "野花记忆的绿野",
          "level": 20,
          "star": 5,
          "main": {
            "key": "hpPlus",
            "value": 4780
          },
          "attrs": [
            {
              "key": "defPlus",
              "value": 37
            },
            {
              "key": "mastery",
              "value": 40
            },
            {
              "key": "def",
              "value": 12.4
            },
            {
              "key": "atkPlus",
              "value": 29
            }
          ]
        },
        "2": {
          "name": "猎人青翠的箭羽",
          "level": 20,
          "star": 5,
          "main": {
            "key": "atkPlus",
            "value": 311
          },
          "attrs": [
            {
              "key": "def",
              "value": 12.4
            },
            {
              "key": "mastery",
              "value": 68
            },
            {
              "key": "cpct",
              "value": 3.9
            },
            {
              "key": "cdmg",
              "value": 13.2
            }
          ]
        },
        "3": {
          "name": "翠绿猎人的笃定",
          "level": 20,
          "star": 5,
          "main": {
            "key": "mastery",
            "value": 187
          },
          "attrs": [
            {
              "key": "hpPlus",
              "value": 777
            },
            {
              "key": "hp",
              "value": 14
            },
            {
              "key": "atkPlus",
              "value": 19
            },
            {
              "key": "defPlus",
              "value": 35
            }
          ]
        },
        "4": {
          "name": "宗室银瓮",
          "level": 20,
          "star": 5,
          "main": {
            "key": "mastery",
            "value": 187
          },
          "attrs": [
            {
              "key": "cdmg",
              "value": 7
            },
            {
              "key": "atkPlus",
              "value": 14
            },
            {
              "key": "hpPlus",
              "value": 478
            },
            {
              "key": "recharge",
              "value": 20.7
            }
          ]
        },
        "5": {
          "name": "翠绿的猎人之冠",
          "level": 20,
          "star": 5,
          "main": {
            "key": "mastery",
            "value": 187
          },
          "attrs": [
            {
              "key": "atkPlus",
              "value": 31
            },
            {
              "key": "cpct",
              "value": 6.2
            },
            {
              "key": "hpPlus",
              "value": 448
            },
            {
              "key": "recharge",
              "value": 17.5
            }
          ]
        }
      },
      "_source": "enka",
      "_time": 1676640170289,
      "_update": 1677557575710,
      "_talent": 1677557575710
    },
    "10000052": {
      "name": "雷电将军",
      "id": 10000052,
      "elem": "electro",
      "level": 90,
      "promote": 6,
      "fetter": 10,
      "costume": 0,
      "cons": 0,
      "talent": {
        "a": 6,
        "e": 8,
        "q": 10
      },
      "weapon": {
        "name": "天空之脊",
        "level": 90,
        "promote": 6,
        "affix": 2
      },
      "artis": {
        "1": {
          "name": "明威之镡",
          "level": 20,
          "star": 5,
          "main": {
            "key": "hpPlus",
            "value": 4780
          },
          "attrs": [
            {
              "key": "atk",
              "value": 14
            },
            {
              "key": "cpct",
              "value": 8.9
            },
            {
              "key": "defPlus",
              "value": 23
            },
            {
              "key": "cdmg",
              "value": 13.2
            }
          ]
        },
        "2": {
          "name": "切落之羽",
          "level": 20,
          "star": 5,
          "main": {
            "key": "atkPlus",
            "value": 311
          },
          "attrs": [
            {
              "key": "recharge",
              "value": 13
            },
            {
              "key": "hpPlus",
              "value": 538
            },
            {
              "key": "cdmg",
              "value": 5.4
            },
            {
              "key": "cpct",
              "value": 9.7
            }
          ]
        },
        "3": {
          "name": "角斗士的希冀",
          "level": 20,
          "star": 5,
          "main": {
            "key": "recharge",
            "value": 51.8
          },
          "attrs": [
            {
              "key": "cpct",
              "value": 7.8
            },
            {
              "key": "atk",
              "value": 8.7
            },
            {
              "key": "atkPlus",
              "value": 33
            },
            {
              "key": "cdmg",
              "value": 21.8
            }
          ]
        },
        "4": {
          "name": "绯花之壶",
          "level": 20,
          "star": 5,
          "main": {
            "key": "atk",
            "value": 46.6
          },
          "attrs": [
            {
              "key": "defPlus",
              "value": 19
            },
            {
              "key": "recharge",
              "value": 6.5
            },
            {
              "key": "cdmg",
              "value": 14
            },
            {
              "key": "cpct",
              "value": 14
            }
          ]
        },
        "5": {
          "name": "华饰之兜",
          "level": 20,
          "star": 5,
          "main": {
            "key": "cdmg",
            "value": 62.2
          },
          "attrs": [
            {
              "key": "defPlus",
              "value": 21
            },
            {
              "key": "atk",
              "value": 16.9
            },
            {
              "key": "atkPlus",
              "value": 53
            },
            {
              "key": "hpPlus",
              "value": 209
            }
          ]
        }
      },
      "_source": "enka",
      "_time": 1676640170290,
      "_update": 1677557575710,
      "_talent": 1677557575710
    },
    "10000057": {
      "name": "荒泷一斗",
      "id": 10000057,
      "elem": "geo",
      "level": 90,
      "promote": 6,
      "fetter": 10,
      "costume": 0,
      "cons": 0,
      "talent": {
        "a": 9,
        "e": 8,
        "q": 8
      },
      "weapon": {
        "name": "螭骨剑",
        "level": 90,
        "promote": 6,
        "affix": 2
      },
      "artis": {
        "1": {
          "name": "荣花之期",
          "level": 20,
          "star": 5,
          "mainId": 14001,
          "attrIds": [
            501093,
            501054,
            501223,
            501203,
            501204,
            501094,
            501051,
            501052
          ]
        },
        "2": {
          "name": "华馆之羽",
          "level": 20,
          "star": 5,
          "mainId": 12001,
          "attrIds": [
            501203,
            501082,
            501223,
            501021,
            501023,
            501024,
            501202,
            501204,
            501223
          ]
        },
        "3": {
          "name": "众生之谣",
          "level": 20,
          "star": 5,
          "mainId": 10006,
          "attrIds": [
            501221,
            501081,
            501231,
            501201,
            501233,
            501231,
            501233,
            501204
          ]
        },
        "4": {
          "name": "吟游者之壶",
          "level": 20,
          "star": 5,
          "mainId": 15013,
          "attrIds": [
            501031,
            501201,
            501051,
            501092,
            501034,
            501092,
            501204,
            501051,
            501204
          ]
        },
        "5": {
          "name": "形骸之笠",
          "level": 20,
          "star": 5,
          "mainId": 13008,
          "attrIds": [
            501063,
            501032,
            501022,
            501202,
            501203,
            501204,
            501022,
            501203
          ]
        }
      },
      "_source": "enka",
      "_time": 1677844898531,
      "_update": 1677844898531,
      "_talent": 1677844898531
    },
    "10000058": {
      "name": "八重神子",
      "id": 10000058,
      "elem": "electro",
      "level": 90,
      "promote": 6,
      "fetter": 10,
      "costume": 0,
      "cons": 0,
      "talent": {
        "a": 3,
        "e": 9,
        "q": 6
      },
      "weapon": {
        "name": "流浪乐章",
        "level": 90,
        "promote": 6,
        "affix": 5
      },
      "artis": {
        "1": {
          "name": "羁缠之花",
          "level": 20,
          "star": 5,
          "mainId": 14001,
          "attrIds": [
            501233,
            501242,
            501201,
            501224,
            501244,
            501223,
            501221,
            501221,
            501222
          ]
        },
        "2": {
          "name": "琴师的箭羽",
          "level": 20,
          "star": 5,
          "mainId": 12001,
          "attrIds": [
            501231,
            501222,
            501084,
            501203,
            501204,
            501083,
            501083,
            501202,
            501224
          ]
        },
        "3": {
          "name": "朝露之时",
          "level": 20,
          "star": 5,
          "mainId": 10004,
          "attrIds": [
            501201,
            501223,
            501093,
            501081,
            501221,
            501084,
            501223,
            501201
          ]
        },
        "4": {
          "name": "吟游者之壶",
          "level": 20,
          "star": 5,
          "mainId": 15009,
          "attrIds": [
            501224,
            501242,
            501204,
            501064,
            501203,
            501223,
            501062,
            501242
          ]
        },
        "5": {
          "name": "无常之面",
          "level": 20,
          "star": 5,
          "mainId": 13007,
          "attrIds": [
            501244,
            501224,
            501062,
            501232,
            501232,
            501233,
            501064,
            501223,
            501224
          ]
        }
      },
      "_source": "enka",
      "_time": 1678203347517,
      "_update": 1678203347517,
      "_talent": 1678203347517
    },
    "10000060": {
      "name": "夜兰",
      "id": 10000060,
      "elem": "hydro",
      "level": 90,
      "promote": 6,
      "fetter": 10,
      "costume": 0,
      "cons": 0,
      "talent": {
        "a": 1,
        "e": 8,
        "q": 9
      },
      "weapon": {
        "name": "飞雷之弦振",
        "level": 90,
        "promote": 6,
        "affix": 1
      },
      "artis": {
        "1": {
          "name": "饰金胸花",
          "level": 20,
          "star": 5,
          "main": {
            "key": "hpPlus",
            "value": 4780
          },
          "attrs": [
            {
              "key": "defPlus",
              "value": 42
            },
            {
              "key": "cpct",
              "value": 10.5
            },
            {
              "key": "atkPlus",
              "value": 14
            },
            {
              "key": "cdmg",
              "value": 18.7
            }
          ]
        },
        "2": {
          "name": "魔女常燃之羽",
          "level": 20,
          "star": 5,
          "main": {
            "key": "atkPlus",
            "value": 311
          },
          "attrs": [
            {
              "key": "recharge",
              "value": 4.5
            },
            {
              "key": "cpct",
              "value": 12.1
            },
            {
              "key": "def",
              "value": 12.4
            },
            {
              "key": "cdmg",
              "value": 10.9
            }
          ]
        },
        "3": {
          "name": "离别之贝",
          "level": 20,
          "star": 5,
          "main": {
            "key": "hp",
            "value": 46.6
          },
          "attrs": [
            {
              "key": "cdmg",
              "value": 35
            },
            {
              "key": "atkPlus",
              "value": 14
            },
            {
              "key": "cpct",
              "value": 3.9
            },
            {
              "key": "hpPlus",
              "value": 239
            }
          ]
        },
        "4": {
          "name": "沉波之盏",
          "level": 20,
          "star": 5,
          "main": {
            "key": "hydro",
            "value": 46.6
          },
          "attrs": [
            {
              "key": "recharge",
              "value": 14.9
            },
            {
              "key": "cdmg",
              "value": 13.2
            },
            {
              "key": "mastery",
              "value": 42
            },
            {
              "key": "defPlus",
              "value": 16
            }
          ]
        },
        "5": {
          "name": "无常之面",
          "level": 20,
          "star": 5,
          "main": {
            "key": "cpct",
            "value": 31.1
          },
          "attrs": [
            {
              "key": "hpPlus",
              "value": 508
            },
            {
              "key": "recharge",
              "value": 13
            },
            {
              "key": "atk",
              "value": 5.3
            },
            {
              "key": "cdmg",
              "value": 21.8
            }
          ]
        }
      },
      "_source": "enka",
      "_time": 1675442094591,
      "_update": 1677557575717,
      "_talent": 1677557575717
    },
    "10000063": {
      "name": "申鹤",
      "id": 10000063,
      "elem": "cryo",
      "level": 90,
      "promote": 6,
      "fetter": 4,
      "costume": 0,
      "cons": 0,
      "talent": {
        "a": 1,
        "e": 10,
        "q": 6
      },
      "weapon": {
        "name": "息灾",
        "level": 90,
        "promote": 6,
        "affix": 1
      },
      "artis": {
        "1": {
          "name": "角斗士的留恋",
          "level": 20,
          "star": 5,
          "mainId": 14001,
          "attrIds": [
            501202,
            501223,
            501063,
            501083,
            501204,
            501082,
            501201,
            501062
          ]
        },
        "2": {
          "name": "思忆之矢",
          "level": 20,
          "star": 5,
          "mainId": 12001,
          "attrIds": [
            501061,
            501223,
            501024,
            501234,
            501233,
            501223,
            501022,
            501063,
            501061
          ]
        },
        "3": {
          "name": "角斗士的希冀",
          "level": 20,
          "star": 5,
          "mainId": 10004,
          "attrIds": [
            501243,
            501054,
            501023,
            501232,
            501243,
            501021,
            501022,
            501234
          ]
        },
        "4": {
          "name": "祈望之心",
          "level": 20,
          "star": 5,
          "mainId": 15004,
          "attrIds": [
            501231,
            501092,
            501241,
            501204,
            501093,
            501234,
            501244,
            501233
          ]
        },
        "5": {
          "name": "无常之面",
          "level": 20,
          "star": 5,
          "mainId": 13004,
          "attrIds": [
            501203,
            501222,
            501052,
            501022,
            501203,
            501221,
            501022,
            501203
          ]
        }
      },
      "_source": "enka",
      "_time": 1681827239057,
      "_update": 1681827239057,
      "_talent": 1681827239057
    },
    "10000064": {
      "name": "云堇",
      "id": 10000064,
      "elem": "geo",
      "level": 80,
      "promote": 6,
      "fetter": 10,
      "costume": 0,
      "cons": 6,
      "talent": {
        "a": 1,
        "e": 1,
        "q": 6
      },
      "weapon": {
        "name": "喜多院十文字",
        "level": 1,
        "promote": 0,
        "affix": 5
      },
      "artis": {
        "1": {
          "name": "荣花之期",
          "level": 20,
          "star": 5,
          "mainId": 14001,
          "attrIds": [
            501092,
            501053,
            501232,
            501084,
            501091,
            501083,
            501233,
            501092
          ]
        },
        "2": {
          "name": "华馆之羽",
          "level": 20,
          "star": 5,
          "mainId": 12001,
          "attrIds": [
            501224,
            501083,
            501094,
            501064,
            501082,
            501224,
            501083,
            501084
          ]
        },
        "3": {
          "name": "众生之谣",
          "level": 20,
          "star": 5,
          "mainId": 10006,
          "attrIds": [
            501232,
            501034,
            501081,
            501062,
            501084,
            501034,
            501063,
            501063
          ]
        },
        "4": {
          "name": "祈望之心",
          "level": 20,
          "star": 5,
          "mainId": 15006,
          "attrIds": [
            501064,
            501224,
            501203,
            501081,
            501201,
            501201,
            501063,
            501064
          ]
        },
        "5": {
          "name": "形骸之笠",
          "level": 20,
          "star": 5,
          "mainId": 13006,
          "attrIds": [
            501231,
            501023,
            501083,
            501034,
            501082,
            501022,
            501232,
            501031
          ]
        }
      },
      "_source": "enka",
      "_time": 1677844898590,
      "_update": 1677844898590,
      "_talent": 1677844898590
    },
    "10000065": {
      "name": "久岐忍",
      "id": 10000065,
      "elem": "electro",
      "level": 90,
      "promote": 6,
      "fetter": 10,
      "costume": 0,
      "cons": 3,
      "talent": {
        "a": 1,
        "e": 6,
        "q": 1
      },
      "weapon": {
        "name": "暗铁剑",
        "level": 90,
        "promote": 6,
        "affix": 1
      },
      "artis": {
        "1": {
          "name": "梦中的铁花",
          "level": 20,
          "star": 5,
          "main": {
            "key": "hpPlus",
            "value": 4780
          },
          "attrs": [
            {
              "key": "atkPlus",
              "value": 14
            },
            {
              "key": "cpct",
              "value": 7.8
            },
            {
              "key": "mastery",
              "value": 63
            },
            {
              "key": "def",
              "value": 17.5
            }
          ]
        },
        "2": {
          "name": "裁断的翎羽",
          "level": 20,
          "star": 5,
          "main": {
            "key": "atkPlus",
            "value": 311
          },
          "attrs": [
            {
              "key": "def",
              "value": 7.3
            },
            {
              "key": "recharge",
              "value": 11.7
            },
            {
              "key": "mastery",
              "value": 65
            },
            {
              "key": "cpct",
              "value": 6.2
            }
          ]
        },
        "3": {
          "name": "沉金的岁月",
          "level": 20,
          "star": 5,
          "main": {
            "key": "mastery",
            "value": 187
          },
          "attrs": [
            {
              "key": "cdmg",
              "value": 6.2
            },
            {
              "key": "atkPlus",
              "value": 53
            },
            {
              "key": "recharge",
              "value": 11.7
            },
            {
              "key": "hp",
              "value": 15.7
            }
          ]
        },
        "4": {
          "name": "渡火者的醒悟",
          "level": 20,
          "star": 5,
          "main": {
            "key": "mastery",
            "value": 187
          },
          "attrs": [
            {
              "key": "def",
              "value": 5.8
            },
            {
              "key": "hpPlus",
              "value": 1105
            },
            {
              "key": "hp",
              "value": 4.1
            },
            {
              "key": "cpct",
              "value": 7
            }
          ]
        },
        "5": {
          "name": "沙王的投影",
          "level": 20,
          "star": 5,
          "main": {
            "key": "mastery",
            "value": 187
          },
          "attrs": [
            {
              "key": "hpPlus",
              "value": 568
            },
            {
              "key": "defPlus",
              "value": 35
            },
            {
              "key": "cpct",
              "value": 9.7
            },
            {
              "key": "atkPlus",
              "value": 16
            }
          ]
        }
      },
      "_source": "enka",
      "_time": 1675434372290,
      "_update": 1677557575721,
      "_talent": 1677557575721
    },
    "10000066": {
      "name": "神里绫人",
      "id": 10000066,
      "elem": "hydro",
      "level": 90,
      "promote": 6,
      "fetter": 10,
      "costume": 0,
      "cons": 0,
      "talent": {
        "a": 1,
        "e": 10,
        "q": 6
      },
      "weapon": {
        "name": "波乱月白经津",
        "level": 90,
        "promote": 6,
        "affix": 1
      },
      "artis": {
        "1": {
          "name": "角斗士的留恋",
          "level": 20,
          "star": 5,
          "main": {
            "key": "hpPlus",
            "value": 4780
          },
          "attrs": [
            {
              "key": "cdmg",
              "value": 27.2
            },
            {
              "key": "cpct",
              "value": 7.8
            },
            {
              "key": "mastery",
              "value": 16
            },
            {
              "key": "defPlus",
              "value": 16
            }
          ]
        },
        "2": {
          "name": "角斗士的归宿",
          "level": 20,
          "star": 5,
          "main": {
            "key": "atkPlus",
            "value": 311
          },
          "attrs": [
            {
              "key": "cpct",
              "value": 10.1
            },
            {
              "key": "hpPlus",
              "value": 538
            },
            {
              "key": "cdmg",
              "value": 13.2
            },
            {
              "key": "recharge",
              "value": 6.5
            }
          ]
        },
        "3": {
          "name": "角斗士的希冀",
          "level": 20,
          "star": 5,
          "main": {
            "key": "atk",
            "value": 46.6
          },
          "attrs": [
            {
              "key": "mastery",
              "value": 23
            },
            {
              "key": "cpct",
              "value": 7
            },
            {
              "key": "hpPlus",
              "value": 687
            },
            {
              "key": "cdmg",
              "value": 20.2
            }
          ]
        },
        "4": {
          "name": "吟游者之壶",
          "level": 20,
          "star": 5,
          "main": {
            "key": "hydro",
            "value": 46.6
          },
          "attrs": [
            {
              "key": "def",
              "value": 10.9
            },
            {
              "key": "atk",
              "value": 8.2
            },
            {
              "key": "cdmg",
              "value": 20.2
            },
            {
              "key": "cpct",
              "value": 3.1
            }
          ]
        },
        "5": {
          "name": "角斗士的凯旋",
          "level": 20,
          "star": 5,
          "main": {
            "key": "cdmg",
            "value": 62.2
          },
          "attrs": [
            {
              "key": "cpct",
              "value": 6.6
            },
            {
              "key": "mastery",
              "value": 21
            },
            {
              "key": "def",
              "value": 11.7
            },
            {
              "key": "defPlus",
              "value": 81
            }
          ]
        }
      },
      "_source": "enka",
      "_time": 1675257414691,
      "_update": 1677557575721,
      "_talent": 1677557575721
    },
    "10000073": {
      "name": "纳西妲",
      "id": 10000073,
      "elem": "dendro",
      "level": 90,
      "promote": 6,
      "fetter": 10,
      "costume": 0,
      "cons": 2,
      "talent": {
        "a": 3,
        "e": 10,
        "q": 8
      },
      "weapon": {
        "name": "流浪乐章",
        "level": 90,
        "promote": 6,
        "affix": 5
      },
      "artis": {
        "1": {
          "name": "乐团的晨光",
          "level": 20,
          "star": 5,
          "mainId": 14001,
          "attrIds": [
            501244,
            501202,
            501222,
            501053,
            501202,
            501243,
            501244,
            501204
          ]
        },
        "2": {
          "name": "琴师的箭羽",
          "level": 20,
          "star": 5,
          "mainId": 12001,
          "attrIds": [
            501084,
            501222,
            501204,
            501032,
            501202,
            501203,
            501223,
            501223,
            501082
          ]
        },
        "3": {
          "name": "沉金的岁月",
          "level": 20,
          "star": 5,
          "mainId": 10008,
          "attrIds": [
            501093,
            501022,
            501054,
            501203,
            501204,
            501053,
            501203,
            501201,
            501201
          ]
        },
        "4": {
          "name": "祈望之心",
          "level": 20,
          "star": 5,
          "mainId": 15014,
          "attrIds": [
            501223,
            501202,
            501022,
            501092,
            501222,
            501222,
            501204,
            501092
          ]
        },
        "5": {
          "name": "沙王的投影",
          "level": 20,
          "star": 5,
          "mainId": 13008,
          "attrIds": [
            501024,
            501243,
            501053,
            501204,
            501243,
            501243,
            501244,
            501202
          ]
        }
      },
      "_source": "enka",
      "_time": 1681827239056,
      "_update": 1681827239056,
      "_talent": 1681827239056
    },
    "10000078": {
      "name": "艾尔海森",
      "id": 10000078,
      "elem": "dendro",
      "level": 90,
      "promote": 6,
      "fetter": 8,
      "costume": 0,
      "cons": 0,
      "talent": {
        "a": 8,
        "e": 9,
        "q": 8
      },
      "weapon": {
        "name": "磐岩结绿",
        "level": 90,
        "promote": 6,
        "affix": 1
      },
      "artis": {
        "1": {
          "name": "梦中的铁花",
          "level": 20,
          "star": 5,
          "mainId": 14001,
          "attrIds": [
            501053,
            501241,
            501221,
            501232,
            501051,
            501221,
            501224,
            501224
          ]
        },
        "2": {
          "name": "宗室之翎",
          "level": 20,
          "star": 5,
          "mainId": 12001,
          "attrIds": [
            501033,
            501223,
            501242,
            501201,
            501201,
            501224,
            501224,
            501241,
            501203
          ]
        },
        "3": {
          "name": "沉金的岁月",
          "level": 20,
          "star": 5,
          "mainId": 10008,
          "attrIds": [
            501093,
            501022,
            501054,
            501203,
            501204,
            501053,
            501203,
            501201,
            501201
          ]
        },
        "4": {
          "name": "如蜜的终宴",
          "level": 20,
          "star": 5,
          "mainId": 15014,
          "attrIds": [
            501024,
            501092,
            501221,
            501064,
            501222,
            501063,
            501224,
            501023
          ]
        },
        "5": {
          "name": "沙王的投影",
          "level": 20,
          "star": 5,
          "mainId": 13008,
          "attrIds": [
            501024,
            501243,
            501053,
            501204,
            501243,
            501243,
            501244,
            501202
          ]
        }
      },
      "_source": "enka",
      "_time": 1677844898588,
      "_update": 1677844898588,
      "_talent": 1677844898588
    }
  }
}