{
  "uid": "102586746",
  "name": "",
  "level": "",
  "word": "",
  "face": "",
  "card": "",
  "sign": "",
  "info": false,
  "_profile": 1686017504296,
  "avatars": {
    "1003": {
      "name": "姬子",
      "id": 1003,
      "elem": "火",
      "level": 70,
      "promote": 5,
      "cons": 1,
      "talent": {
        "a": 3,
        "e": 8,
        "q": 8,
        "t": 6
      },
      "trees": [
        1003101,
        1003102,
        1003201,
        1003202,
        1003203,
        1003204,
        1003205
      ],
      "weapon": {
        "id": 21027,
        "level": 60,
        "promote": 4,
        "affix": 1
      },
      "artis": {
        "1": {
          "level": 10,
          "star": 4,
          "id": 51071,
          "mainId": 1,
          "attrIds": [
            "2,1,1",
            "8,1,0",
            "9,1,0",
            "11,2,1"
          ]
        },
        "2": {
          "level": 12,
          "star": 4,
          "id": 51072,
          "mainId": 1,
          "attrIds": [
            "1,1,0",
            "5,1,2",
            "9,3,5",
            "10,1,1"
          ]
        },
        "3": {
          "level": 12,
          "star": 4,
          "id": 51073,
          "mainId": 5,
          "attrIds": [
            "4,1,0",
            "5,2,3",
            "11,1,0",
            "12,2,2"
          ]
        },
        "4": {
          "level": 8,
          "star": 4,
          "id": 51074,
          "mainId": 1,
          "attrIds": [
            "5,1,0",
            "8,1,0",
            "9,1,2",
            "10,1,2"
          ]
        },
        "5": {
          "level": 12,
          "star": 5,
          "id": 63055,
          "mainId": 5,
          "attrIds": [
            "2,1,2",
            "4,1,2",
            "7,3,3",
            "10,3,2"
          ]
        },
        "6": {
          "level": 1,
          "star": 5,
          "id": 63056,
          "mainId": 5,
          "attrIds": [
            "1,1,2",
            "8,1,1",
            "10,1,1",
            "12,1,2"
          ]
        }
      },
      "_source": "homo",
      "_time": 1686017504293,
      "_update": 1686017504293,
      "_talent": 1686017504293
    },
    "1204": {
      "name": "景元",
      "id": 1204,
      "elem": "雷",
      "level": 70,
      "promote": 5,
      "cons": 0,
      "talent": {
        "a": 3,
        "e": 8,
        "q": 8,
        "t": 8
      },
      "trees": [
        1204101,
        1204102,
        1204201,
        1204202,
        1204203,
        1204204,
        1204205,
        1204206,
        1204207
      ],
      "weapon": {
        "id": 23010,
        "level": 70,
        "promote": 5,
        "affix": 1
      },
      "artis": {
        "1": {
          "level": 15,
          "star": 5,
          "id": 61091,
          "mainId": 1,
          "attrIds": [
            "4,3,3",
            "8,2,3",
            "10,2,1",
            "12,1,0"
          ]
        },
        "2": {
          "level": 15,
          "star": 5,
          "id": 61092,
          "mainId": 1,
          "attrIds": [
            "4,4,5",
            "9,2,3",
            "10,1,1",
            "12,2,4"
          ]
        },
        "3": {
          "level": 12,
          "star": 5,
          "id": 61093,
          "mainId": 5,
          "attrIds": [
            "2,1,1",
            "3,4,4",
            "8,1,1",
            "10,1,0"
          ]
        },
        "4": {
          "level": 12,
          "star": 4,
          "id": 51094,
          "mainId": 2,
          "attrIds": [
            "2,2,2",
            "8,1,1",
            "9,2,1",
            "11,2,2"
          ]
        },
        "5": {
          "level": 15,
          "star": 5,
          "id": 63065,
          "mainId": 7,
          "attrIds": [
            "2,1,0",
            "3,3,3",
            "6,3,3",
            "11,1,1"
          ]
        },
        "6": {
          "level": 15,
          "star": 5,
          "id": 63066,
          "mainId": 4,
          "attrIds": [
            "1,2,1",
            "9,2,2",
            "11,2,2",
            "12,2,1"
          ]
        }
      },
      "_source": "homo",
      "_time": 1686017504294,
      "_update": 1686017504294,
      "_talent": 1686017504294
    },
    "1211": {
      "name": "白露",
      "id": 1211,
      "elem": "雷",
      "level": 70,
      "promote": 5,
      "cons": 0,
      "talent": {
        "a": 3,
        "e": 8,
        "q": 8,
        "t": 8
      },
      "trees": [
        1211101,
        1211102,
        1211201,
        1211202,
        1211203,
        1211204,
        1211205
      ],
      "weapon": {
        "id": 21021,
        "level": 60,
        "promote": 4,
        "affix": 2
      },
      "artis": {
        "1": {
          "level": 12,
          "star": 4,
          "id": 51011,
          "mainId": 1,
          "attrIds": [
            "3,1,2",
            "4,3,3",
            "7,1,2",
            "8,1,0"
          ]
        },
        "2": {
          "level": 12,
          "star": 4,
          "id": 51012,
          "mainId": 1,
          "attrIds": [
            "1,2,0",
            "4,1,0",
            "7,2,1",
            "9,1,0"
          ]
        },
        "3": {
          "level": 12,
          "star": 4,
          "id": 55001,
          "mainId": 1,
          "attrIds": [
            "2,3,4",
            "6,1,1",
            "9,1,2",
            "12,2,4"
          ]
        },
        "4": {
          "level": 12,
          "star": 4,
          "id": 55002,
          "mainId": 1,
          "attrIds": [
            "5,2,2",
            "6,1,1",
            "9,2,2",
            "11,2,3"
          ]
        },
        "5": {
          "level": 1,
          "star": 4,
          "id": 53055,
          "mainId": 1,
          "attrIds": [
            "6,1,1",
            "8,1,1"
          ]
        },
        "6": {
          "level": 12,
          "star": 4,
          "id": 53026,
          "mainId": 3,
          "attrIds": [
            "1,2,0",
            "7,2,1",
            "8,1,2",
            "10,1,2"
          ]
        }
      },
      "_source": "homo",
      "_time": 1686017504295,
      "_update": 1686017504295,
      "_talent": 1686017504295
    }
  }
}