{
  "uid": "103497422",
  "name": "",
  "level": "",
  "word": "",
  "face": "",
  "card": "",
  "sign": "",
  "info": false,
  "_profile": 1686017633284,
  "avatars": {
    "1003": {
      "name": "姬子",
      "id": 1003,
      "elem": "火",
      "level": 60,
      "promote": 4,
      "cons": 0,
      "talent": {
        "a": 3,
        "e": 5,
        "q": 5,
        "t": 4
      },
      "trees": [
        1003101,
        1003102,
        1003201,
        1003202,
        1003203
      ],
      "weapon": {
        "id": 21013,
        "level": 60,
        "promote": 4,
        "affix": 1
      },
      "artis": {
        "1": {
          "level": 3,
          "star": 4,
          "id": 51021,
          "mainId": 1,
          "attrIds": [
            "5,1,2",
            "6,1,0",
            "10,1,2"
          ]
        },
        "2": {
          "level": 1,
          "star": 4,
          "id": 51022,
          "mainId": 1,
          "attrIds": [
            "6,1,1",
            "10,1,2"
          ]
        },
        "3": {
          "level": 3,
          "star": 4,
          "id": 55003,
          "mainId": 1,
          "attrIds": [
            "6,1,2",
            "10,1,2",
            "11,1,2",
            "12,1,0"
          ]
        },
        "4": {
          "level": 12,
          "star": 4,
          "id": 51024,
          "mainId": 4,
          "attrIds": [
            "1,1,0",
            "2,2,4",
            "5,1,1",
            "8,3,2"
          ]
        },
        "5": {
          "level": 1,
          "star": 3,
          "id": 43015,
          "mainId": 5,
          "attrIds": [
            "6,1,2"
          ]
        },
        "6": {
          "level": 1,
          "star": 3,
          "id": 43016,
          "mainId": 4,
          "attrIds": [
            "4,1,0"
          ]
        }
      },
      "_source": "homo",
      "_time": 1686017633282,
      "_update": 1686017633282,
      "_talent": 1686017633282
    },
    "1101": {
      "name": "布洛妮娅",
      "id": 1101,
      "elem": "风",
      "level": 60,
      "promote": 4,
      "cons": 0,
      "talent": {
        "a": 3,
        "e": 6,
        "q": 6,
        "t": 4
      },
      "trees": [
        1101101,
        1101201,
        1101202,
        1101204
      ],
      "weapon": {
        "id": 20012,
        "level": 50,
        "promote": 3,
        "affix": 4
      },
      "artis": {
        "1": {
          "level": 1,
          "star": 4,
          "id": 51021,
          "mainId": 1,
          "attrIds": [
            "5,1,2",
            "6,1,1"
          ]
        },
        "2": {
          "level": 1,
          "star": 3,
          "id": 41022,
          "mainId": 1,
          "attrIds": [
            "1,1,2"
          ]
        },
        "3": {
          "level": 1,
          "star": 3,
          "id": 41023,
          "mainId": 3,
          "attrIds": [
            "5,1,2"
          ]
        },
        "4": {
          "level": 1,
          "star": 4,
          "id": 51024,
          "mainId": 2,
          "attrIds": [
            "7,1,0",
            "10,1,1",
            "12,1,1"
          ]
        },
        "5": {
          "level": 1,
          "star": 4,
          "id": 53025,
          "mainId": 8,
          "attrIds": [
            "5,1,1",
            "12,1,0"
          ]
        },
        "6": {
          "level": 1,
          "star": 4,
          "id": 53026,
          "mainId": 3,
          "attrIds": [
            "2,1,2",
            "10,1,2",
            "11,1,0"
          ]
        }
      },
      "_source": "homo",
      "_time": 1686017633283,
      "_update": 1686017633283,
      "_talent": 1686017633283
    },
    "1206": {
      "name": "素裳",
      "id": 1206,
      "elem": "物理",
      "level": 60,
      "promote": 4,
      "cons": 1,
      "talent": {
        "a": 4,
        "e": 6,
        "q": 6,
        "t": 6
      },
      "trees": [
        1206101,
        1206102,
        1206201,
        1206202,
        1206203,
        1206204,
        1206205
      ],
      "weapon": {
        "id": 21017,
        "level": 60,
        "promote": 4,
        "affix": 1
      },
      "artis": {
        "1": {
          "level": 10,
          "star": 4,
          "id": 51051,
          "mainId": 1,
          "attrIds": [
            "2,2,2",
            "3,2,4",
            "4,1,1",
            "10,1,2"
          ]
        },
        "2": {
          "level": 12,
          "star": 4,
          "id": 51052,
          "mainId": 1,
          "attrIds": [
            "1,1,2",
            "7,2,2",
            "9,2,2",
            "12,2,1"
          ]
        },
        "3": {
          "level": 12,
          "star": 4,
          "id": 55006,
          "mainId": 1,
          "attrIds": [
            "1,1,2",
            "2,1,1",
            "6,3,3",
            "9,2,2"
          ]
        },
        "4": {
          "level": 1,
          "star": 4,
          "id": 51054,
          "mainId": 2,
          "attrIds": [
            "2,1,2",
            "3,1,2"
          ]
        },
        "5": {
          "level": 1,
          "star": 4,
          "id": 53025,
          "mainId": 4,
          "attrIds": [
            "8,1,1",
            "9,1,2"
          ]
        },
        "6": {
          "level": 1,
          "star": 4,
          "id": 53026,
          "mainId": 4,
          "attrIds": [
            "8,1,1",
            "11,1,0"
          ]
        }
      },
      "_source": "homo",
      "_time": 1686017633284,
      "_update": 1686017633284,
      "_talent": 1686017633284
    }
  }
}