{
  "uid": "104062151",
  "name": "",
  "level": "",
  "word": "",
  "face": "",
  "card": "",
  "sign": "",
  "info": false,
  "_profile": 1686018415623,
  "avatars": {
    "1004": {
      "name": "瓦尔特",
      "id": 1004,
      "elem": "虚数",
      "level": 70,
      "promote": 5,
      "cons": 0,
      "talent": {
        "a": 3,
        "e": 8,
        "q": 8,
        "t": 8
      },
      "trees": [
        1004101,
        1004102,
        1004201,
        1004202,
        1004203,
        1004204,
        1004205,
        1004206,
        1004207
      ],
      "weapon": {
        "id": 23004,
        "level": 70,
        "promote": 5,
        "affix": 1
      },
      "artis": {
        "1": {
          "level": 9,
          "star": 5,
          "id": 61121,
          "mainId": 1,
          "attrIds": [
            "3,2,2",
            "4,2,0",
            "6,1,1",
            "10,2,2"
          ]
        },
        "2": {
          "level": 10,
          "star": 5,
          "id": 61122,
          "mainId": 1,
          "attrIds": [
            "3,1,2",
            "4,2,2",
            "10,2,2",
            "11,1,2"
          ]
        },
        "3": {
          "level": 15,
          "star": 5,
          "id": 61123,
          "mainId": 5,
          "attrIds": [
            "5,2,1",
            "8,1,2",
            "11,3,5",
            "12,2,2"
          ]
        },
        "4": {
          "level": 10,
          "star": 5,
          "id": 61124,
          "mainId": 1,
          "attrIds": [
            "6,2,3",
            "7,1,1",
            "10,2,3",
            "12,1,1"
          ]
        },
        "5": {
          "level": 15,
          "star": 5,
          "id": 63065,
          "mainId": 10,
          "attrIds": [
            "5,1,2",
            "8,3,5",
            "9,1,1",
            "12,3,4"
          ]
        },
        "6": {
          "level": 13,
          "star": 5,
          "id": 63066,
          "mainId": 4,
          "attrIds": [
            "1,2,2",
            "2,2,3",
            "3,2,2",
            "8,2,1"
          ]
        }
      },
      "_source": "homo",
      "_time": 1686018415621,
      "_update": 1686018415621,
      "_talent": 1686018415621
    },
    "1102": {
      "name": "希儿",
      "id": 1102,
      "elem": "量子",
      "level": 70,
      "promote": 5,
      "cons": 0,
      "talent": {
        "a": 4,
        "e": 8,
        "q": 8,
        "t": 8
      },
      "trees": [
        1102101,
        1102102,
        1102201,
        1102202,
        1102203,
        1102204,
        1102205,
        1102206,
        1102207
      ],
      "weapon": {
        "id": 23001,
        "level": 70,
        "promote": 5,
        "affix": 1
      },
      "artis": {
        "1": {
          "level": 15,
          "star": 5,
          "id": 61081,
          "mainId": 1,
          "attrIds": [
            "2,2,0",
            "5,4,4",
            "8,2,1",
            "9,1,1"
          ]
        },
        "2": {
          "level": 13,
          "star": 5,
          "id": 61082,
          "mainId": 1,
          "attrIds": [
            "1,1,2",
            "5,2,2",
            "8,2,2",
            "11,2,2"
          ]
        },
        "3": {
          "level": 15,
          "star": 5,
          "id": 61083,
          "mainId": 4,
          "attrIds": [
            "3,2,4",
            "4,1,1",
            "6,3,3",
            "7,2,2"
          ]
        },
        "4": {
          "level": 15,
          "star": 5,
          "id": 61084,
          "mainId": 2,
          "attrIds": [
            "1,1,0",
            "2,2,2",
            "4,3,1",
            "9,3,3"
          ]
        },
        "5": {
          "level": 15,
          "star": 5,
          "id": 63065,
          "mainId": 9,
          "attrIds": [
            "4,1,0",
            "5,4,4",
            "9,1,2",
            "10,2,2"
          ]
        },
        "6": {
          "level": 15,
          "star": 5,
          "id": 63066,
          "mainId": 4,
          "attrIds": [
            "1,2,1",
            "3,1,0",
            "9,3,5",
            "11,3,5"
          ]
        }
      },
      "_source": "homo",
      "_time": 1686018415622,
      "_update": 1686018415622,
      "_talent": 1686018415622
    },
    "1204": {
      "name": "景元",
      "id": 1204,
      "elem": "雷",
      "level": 70,
      "promote": 5,
      "cons": 0,
      "talent": {
        "a": 2,
        "e": 7,
        "q": 8,
        "t": 8
      },
      "trees": [
        1204101,
        1204102,
        1204201,
        1204202,
        1204203,
        1204204,
        1204205,
        1204206,
        1204207
      ],
      "weapon": {
        "id": 23010,
        "level": 70,
        "promote": 5,
        "affix": 1
      },
      "artis": {
        "1": {
          "level": 7,
          "star": 5,
          "id": 61091,
          "mainId": 1,
          "attrIds": [
            "2,1,2",
            "4,2,1",
            "6,1,1",
            "9,1,0"
          ]
        },
        "2": {
          "level": 15,
          "star": 5,
          "id": 61092,
          "mainId": 1,
          "attrIds": [
            "1,3,5",
            "8,1,0",
            "9,3,2",
            "12,1,0"
          ]
        },
        "3": {
          "level": 15,
          "star": 5,
          "id": 61093,
          "mainId": 4,
          "attrIds": [
            "2,1,2",
            "7,3,4",
            "11,2,0",
            "12,2,4"
          ]
        },
        "4": {
          "level": 15,
          "star": 5,
          "id": 61094,
          "mainId": 2,
          "attrIds": [
            "2,4,4",
            "3,2,1",
            "7,1,2",
            "12,1,2"
          ]
        },
        "5": {
          "level": 15,
          "star": 5,
          "id": 63065,
          "mainId": 7,
          "attrIds": [
            "1,1,0",
            "2,2,3",
            "3,1,2",
            "10,5,4"
          ]
        },
        "6": {
          "level": 12,
          "star": 5,
          "id": 63066,
          "mainId": 4,
          "attrIds": [
            "2,2,3",
            "3,3,2",
            "10,2,3",
            "12,1,2"
          ]
        }
      },
      "_source": "homo",
      "_time": 1686018415623,
      "_update": 1686018415623,
      "_talent": 1686018415623
    }
  }
}