{
  "uid": "111752920",
  "name": "",
  "level": "",
  "word": "",
  "face": "",
  "card": "",
  "sign": "",
  "info": false,
  "_profile": 1686017143584,
  "avatars": {
    "1101": {
      "name": "布洛妮娅",
      "id": 1101,
      "elem": "风",
      "level": 60,
      "promote": 4,
      "cons": 0,
      "talent": {
        "a": 1,
        "e": 4,
        "q": 4,
        "t": 2
      },
      "trees": [
        1101101,
        1101201
      ],
      "weapon": {
        "id": 21025,
        "level": 60,
        "promote": 4,
        "affix": 1
      },
      "artis": {
        "1": {
          "level": 1,
          "star": 4,
          "id": 51061,
          "mainId": 1,
          "attrIds": [
            "2,1,0",
            "5,1,1",
            "9,1,1"
          ]
        },
        "2": {
          "level": 1,
          "star": 4,
          "id": 51062,
          "mainId": 1,
          "attrIds": [
            "1,1,0",
            "5,1,2"
          ]
        },
        "3": {
          "level": 1,
          "star": 4,
          "id": 51063,
          "mainId": 1,
          "attrIds": [
            "6,1,0",
            "9,1,1"
          ]
        },
        "4": {
          "level": 1,
          "star": 4,
          "id": 51064,
          "mainId": 4,
          "attrIds": [
            "4,1,1",
            "12,1,1"
          ]
        },
        "5": {
          "level": 1,
          "star": 4,
          "id": 53075,
          "mainId": 8,
          "attrIds": [
            "4,1,2",
            "6,1,2",
            "11,1,0"
          ]
        },
        "6": {
          "level": 1,
          "star": 4,
          "id": 53076,
          "mainId": 3,
          "attrIds": [
            "10,1,2",
            "11,1,2"
          ]
        }
      },
      "_source": "homo",
      "_time": 1686017143583,
      "_update": 1686017143583,
      "_talent": 1686017143583
    }
  }
}