{
  "uid": "115430528",
  "name": "",
  "level": "",
  "word": "",
  "face": "",
  "card": "",
  "sign": "",
  "info": false,
  "_profile": 1686018297759,
  "avatars": {
    "1003": {
      "name": "姬子",
      "id": 1003,
      "elem": "火",
      "level": 50,
      "promote": 3,
      "cons": 0,
      "talent": {
        "a": 2,
        "e": 4,
        "q": 4,
        "t": 3
      },
      "trees": [
        1003101,
        1003201,
        1003202
      ],
      "weapon": {
        "id": 21027,
        "level": 50,
        "promote": 3,
        "affix": 1
      },
      "artis": {
        "1": {
          "level": 1,
          "star": 4,
          "id": 51021,
          "mainId": 1,
          "attrIds": [
            "2,1,0",
            "8,1,2"
          ]
        },
        "2": {
          "level": 12,
          "star": 4,
          "id": 51022,
          "mainId": 1,
          "attrIds": [
            "3,1,0",
            "5,2,3",
            "8,1,2",
            "9,2,4"
          ]
        },
        "3": {
          "level": 12,
          "star": 4,
          "id": 51023,
          "mainId": 4,
          "attrIds": [
            "3,2,2",
            "6,1,1",
            "7,2,3",
            "9,1,0"
          ]
        },
        "4": {
          "level": 12,
          "star": 4,
          "id": 51024,
          "mainId": 2,
          "attrIds": [
            "4,3,2",
            "6,1,1",
            "10,2,3",
            "12,1,2"
          ]
        },
        "5": {
          "level": 9,
          "star": 4,
          "id": 53015,
          "mainId": 5,
          "attrIds": [
            "3,1,1",
            "8,2,3",
            "11,1,1",
            "12,1,1"
          ]
        },
        "6": {
          "level": 9,
          "star": 4,
          "id": 53016,
          "mainId": 4,
          "attrIds": [
            "2,1,1",
            "3,1,0",
            "6,2,3",
            "8,1,1"
          ]
        }
      },
      "_source": "homo",
      "_time": 1686018297757,
      "_update": 1686018297757,
      "_talent": 1686018297757
    },
    "1101": {
      "name": "布洛妮娅",
      "id": 1101,
      "elem": "风",
      "level": 40,
      "promote": 2,
      "cons": 0,
      "talent": {
        "a": 2,
        "e": 3,
        "q": 3,
        "t": 3
      },
      "trees": [
        1101101,
        1101201,
        1101202
      ],
      "weapon": {
        "id": 21004,
        "level": 40,
        "promote": 2,
        "affix": 1
      },
      "artis": {
        "1": {
          "level": 1,
          "star": 3,
          "id": 41021,
          "mainId": 1,
          "attrIds": [
            "2,1,2",
            "4,1,0"
          ]
        },
        "2": {
          "level": 1,
          "star": 3,
          "id": 41022,
          "mainId": 1,
          "attrIds": [
            "3,1,2",
            "10,1,0"
          ]
        },
        "3": {
          "level": 1,
          "star": 4,
          "id": 51023,
          "mainId": 5,
          "attrIds": [
            "1,1,1",
            "2,1,2",
            "12,1,2"
          ]
        },
        "4": {
          "level": 1,
          "star": 4,
          "id": 51024,
          "mainId": 1,
          "attrIds": [
            "1,1,2",
            "12,1,1"
          ]
        },
        "5": {
          "level": 6,
          "star": 4,
          "id": 53025,
          "mainId": 2,
          "attrIds": [
            "3,1,2",
            "6,1,2",
            "8,1,0",
            "9,1,1"
          ]
        },
        "6": {
          "level": 1,
          "star": 4,
          "id": 53026,
          "mainId": 1,
          "attrIds": [
            "3,1,2",
            "6,1,0"
          ]
        }
      },
      "_source": "homo",
      "_time": 1686018297758,
      "_update": 1686018297758,
      "_talent": 1686018297758
    },
    "1104": {
      "name": "杰帕德",
      "id": 1104,
      "elem": "冰",
      "level": 50,
      "promote": 3,
      "cons": 0,
      "talent": {
        "a": 2,
        "e": 4,
        "q": 4,
        "t": 3
      },
      "trees": [
        1104101,
        1104201,
        1104202,
        1104204
      ],
      "weapon": {
        "id": 21016,
        "level": 50,
        "promote": 3,
        "affix": 1
      },
      "artis": {
        "1": {
          "level": 9,
          "star": 4,
          "id": 51031,
          "mainId": 1,
          "attrIds": [
            "3,1,2",
            "4,2,4",
            "6,1,1",
            "10,1,0"
          ]
        },
        "2": {
          "level": 9,
          "star": 4,
          "id": 51032,
          "mainId": 1,
          "attrIds": [
            "1,1,0",
            "9,1,1",
            "10,1,2",
            "11,2,2"
          ]
        },
        "3": {
          "level": 12,
          "star": 4,
          "id": 55004,
          "mainId": 1,
          "attrIds": [
            "1,2,1",
            "2,2,2",
            "11,2,2",
            "12,1,0"
          ]
        },
        "4": {
          "level": 12,
          "star": 4,
          "id": 55005,
          "mainId": 1,
          "attrIds": [
            "4,1,1",
            "8,2,2",
            "9,1,1",
            "11,3,3"
          ]
        },
        "5": {
          "level": 12,
          "star": 4,
          "id": 53025,
          "mainId": 3,
          "attrIds": [
            "2,1,2",
            "5,3,3",
            "9,1,1",
            "10,1,1"
          ]
        },
        "6": {
          "level": 12,
          "star": 4,
          "id": 53026,
          "mainId": 5,
          "attrIds": [
            "4,1,1",
            "5,2,1",
            "8,2,1",
            "12,1,1"
          ]
        }
      },
      "_source": "homo",
      "_time": 1686018297758,
      "_update": 1686018297758,
      "_talent": 1686018297758
    }
  }
}